{"type":"FeatureCollection", "features": [
{"type":"Feature","geometry":{"type":"Polygon","coordinates":[[[126.81529998779297,37.51999664306646],[126.82373046875,37.507080078125114],[126.82022094726562,37.49859619140631],[126.81889343261719,37.49234008789068],[126.8179931640625,37.482330322265625],[126.82092285156261,37.47631835937506],[126.821044921875,37.46989059448264],[126.83111572265625,37.46728515625],[126.83914947509766,37.465576171875],[126.84771728515625,37.4625244140625],[126.85146331787121,37.458263397216854],[126.85964202880871,37.45767974853527],[126.86969757080078,37.45543289184576],[126.88240051269531,37.446495056152344],[126.88923645019543,37.44088363647461],[126.89618682861328,37.438327789306754],[126.90575408935547,37.43700790405268],[126.91203308105469,37.43706512451183],[126.9188461303711,37.435295104980526],[126.92731475830078,37.4348983764649],[126.93968963623047,37.43491363525396],[126.94807434082031,37.436546325683594],[126.96645355224621,37.4409751892091],[126.97087860107433,37.44564819335949],[126.97967529296875,37.4462890625],[126.98571777343761,37.4462890625],[126.99249267578125,37.444885253906364],[126.99908447265636,37.44427490234381],[127.00531005859375,37.44427490234381],[127.01129150390636,37.444885253906364],[127.02078247070312,37.44851684570324],[127.03167724609386,37.4462890625],[127.03570556640636,37.43511962890631],[127.0386962890625,37.42950439453125],[127.04370117187511,37.42211914062506],[127.05249023437511,37.416870117187614],[127.06072998046886,37.41528320312506],[127.07391357421875,37.415527343750114],[127.0797119140625,37.41772460937506],[127.09417724609375,37.42881393432617],[127.11090087890625,37.428100585937614],[127.11688232421875,37.42749023437506],[127.12249755859386,37.428283691406364],[127.12974548339855,37.43190383911133],[127.13748168945312,37.43441009521496],[127.14649200439476,37.443012237548885],[127.15127563476574,37.44921875000006],[127.15613555908203,37.45626449584955],[127.1540298461914,37.46308898925781],[127.1533203125,37.47192382812506],[127.14947509765625,37.47991943359381],[127.14371490478516,37.483478546142635],[127.14624786376953,37.48863601684582],[127.14503479003918,37.4946174621582],[127.15151977539074,37.50005722045904],[127.1642074584961,37.509700775146484],[127.17089080810547,37.51730346679693],[127.16852569580078,37.52482986450201],[127.16244506835938,37.53081130981457],[127.1571044921875,37.535018920898494],[127.14945983886719,37.53629684448248],[127.13788604736328,37.536464691162166],[127.13057708740234,37.53364944458019],[127.12569427490257,37.536865234375],[127.12287902832043,37.543895721435604],[127.12341308593773,37.54969787597656],[127.1225051879884,37.55605316162115],[127.12270355224621,37.56305694580084],[127.1207046508789,37.56927871704107],[127.11641693115246,37.58682632446295],[127.11857604980469,37.596767425537166],[127.11932373046875,37.61279296875],[127.11791992187511,37.62109375000006],[127.11297607421886,37.63278198242199],[127.103515625,37.6395263671875],[127.10036468505871,37.650184631347656],[127.0918960571289,37.65525436401367],[127.08029174804688,37.65911865234369],[127.0697021484375,37.6602783203125],[127.06170654296875,37.65409469604492],[127.05597686767578,37.659492492675724],[127.04708862304688,37.661193847656364],[127.0220947265625,37.66491699218756],[127.01611328125,37.663085937500114],[127.01010894775413,37.65684127807623],[126.99591064453125,37.65228271484375],[126.9923095703125,37.64709472656244],[126.98575592041027,37.641212463378906],[126.97827148437511,37.638671875000114],[126.96590423583996,37.632122039794865],[126.95147705078125,37.63330078125006],[126.938720703125,37.633117675781364],[126.92327880859375,37.62927246093756],[126.917724609375,37.62750244140625],[126.90972900390625,37.625488281250114],[126.90393066406261,37.622070312500114],[126.90008544921886,37.61608886718756],[126.89617919921875,37.60787963867193],[126.89208984375011,37.596496582031364],[126.88751220703136,37.58752441406256],[126.87711334228516,37.573162078857536],[126.87211608886719,37.57256317138672],[126.86309814453136,37.56951904296875],[126.85650634765625,37.57012939453131],[126.85107421875011,37.568481445312614],[126.84289550781261,37.57128906250006],[126.83489990234386,37.57507324218756],[126.82867431640625,37.57690429687494],[126.823486328125,37.580688476562614],[126.81829833984409,37.57690429687494],[126.81240844726562,37.57330322265625],[126.80627441406295,37.56652832031256],[126.79327392578136,37.560302734375114],[126.79168701171875,37.55389404296875],[126.7884979248048,37.546493530273494],[126.77854919433594,37.53114318847656],[126.76985931396496,37.51542282104492],[126.77789306640625,37.51568603515619],[126.78750610351562,37.51339721679682],[126.79379272460938,37.510772705078125],[126.79931640625,37.51568603515619],[126.80548095703136,37.51672363281256],[126.81529998779297,37.51999664306646]]]},"properties":{"REGION":"서울"}},
{"type":"Feature","geometry":{"type":"MultiPolygon","coordinates":[[[[126.98715209960916,38.206905364989645],[126.98294830322277,38.20198059082031],[126.97559356689499,38.1996803283692],[126.96941375732456,38.19207000732422],[126.96450805664062,38.18052291870117],[126.96131896972668,38.162048339843864],[126.96199035644554,38.15790176391607],[126.97131347656261,38.14638900756836],[126.97116088867188,38.14318466186546],[126.96690368652344,38.13895034790039],[126.94912719726608,38.1312255859375],[126.93789672851597,38.126972198486555],[126.9184188842778,38.11333084106457],[126.899940490723,38.102638244628906],[126.89224243164108,38.09919738769531],[126.88201904296875,38.091239929199276],[126.8742904663086,38.080921173095646],[126.8682327270509,38.06505966186535],[126.86746215820324,38.05842208862299],[126.86341857910156,38.04615783691406],[126.85652160644554,38.03466796874994],[126.85009765625011,38.02728652954113],[126.84042358398472,38.01839065551758],[126.81974792480469,38.0031623840332],[126.8065338134769,37.99253463745123],[126.79322052001953,37.9798469543457],[126.78399658203125,37.96796035766613],[126.7780227661134,37.963539123535156],[126.76927185058605,37.962184906005916],[126.75457763671886,37.96374893188482],[126.74150085449219,37.962509155273494],[126.73005676269531,37.958934783935604],[126.71560668945312,37.952915191650504],[126.70628356933605,37.951110839843864],[126.69654846191429,37.95367431640625],[126.69246673583984,37.953098297119254],[126.68930816650402,37.953647613525504],[126.68578338623047,37.952365875244084],[126.68286895751964,37.94533538818365],[126.69024658203148,37.92862319946295],[126.69526672363293,37.91128921508795],[126.69454956054688,37.907871246338004],[126.69007873535168,37.89813613891607],[126.69032287597668,37.88391113281256],[126.69107055664074,37.874488830566406],[126.68923950195312,37.858951568603516],[126.67870330810547,37.83585357666021],[126.67681884765625,37.82203674316406],[126.66859436035156,37.79393768310558],[126.6671142578125,37.785064697265625],[126.66194152832043,37.783588409424],[126.63533782958996,37.783588409424],[126.62351226806652,37.779155731201286],[126.61095428466842,37.769550323486385],[126.602821350098,37.762897491455135],[126.59321594238327,37.76216125488281],[126.57917022705112,37.763637542724666],[126.56513214111374,37.76733398437523],[126.54739379882858,37.77693939209013],[126.54374694824219,37.78083038330078],[126.54125213623047,37.771804809570426],[126.53819274902344,37.77069473266607],[126.53624725341808,37.77236175537138],[126.53263854980503,37.771251678467024],[126.5259704589846,37.77013778686529],[126.52319335937511,37.768470764160156],[126.51875305175781,37.76430511474615],[126.51902770996139,37.76180648803722],[126.52458190917969,37.756248474121094],[126.52708435058594,37.75458145141596],[126.53041839599655,37.74958419799816],[126.53013610839844,37.74319458007824],[126.52819824218784,37.73680496215832],[126.5256958007817,37.732917785644645],[126.52430725097702,37.7279167175293],[126.5229187011721,37.72624969482416],[126.5229187011721,37.72347259521507],[126.52180480957031,37.7201385498048],[126.52124786376953,37.71402740478527],[126.5229187011721,37.71069335937523],[126.5287475585942,37.70735931396496],[126.53180694580124,37.7020835876466],[126.53263854980503,37.69902801513672],[126.53236389160179,37.695415496826286],[126.53319549560558,37.692359924316406],[126.53347015380905,37.686527252197266],[126.53097534179688,37.67958450317394],[126.52735900878952,37.674861907959155],[126.52735900878952,37.67291641235363],[126.53319549560558,37.672084808349666],[126.53958129882824,37.66847229003923],[126.53847503662155,37.665695190429744],[126.54402923584018,37.662918090820426],[126.54013824462936,37.66152954101568],[126.54069519042969,37.65874862670904],[126.53708648681686,37.65597152709955],[126.53152465820312,37.65513992309576],[126.53458404541016,37.65180587768555],[126.54069519042969,37.639305114746094],[126.54458618164108,37.63791656494152],[126.5506973266605,37.62791824340832],[126.55097198486328,37.625137329101676],[126.55430603027389,37.61847305297874],[126.55403137207031,37.615970611572266],[126.55513763427768,37.61430740356451],[126.55458068847679,37.60874938964855],[126.55735778808639,37.6056938171389],[126.55958557128906,37.60069274902372],[126.56847381591797,37.59402847290039],[126.57485961914108,37.58763885498047],[126.58125305175781,37.57985687255865],[126.58819580078125,37.57041549682623],[126.5868072509769,37.56708145141596],[126.5898590087894,37.56236267089872],[126.59291839599632,37.563194274902514],[126.59652709960972,37.56208419799816],[126.60597229003918,37.55513763427746],[126.60597229003918,37.55291748046875],[126.60180664062545,37.55208206176758],[126.59263610839866,37.54819488525396],[126.58875274658203,37.54791641235357],[126.5868072509769,37.54652786254883],[126.57930755615268,37.54486083984369],[126.56764221191418,37.540138244628906],[126.56458282470714,37.539306640625114],[126.54736328125,37.52680587768566],[126.54096984863315,37.52152633666992],[126.53150177001976,37.524860382080135],[126.5254135131836,37.524581909179744],[126.5256958007817,37.52763748168945],[126.52263641357445,37.530971527099666],[126.51791381835938,37.53125],[126.51736450195324,37.534305572509766],[126.51180267333984,37.534027099609375],[126.5045852661134,37.530971527099666],[126.49986267089844,37.53125],[126.49847412109375,37.530418395996094],[126.49624633789062,37.52569580078131],[126.4959716796875,37.52097320556669],[126.49485778808605,37.513195037841854],[126.4934692382817,37.51263809204107],[126.49097442626976,37.507362365722884],[126.48986053466831,37.507362365722884],[126.48625183105469,37.504306793213004],[126.48208618164097,37.50263977050787],[126.47708129882847,37.49958419799822],[126.46875000000023,37.499027252197266],[126.45708465576172,37.499305725097656],[126.44902801513717,37.50013732910162],[126.44847106933628,37.499027252197266],[126.43541717529297,37.499027252197266],[126.41819763183628,37.4973602294923],[126.40652465820312,37.49041748046881],[126.40430450439453,37.489582061767635],[126.38375091552746,37.478473663330305],[126.37652587890636,37.47375106811529],[126.37374877929722,37.472915649414176],[126.36458587646496,37.475139617920036],[126.35902404785156,37.47347259521513],[126.35847473144531,37.47152709960943],[126.35458374023449,37.46763992309576],[126.35569763183639,37.466526031494254],[126.35624694824219,37.46236038208019],[126.35958099365268,37.460414886474894],[126.36069488525402,37.45708465576183],[126.36347198486351,37.45569610595709],[126.36930847168003,37.45624923706066],[126.37069702148472,37.45319366455101],[126.36930847168003,37.45264053344721],[126.36791992187511,37.449306488037166],[126.3687515258789,37.44712448120134],[126.3718032836914,37.448192596435604],[126.37291717529342,37.445972442626896],[126.3718032836914,37.44430541992199],[126.3670806884769,37.44486236572294],[126.3640289306644,37.442638397216854],[126.36819458007812,37.44069290161133],[126.37541961669956,37.44069290161133],[126.37763977050827,37.437362670898665],[126.3804168701173,37.4345817565918],[126.38291931152366,37.43624877929693],[126.38180541992188,37.43930435180681],[126.38513946533237,37.44097137451172],[126.39097595214844,37.43791580200207],[126.38986206054699,37.44097137451172],[126.39013671875,37.443195343017635],[126.39347076416061,37.44513702392578],[126.39680480957031,37.44541549682634],[126.4023590087894,37.44208145141607],[126.40264129638683,37.43847274780302],[126.39986419677734,37.43569564819336],[126.39541625976585,37.434028625488395],[126.39319610595714,37.434028625488395],[126.39347076416061,37.431251525878906],[126.3965301513673,37.43319320678705],[126.39986419677734,37.433750152588004],[126.40180206298851,37.43291854858404],[126.40541839599643,37.43597412109392],[126.40652465820312,37.43819427490263],[126.40958404541016,37.43819427490263],[126.4134750366211,37.43597412109392],[126.4165267944336,37.43264007568365],[126.4190292358403,37.42763900756847],[126.41819763183628,37.422359466552734],[126.41374969482456,37.42124938964855],[126.41208648681675,37.41986083984381],[126.41291809082077,37.41597366333036],[126.41625213623047,37.4162483215332],[126.41735839843795,37.41930389404325],[126.41930389404297,37.42041778564459],[126.42680358886719,37.422359466552734],[126.43930816650425,37.42069625854498],[126.44403076171886,37.42152786254894],[126.45402526855469,37.42708206176752],[126.45625305175793,37.427917480468864],[126.460693359375,37.431251525878906],[126.46958160400402,37.43652725219732],[126.47791290283226,37.44069290161133],[126.4854202270509,37.44486236572294],[126.48791503906261,37.44736099243164],[126.48958587646484,37.45069503784191],[126.49930572509766,37.460414886474894],[126.50291442871094,37.463470458984375],[126.50819396972656,37.466251373291016],[126.51597595214889,37.46847152709955],[126.5206909179692,37.469306945800895],[126.5265274047855,37.472362518310774],[126.53013610839844,37.47347259521513],[126.52986145019543,37.47569274902344],[126.53708648681686,37.48291778564453],[126.54096984863315,37.481803894043196],[126.54347229003906,37.477916717529354],[126.54819488525413,37.476806640625],[126.55208587646518,37.476806640625],[126.55513763427768,37.47763824462896],[126.56513977050793,37.47874832153332],[126.57263946533237,37.48597335815458],[126.57597351074219,37.48764038085932],[126.57791900634777,37.48736190795893],[126.58291625976608,37.4906959533692],[126.5826416015625,37.493473052978686],[126.58013916015648,37.4948616027832],[126.57986450195358,37.49708175659174],[126.57763671875011,37.498474121093864],[126.57707977294956,37.502082824707315],[126.57763671875011,37.504859924316406],[126.57597351074219,37.50597381591814],[126.56874847412155,37.50819396972685],[126.56791687011753,37.51180648803711],[126.56291961669922,37.515972137451115],[126.56014251708984,37.515972137451115],[126.55486297607433,37.51847076416021],[126.54708099365268,37.51819610595703],[126.54235839843784,37.52041625976574],[126.54846954345737,37.52569580078131],[126.55458068847679,37.530418395996094],[126.56097412109398,37.53486251831072],[126.56569671630905,37.53874969482433],[126.57180786132858,37.5404167175293],[126.57458496093761,37.53736114501959],[126.57680511474632,37.53763961791998],[126.57819366455078,37.539859771728516],[126.57791900634777,37.542640686035156],[126.5826416015625,37.54375076293951],[126.58819580078125,37.54597091674805],[126.59986114501964,37.54986190795927],[126.60514068603516,37.55014038085943],[126.60541534423851,37.54430389404314],[126.60514068603516,37.539306640625114],[126.59874725341842,37.539306640625114],[126.59791564941406,37.53763961791998],[126.59874725341842,37.53319549560558],[126.60430908203125,37.53319549560558],[126.60485839843795,37.52624893188488],[126.6106948852539,37.52652740478527],[126.61264038085949,37.51569366455095],[126.60236358642601,37.51652908325207],[126.60263824462925,37.513195037841854],[126.60485839843795,37.51124954223633],[126.60958099365246,37.5087509155274],[126.60986328125,37.50652694702154],[126.60346984863327,37.50680541992193],[126.60346984863327,37.50569534301758],[126.6129150390625,37.50569534301758],[126.6129150390625,37.50013732910162],[126.61347198486328,37.49652862548834],[126.62374877929722,37.49625015258795],[126.62708282470703,37.49763870239269],[126.63291931152344,37.50097274780296],[126.63263702392578,37.50347137451166],[126.63569641113327,37.50541687011719],[126.63986206054688,37.50541687011719],[126.6406936645509,37.499027252197266],[126.6393051147461,37.495418548583984],[126.64347076416038,37.49458312988304],[126.64736175537121,37.4923629760745],[126.6470870971682,37.4906959533692],[126.6362533569336,37.4948616027832],[126.63014221191406,37.492637634277344],[126.62708282470703,37.492637634277344],[126.62180328369152,37.49152755737316],[126.61653137207031,37.49124908447277],[126.60958099365246,37.48764038085932],[126.60763549804688,37.48541641235363],[126.60319519042969,37.48485946655285],[126.59680938720714,37.47735977172857],[126.59708404541016,37.475418090820426],[126.59486389160156,37.47152709960943],[126.59791564941406,37.469306945800895],[126.59902954101585,37.466804504394815],[126.59847259521484,37.46513748168951],[126.59291839599632,37.4654159545899],[126.59402465820312,37.46125030517584],[126.59402465820312,37.45347213745117],[126.59014129638683,37.44985961914074],[126.59041595458996,37.44569396972673],[126.59291839599632,37.448192596435604],[126.59291839599632,37.44235992431646],[126.59625244140636,37.4415283203125],[126.6031951904298,37.4415283203125],[126.60346984863327,37.442638397216854],[126.60736083984375,37.44458389282255],[126.60874938964866,37.448749542236385],[126.6106948852539,37.45236206054682],[126.61235809326206,37.45124816894531],[126.6106948852539,37.44763946533203],[126.61319732666061,37.44569396972673],[126.61347198486328,37.443473815918196],[126.60986328125,37.44430541992199],[126.60819244384766,37.4415283203125],[126.60902404785168,37.43930435180681],[126.61347198486328,37.43680572509771],[126.60986328125,37.43041610717779],[126.6129150390625,37.429584503174],[126.62541961669933,37.42958450317383],[126.6259689331057,37.43319320678705],[126.63014221191406,37.43902969360357],[126.6304168701173,37.44458389282238],[126.62930297851562,37.44708251953125],[126.63153076171886,37.44763946533203],[126.63430786132812,37.431251525878906],[126.63903045654297,37.41513824462902],[126.64263916015636,37.41069412231445],[126.64708709716797,37.40652847290039],[126.65347290039074,37.402084350585994],[126.65513610839844,37.40013885498047],[126.66180419921875,37.39513778686529],[126.66652679443393,37.39236068725597],[126.66986083984386,37.389595031738395],[126.6759719848634,37.387359619140625],[126.6834716796875,37.38652801513683],[126.67319488525402,37.375415802002124],[126.6523590087894,37.35402679443365],[126.6490249633789,37.35013961791998],[126.64541625976562,37.34819412231468],[126.64263916015659,37.34791564941429],[126.6193084716798,37.34791564941429],[126.61541748046909,37.34819412231468],[126.61875152587902,37.351806640625114],[126.6201400756836,37.355140686035156],[126.59708404541016,37.355140686035156],[126.59625244140636,37.354862213134766],[126.59625244140636,37.34736251831049],[126.59513854980503,37.346527099609375],[126.5915298461914,37.33958435058622],[126.58652496337902,37.33847045898449],[126.58875274658203,37.33680725097656],[126.59263610839866,37.33680725097656],[126.59263610839866,37.33874893188488],[126.59680175781261,37.346248626708984],[126.60208129882835,37.346248626708984],[126.60597229003918,37.34708404541033],[126.64263916015659,37.34708404541033],[126.64541625976562,37.34736251831049],[126.65041351318371,37.35069274902338],[126.65319824218773,37.35402679443365],[126.66791534423828,37.3690261840822],[126.6843032836914,37.38652801513683],[126.68819427490257,37.38652801513683],[126.69403076171875,37.38513946533209],[126.70625305175781,37.38319396972679],[126.71236419677734,37.381805419922046],[126.7143020629884,37.3823623657226],[126.72208404541016,37.3823623657226],[126.72486114501953,37.384864807128906],[126.73735809326217,37.39736175537115],[126.7401351928711,37.39736175537115],[126.7437515258789,37.401805877685604],[126.74319458007824,37.40569305419922],[126.73958587646518,37.40652847290039],[126.73874664306686,37.407638549804744],[126.73902893066429,37.413192749023494],[126.73986053466808,37.414028167724666],[126.73986053466808,37.42069625854498],[126.73874664306686,37.42152786254894],[126.73847198486328,37.42597198486334],[126.7404174804692,37.42597198486334],[126.74097442626953,37.42152786254894],[126.74236297607445,37.42069625854498],[126.74236297607445,37.4176406860351],[126.7437515258789,37.41513824462902],[126.7437515258789,37.41125106811518],[126.74458312988281,37.40708160400396],[126.7481918334961,37.407638549804744],[126.75096893310581,37.41013717651367],[126.7523574829105,37.4156951904298],[126.75180816650413,37.416805267334155],[126.7468032836914,37.4181938171389],[126.74597167968761,37.42069625854498],[126.7487487792971,37.42124938964855],[126.75069427490234,37.419029235839844],[126.75458526611374,37.4181938171389],[126.75597381591808,37.416805267334155],[126.75430297851562,37.41208267211914],[126.75430297851562,37.407638549804744],[126.75208282470714,37.40708160400396],[126.74986267089844,37.404861450195256],[126.7515258789067,37.40124893188482],[126.76486206054699,37.40013885498047],[126.76819610595737,37.40291595458996],[126.7715301513673,37.40263748168957],[126.76625061035156,37.39791488647478],[126.76763916015648,37.396526336670036],[126.7756958007817,37.396526336670036],[126.7820816040039,37.39569473266624],[126.77708435058639,37.39208221435541],[126.77430725097679,37.39374923706055],[126.76875305175793,37.39402770996094],[126.76569366455078,37.393470764160156],[126.76235961914074,37.39708328247099],[126.75263977050793,37.39708328247099],[126.74624633789074,37.39819335937494],[126.74319458007824,37.39791488647478],[126.741249084473,37.39569473266624],[126.7370834350586,37.39402770996094],[126.73402404785156,37.38958358764671],[126.73458099365234,37.387084960937614],[126.73902893066429,37.387916564941406],[126.74180603027389,37.38319396972679],[126.73902893066429,37.378471374511776],[126.73902893066429,37.373195648193416],[126.7381973266605,37.3709716796875],[126.73458099365234,37.367362976074446],[126.72347259521496,37.36125183105469],[126.71819305419922,37.357917785644645],[126.70930480957031,37.357639312744254],[126.70791625976597,37.35680389404291],[126.70735931396507,37.35374832153326],[126.70097351074241,37.35041809082037],[126.69875335693371,37.35041809082037],[126.69291687011764,37.348751068115234],[126.68846893310581,37.348751068115234],[126.68653106689453,37.34541702270519],[126.68569183349621,37.340694427490405],[126.69041442871094,37.33986282348661],[126.69125366210983,37.33625030517578],[126.6801376342778,37.33263778686535],[126.67124938964878,37.33041763305664],[126.67041778564499,37.32986068725586],[126.65847015380893,37.32652664184582],[126.65513610839844,37.326248168945426],[126.65347290039074,37.32485961914068],[126.63375091552734,37.3193054199221],[126.63263702392578,37.3193054199221],[126.61235809326206,37.314304351806925],[126.60652923583996,37.31013870239269],[126.59735870361374,37.305137634277344],[126.57819366455078,37.29402923583996],[126.57514190673828,37.29486083984375],[126.57653045654297,37.289306640625],[126.56735992431663,37.28347396850603],[126.56735992431663,37.28013992309576],[126.56291961669922,37.27763748168951],[126.55680847168003,37.27791595459007],[126.55680847168003,37.28263854980469],[126.55208587646518,37.28041839599615],[126.55152893066429,37.28347396850603],[126.54763793945358,37.285137176513786],[126.54374694824219,37.285137176513786],[126.53819274902344,37.287082672119084],[126.53319549560558,37.28985977172857],[126.53430175781284,37.28680419921869],[126.53736114501953,37.285137176513786],[126.53874969482445,37.282081604003906],[126.54402923584018,37.279304504394815],[126.54792022705078,37.27958297729498],[126.5487518310548,37.275970458984375],[126.55014038085938,37.27375030517584],[126.55486297607433,37.270694732666186],[126.55652618408203,37.26597213745117],[126.55874633789062,37.26569366455078],[126.55819702148472,37.258193969726506],[126.55986022949253,37.25680541992216],[126.56319427490234,37.25708389282255],[126.56153106689464,37.249305725097884],[126.55791473388683,37.24874877929693],[126.55791473388683,37.2470817565918],[126.56041717529342,37.246250152588004],[126.55958557128906,37.24236297607416],[126.56319427490234,37.23958206176769],[126.55764007568382,37.23652648925804],[126.55430603027389,37.23402786254894],[126.54680633544922,37.235416412353686],[126.54264068603527,37.23430633544933],[126.54430389404297,37.23125076293945],[126.54430389404297,37.229026794433764],[126.54041290283203,37.229026794433764],[126.54013824462936,37.22375106811535],[126.54541778564487,37.22375106811535],[126.54624938964889,37.219860076904354],[126.54902648925793,37.22291564941423],[126.5529174804692,37.22208404541044],[126.5529174804692,37.220695495605696],[126.55569458007812,37.21847152709961],[126.55458068847679,37.21486282348633],[126.5506973266605,37.21513748168957],[126.54708099365268,37.21625137329107],[126.54347229003906,37.21625137329107],[126.54208374023449,37.21374893188482],[126.54430389404297,37.21291732788086],[126.54569244384777,37.208473205566406],[126.54347229003906,37.2068061828615],[126.53930664062534,37.20708465576189],[126.53763580322266,37.205696105957145],[126.53458404541016,37.20041656494158],[126.53569793701195,37.19763946533209],[126.53847503662155,37.1973609924317],[126.54125213623047,37.20152664184593],[126.54569244384777,37.205139160156364],[126.5518035888673,37.205139160156364],[126.55652618408203,37.202362060546875],[126.5593032836914,37.199584960937784],[126.56041717529342,37.196250915527344],[126.56041717529342,37.19319534301786],[126.56319427490234,37.19208526611351],[126.56458282470714,37.193748474121094],[126.56791687011753,37.19513702392601],[126.56680297851562,37.19819259643566],[126.57013702392624,37.19819259643566],[126.56986236572266,37.20124816894537],[126.56791687011753,37.20180511474632],[126.56847381591797,37.20458221435558],[126.57208251953125,37.20763778686529],[126.57458496093761,37.21486282348633],[126.57847595214889,37.216804504394474],[126.58180236816406,37.216804504394474],[126.58208465576172,37.220417022705135],[126.5868072509769,37.219860076904354],[126.5868072509769,37.216804504394474],[126.58930206298851,37.21513748168957],[126.59263610839866,37.216804504394474],[126.59680175781261,37.21513748168957],[126.59791564941406,37.21236038208008],[126.60236358642601,37.208473205566406],[126.60652923583996,37.21208190917969],[126.60819244384766,37.2087516784668],[126.61042022705078,37.2087516784668],[126.6140289306644,37.2073593139649],[126.61569213867199,37.2093048095706],[126.61347198486328,37.211528778076286],[126.61347198486328,37.21625137329107],[126.61208343505871,37.217361450195426],[126.6148605346682,37.22291564941423],[126.61846923828159,37.22375106811535],[126.61819458007835,37.22708511352562],[126.61985778808594,37.229305267334155],[126.61985778808594,37.23236083984381],[126.6209716796875,37.235416412353686],[126.62347412109375,37.235137939453125],[126.6231918334961,37.22763824462902],[126.62264251708984,37.225971221923885],[126.62486267089855,37.22347259521479],[126.6251373291019,37.22152709960949],[126.62791442871105,37.220138549804744],[126.62847137451183,37.217361450195426],[126.63069152832054,37.21763992309582],[126.6406936645509,37.21486282348633],[126.64347076416038,37.21319580078142],[126.64680480957054,37.20986175537115],[126.64624786376999,37.20763778686529],[126.64097595214878,37.205139160156364],[126.64208221435547,37.20180511474632],[126.64097595214878,37.19597244262695],[126.64375305175804,37.1948623657226],[126.6451416015625,37.190971374511776],[126.64763641357433,37.19208526611351],[126.64763641357433,37.193748474121094],[126.6501388549807,37.196250915527344],[126.65041351318371,37.199859619140625],[126.6490249633789,37.20124816894537],[126.64875030517578,37.20458221435558],[126.65486145019531,37.21014022827154],[126.65374755859409,37.21291732788086],[126.6498641967778,37.214305877685774],[126.65180206298828,37.220695495605696],[126.65152740478561,37.22486114501953],[126.64569091796909,37.22847366333036],[126.63957977294956,37.22986221313471],[126.62930297851562,37.234584808349894],[126.62374877929722,37.23625183105463],[126.6231918334961,37.23930740356451],[126.62458038330101,37.24319458007835],[126.6193084716798,37.246250152588004],[126.62124633789085,37.24847030639654],[126.61569213867199,37.252082824706974],[126.61569213867199,37.25458145141607],[126.617919921875,37.25624847412121],[126.6170806884769,37.25902938842785],[126.61235809326206,37.25958251953125],[126.60819244384766,37.264305114746264],[126.60708618164108,37.26291656494152],[126.6040267944336,37.26291656494152],[126.60236358642601,37.261528015136776],[126.59902954101585,37.26235961914074],[126.59375000000011,37.26235961914074],[126.58652496337902,37.26763916015631],[126.58625030517601,37.269859313964844],[126.58291625976608,37.27375030517584],[126.58041381835949,37.272361755371094],[126.57875061035156,37.27486038208019],[126.5754165649414,37.27486038208019],[126.57319641113327,37.27680587768572],[126.57069396972668,37.27708435058611],[126.57152557373047,37.28013992309576],[126.57319641113327,37.2823600769043],[126.5754165649414,37.28291702270508],[126.57791900634777,37.28680419921869],[126.5826416015625,37.28874969482422],[126.58291625976608,37.29124832153332],[126.58097076416027,37.29180526733427],[126.58291625976608,37.29513931274414],[126.58541870117222,37.296249389648494],[126.59569549560592,37.302639007568416],[126.60375213623047,37.30708312988281],[126.61680603027344,37.313751220703125],[126.62180328369152,37.31486129760748],[126.64125061035168,37.320137023925895],[126.65985870361362,37.32541656494146],[126.66652679443393,37.32764053344732],[126.66874694824264,37.32791519165056],[126.67652893066418,37.33041763305664],[126.68708038330112,37.33291625976574],[126.69513702392612,37.33291625976574],[126.69541931152355,37.33013916015625],[126.69736480712936,37.33013916015625],[126.70236206054688,37.325973510742415],[126.70819091796886,37.32374954223633],[126.71375274658226,37.320133209228516],[126.73236083984375,37.30930709838873],[126.74236297607433,37.307640075683594],[126.74319458007812,37.30597305297846],[126.74736022949219,37.305137634277344],[126.7548599243164,37.30291748046881],[126.75875091552746,37.30125045776367],[126.77124786376987,37.29847335815458],[126.78291320800781,37.29430389404297],[126.79736328125011,37.296527862548885],[126.80708312988281,37.29708480834984],[126.8084716796875,37.29791641235363],[126.81652832031261,37.29735946655285],[126.81597137451183,37.29486083984375],[126.82041931152344,37.29208374023466],[126.82514190673851,37.287082672119084],[126.82763671875045,37.28263854980469],[126.82763671875045,37.28069305419916],[126.83125305175827,37.27819442749046],[126.83430480957077,37.278472900390625],[126.84347534179722,37.27319335937506],[126.84569549560592,37.269584655762],[126.84847259521484,37.26874923706066],[126.85180664062545,37.270694732666186],[126.85319519043014,37.272640228271484],[126.85847473144577,37.272914886474894],[126.85902404785156,37.27180480957054],[126.8568038940432,37.26930618286144],[126.85346984863304,37.26847076416027],[126.84986114501953,37.26597213745117],[126.85097503662143,37.26486206054682],[126.84902954101562,37.261249542236385],[126.8468017578125,37.25930404663086],[126.8451385498048,37.261249542236385],[126.84402465820335,37.26458358764643],[126.84014129638672,37.2679176330567],[126.83847045898449,37.270694732666186],[126.83069610595737,37.27541732788097],[126.82930755615246,37.2720832824707],[126.8268051147461,37.272640228271484],[126.82013702392624,37.27736282348627],[126.81513977050781,37.279026031494425],[126.81153106689453,37.279304504394815],[126.8106918334961,37.281250000000114],[126.81458282470703,37.285137176513786],[126.8126373291019,37.287361145019645],[126.80874633789108,37.28680419921869],[126.80374908447277,37.28430557250999],[126.80263519287132,37.279304504394815],[126.80458068847656,37.27430725097662],[126.80735778808639,37.27375030517584],[126.80874633789108,37.27180480957054],[126.80874633789108,37.26902770996105],[126.81014251708996,37.266803741455135],[126.80513763427768,37.26763916015631],[126.80236053466797,37.270416259765796],[126.79652404785168,37.27152633667015],[126.78986358642624,37.26763916015631],[126.78958129882812,37.26514053344738],[126.79041290283214,37.261528015136776],[126.79235839843784,37.25986099243164],[126.79264068603516,37.25708389282255],[126.79430389404297,37.25458526611345],[126.79624938964866,37.25374984741211],[126.79125213623047,37.24874877929693],[126.78847503662155,37.24819564819353],[126.78819274902344,37.24514007568365],[126.79458618164108,37.246250152588004],[126.79430389404297,37.24319458007835],[126.78736114501964,37.24236297607416],[126.78680419921898,37.24013900756847],[126.79069519043003,37.23847198486334],[126.78347015380882,37.23069381713867],[126.78291320800781,37.22763824462902],[126.77124786376987,37.21569442749052],[126.76875305175793,37.21569442749052],[126.76763916015648,37.220695495605696],[126.76041412353516,37.22097396850609],[126.75736236572266,37.223194122314396],[126.75736236572266,37.22486114501953],[126.76152801513695,37.225971221923885],[126.76319122314453,37.22819519042997],[126.76319122314453,37.23041534423851],[126.76152801513695,37.23347091674816],[126.75846862793003,37.234584808349894],[126.75819396972679,37.237640380859375],[126.75875091552746,37.244026184082315],[126.75708007812534,37.24486160278326],[126.75541687011753,37.24874877929693],[126.75791931152344,37.25097274780279],[126.75763702392624,37.2540283203125],[126.75541687011753,37.25485992431646],[126.7481918334961,37.25430679321289],[126.74236297607445,37.251804351806584],[126.73735809326217,37.24819564819353],[126.72902679443405,37.24736022949219],[126.72902679443405,37.24986267089844],[126.72680664062534,37.252639770507926],[126.72680664062534,37.255416870117244],[126.72541809082065,37.2565269470216],[126.72180938720703,37.2565269470216],[126.71902465820312,37.255416870117244],[126.71597290039062,37.255416870117244],[126.7104187011721,37.25875091552746],[126.70513916015636,37.25875091552746],[126.70291900634766,37.260692596435604],[126.69513702392612,37.26235961914074],[126.69152832031273,37.26235961914074],[126.68819427490257,37.26319503784208],[126.68541717529331,37.258472442626896],[126.6812515258789,37.25791549682634],[126.68069458007812,37.255973815918196],[126.67847442626999,37.2540283203125],[126.6801376342778,37.250137329101676],[126.67986297607422,37.24736022949219],[126.67485809326217,37.246807098388786],[126.67013549804688,37.24486160278326],[126.66708374023438,37.24486160278326],[126.66263580322288,37.245971679687614],[126.66208648681675,37.24319458007835],[126.66319274902355,37.241249084472656],[126.66124725341797,37.23930740356451],[126.66124725341797,37.237361907958984],[126.66430664062545,37.234584808349894],[126.66541290283203,37.23041534423851],[126.66652679443393,37.229026794433764],[126.66958618164097,37.229026794433764],[126.67069244384766,37.23097229003906],[126.6729202270509,37.23041534423851],[126.67236328125023,37.227939605713004],[126.67569732666038,37.22458267211914],[126.67569732666038,37.223194122314396],[126.67208099365257,37.22180557251005],[126.66958618164097,37.21902847290039],[126.66596984863304,37.21791839599621],[126.66652679443393,37.21347045898443],[126.66569519043014,37.210971832275504],[126.66625213623058,37.20791625976585],[126.66874694824264,37.205696105957145],[126.66930389404308,37.20319366455084],[126.67208099365257,37.199584960937784],[126.67485809326217,37.19902801513683],[126.67569732666038,37.196250915527344],[126.66986083984386,37.1954154968264],[126.66735839843795,37.196804046630916],[126.66319274902355,37.1973609924317],[126.66097259521484,37.196529388427734],[126.648193359375,37.18236160278332],[126.65264129638672,37.181804656982365],[126.65402984619152,37.17763900756836],[126.65652465820324,37.175971984863395],[126.65597534179733,37.173194885254134],[126.65847015380893,37.16958236694347],[126.65763854980514,37.167362213134766],[126.65847015380893,37.165138244628906],[126.66097259521484,37.164585113525675],[126.66097259521484,37.161529541015625],[126.65875244140625,37.15986251831049],[126.65569305419922,37.159027099609546],[126.65097045898449,37.15652847290045],[126.6501388549807,37.15375137329113],[126.65374755859409,37.15347290039057],[126.66041564941418,37.15430450439453],[126.66513824462925,37.15791702270519],[126.66764068603516,37.158473968506144],[126.66847229003906,37.155971527099666],[126.67152404785156,37.15652847290045],[126.68096923828159,37.159305572509936],[126.68291473388672,37.159027099609546],[126.68264007568371,37.15402603149437],[126.68708038330112,37.15375137329113],[126.69152832031273,37.1551399230957],[126.69125366210983,37.15180587768583],[126.68763732910202,37.149860382080135],[126.6834716796875,37.14875030517578],[126.68180847167991,37.14485931396496],[126.67903137207043,37.144027709960994],[126.67930603027378,37.140972137451286],[126.67514038085938,37.138748168945426],[126.6729202270509,37.138748168945426],[126.66791534423828,37.13708496093767],[126.66791534423828,37.13569259643555],[126.67152404785156,37.13569259643555],[126.6729202270509,37.13402938842779],[126.67736053466797,37.135139465332145],[126.67874908447288,37.132915496826456],[126.67874908447288,37.13069534301775],[126.68152618408249,37.1301383972168],[126.68374633789062,37.125972747802734],[126.68486022949241,37.12208175659191],[126.68486022949241,37.11902618408226],[126.67986297607422,37.114582061767635],[126.68235778808628,37.11152648925798],[126.6843032836914,37.11152648925798],[126.68791961669922,37.108749389648494],[126.68846893310581,37.11069488525419],[126.68680572509766,37.11319351196289],[126.68985748291016,37.11652755737316],[126.69264221191406,37.12208175659191],[126.69736480712936,37.12125015258795],[126.69875335693371,37.123195648193644],[126.70236206054688,37.12458419799799],[126.70207977294967,37.1268043518067],[126.70458221435558,37.129028320312614],[126.70486450195347,37.13097381591791],[126.70708465576217,37.132083892822266],[126.7129135131836,37.132362365722656],[126.7129135131836,37.129585266113565],[126.71902465820312,37.13152694702171],[126.7218017578125,37.13597106933594],[126.72486114501953,37.13763809204107],[126.72763824462936,37.137916564941634],[126.73097229003906,37.14263916015625],[126.74153137207031,37.152915954590014],[126.7465286254884,37.161529541015625],[126.75013732910202,37.167083740234375],[126.75541687011753,37.16680526733421],[126.75902557373058,37.16597366333002],[126.77708435058639,37.165138244628906],[126.77791595459018,37.167083740234375],[126.78097534179722,37.170139312744254],[126.78569793701172,37.169860839843864],[126.78597259521484,37.17208480834978],[126.78958129882812,37.17680740356457],[126.78791809082043,37.17874908447271],[126.78874969482422,37.182083129882756],[126.79319763183616,37.18319320678711],[126.79430389404297,37.18125152587896],[126.79180908203125,37.17541503906244],[126.79208374023438,37.17263793945318],[126.79458618164108,37.17263793945318],[126.79875183105469,37.170417785644645],[126.79652404785168,37.167640686035156],[126.79652404785168,37.165138244628906],[126.80069732666027,37.165138244628906],[126.80180358886719,37.16291809082037],[126.79736328125011,37.1595840454101],[126.79708099365246,37.158473968506144],[126.78597259521484,37.15625],[126.78152465820312,37.15402603149437],[126.78013610839889,37.152362823486385],[126.78291320800781,37.150417327880916],[126.79264068603516,37.150417327880916],[126.79680633544956,37.15208435058622],[126.80596923828148,37.15180587768583],[126.80819702148472,37.152915954590014],[126.81014251708996,37.15152740478527],[126.81402587890625,37.152915954590014],[126.82569122314464,37.152915954590014],[126.82847595214866,37.15124893188488],[126.8290252685548,37.148193359375],[126.82430267333984,37.14791488647461],[126.81402587890625,37.14597320556646],[126.80652618408237,37.146251678466854],[126.8076400756836,37.14347076416021],[126.81541442871116,37.14236068725586],[126.8173599243164,37.13902664184599],[126.81458282470703,37.137916564941634],[126.8126373291019,37.13986206054693],[126.8076400756836,37.140693664550724],[126.80430603027389,37.13624954223633],[126.80347442626987,37.13347244262701],[126.79958343505882,37.13347244262701],[126.79486083984375,37.13124847412115],[126.79319763183616,37.129581451416016],[126.78874969482422,37.129581451416016],[126.78375244140648,37.134860992431754],[126.78152465820312,37.135417938232536],[126.7790298461914,37.13347244262701],[126.77430725097679,37.13097381591791],[126.76875305175793,37.12736129760748],[126.76319122314453,37.12208175659191],[126.75902557373058,37.11680603027372],[126.75875091552746,37.11152648925798],[126.76125335693405,37.105972290039176],[126.76625061035156,37.097084045410156],[126.76457977294945,37.091251373291016],[126.76180267333996,37.07680511474604],[126.76125335693405,37.07013702392595],[126.76125335693405,37.059307098388786],[126.75680541992188,37.05541610717796],[126.749305725098,37.06208419799805],[126.7437515258789,37.06597137451172],[126.73208618164097,37.07569503784208],[126.71597290039062,37.08791732788097],[126.7140274047855,37.08986282348627],[126.70263671875,37.09875106811529],[126.70097351074241,37.09819412231451],[126.70569610595749,37.094306945800895],[126.7098617553711,37.091526031494425],[126.71541595458984,37.08680725097662],[126.71986389160202,37.08375167846691],[126.7273635864259,37.07736206054699],[126.7465286254884,37.06263732910185],[126.74986267089844,37.05986022949219],[126.75096893310581,37.05791854858404],[126.75458526611374,37.05541610717796],[126.75319671630905,37.053195953369425],[126.75069427490234,37.05152893066412],[126.7451400756836,37.04375076293945],[126.74430847167969,37.04013824462902],[126.74458312988281,37.03597259521496],[126.74791717529331,37.03180694580095],[126.7484741210942,37.029304504394474],[126.75402832031284,37.029582977295036],[126.78541564941406,37.029582977295036],[126.79152679443405,37.02847290039068],[126.79402923583996,37.026527404785384],[126.79513549804688,37.024028778076286],[126.79486083984375,37.018470764160156],[126.79680633544956,37.01652908325201],[126.79708099365246,37.008750915527344],[126.79180908203125,37.01041793823248],[126.78958129882812,37.00791549682617],[126.78597259521484,37.00569534301786],[126.78236389160156,37.00430679321312],[126.78125000000011,37.00180435180664],[126.78347015380882,37.00069427490229],[126.78347015380882,36.99819564819359],[126.78819274902344,36.994026184081974],[126.79152679443382,36.994026184081974],[126.79597473144543,36.99625015258789],[126.80791473388672,36.99514007568371],[126.8098602294923,36.99569320678711],[126.81903076171886,36.99375152587896],[126.82597351074219,36.99041748046875],[126.82597351074219,36.98791503906244],[126.82430267333984,36.98625183105469],[126.82653045654297,36.98485946655279],[126.83125305175793,36.97847366333002],[126.83319091796875,36.977638244628906],[126.835693359375,36.973472595214844],[126.83708190917969,36.973472595214844],[126.84097290039074,36.96875],[126.84041595458996,36.96569442749018],[126.84375,36.96152877807617],[126.84041595458996,36.962081909179744],[126.84041595458996,36.964584350585994],[126.83680725097668,36.96374893188488],[126.84236145019531,36.95569610595703],[126.84819793701183,36.95597076416021],[126.85152435302734,36.95458221435547],[126.85569763183594,36.95041656494146],[126.86235809326183,36.94930648803711],[126.86264038085938,36.947082519531364],[126.86680603027344,36.93375015258795],[126.86291503906261,36.932914733886776],[126.84319305419922,36.929862976074276],[126.84708404541027,36.92930603027355],[126.8540267944336,36.93069458007807],[126.85958099365234,36.93125152587902],[126.8709716796875,36.93347167968756],[126.88513946533203,36.93569564819347],[126.89125061035156,36.93541717529308],[126.89653015136719,36.932918548583984],[126.8973617553711,36.93152618408203],[126.90097045898438,36.929862976074276],[126.90347290039062,36.927639007568416],[126.90513610839844,36.92458343505871],[126.90569305419922,36.91347122192383],[126.9090270996096,36.91319274902344],[126.9090270996096,36.910137176513786],[126.90791320800793,36.90763854980469],[126.91077423095714,36.894859313965014],[126.91098785400436,36.89630126953131],[126.92132568359375,36.89947509765625],[126.93511962890625,36.89990234375006],[126.94128417968761,36.901672363281364],[126.95050048828125,36.9027099609375],[126.95840454101562,36.90451049804716],[126.96881103515625,36.90469360351568],[126.97808837890636,36.90667724609392],[126.98538208007847,36.90640258789068],[127.0244750976567,36.90087890625006],[127.03320312500011,36.900604248046875],[127.05419921875011,36.90609741210932],[127.06797790527355,36.90681838989258],[127.0791015625,36.90914916992182],[127.08508300781261,36.91210937500006],[127.08831787109398,36.91687011718756],[127.09359741210938,36.92291259765625],[127.10031127929688,36.92398071289074],[127.11250305175781,36.92354965209955],[127.11997222900413,36.925109863281364],[127.1298828125,36.92211914062494],[127.13851928710949,36.92059326171869],[127.1559829711914,36.913982391357536],[127.16351318359386,36.90969848632824],[127.17150878906261,36.908203125],[127.1798095703125,36.90380859374994],[127.18667602539062,36.89819335937506],[127.194091796875,36.895385742187614],[127.20531463623047,36.89249038696289],[127.21179199218761,36.88421630859375],[127.21951293945312,36.87899780273449],[127.22851562500011,36.876281738281364],[127.23541259765636,36.8759765625],[127.24148559570324,36.8739013671875],[127.24932861328136,36.86767578125006],[127.25531005859375,36.864501953125114],[127.268310546875,36.8529052734375],[127.27249145507812,36.859619140625],[127.27691650390625,36.86788940429699],[127.28079223632824,36.878601074218864],[127.29818725585949,36.88882446289068],[127.30767822265636,36.89147949218756],[127.3134765625,36.89227294921881],[127.32891845703125,36.89630126953131],[127.33831787109375,36.89770507812494],[127.35430908203125,36.90252685546875],[127.36370849609375,36.90380859374994],[127.3717041015625,36.90548706054699],[127.37768554687511,36.908325195312614],[127.38189697265636,36.91210937500006],[127.38668823242199,36.91751098632824],[127.39151000976562,36.92498779296875],[127.39471435546875,36.93270874023443],[127.39971923828125,36.941894531250114],[127.40219116210938,36.948883056640625],[127.41299438476574,36.95449829101574],[127.42849731445312,36.960693359375],[127.43415832519543,36.960693359375],[127.44348144531261,36.962707519531364],[127.44921875000011,36.964508056640625],[127.45071411132835,36.971496582031364],[127.47296142578125,36.992889404296875],[127.48388671875,36.99810791015631],[127.49151611328125,36.9932861328125],[127.49951171875,36.990722656250114],[127.535888671875,36.98608398437506],[127.55697631835949,36.985595703125114],[127.56455993652344,36.989501953125],[127.56549072265625,37.00250244140631],[127.5662841796875,37.008300781250114],[127.57031250000011,37.012512207031364],[127.58358764648438,37.01202392578131],[127.59469604492188,37.01480102539074],[127.60821533203125,37.01672363281244],[127.61602783203125,37.0234375],[127.62048339843761,37.03149414062506],[127.62829589843761,37.04730224609375],[127.63067626953125,37.057312011718864],[127.63348388671886,37.06390380859381],[127.634521484375,37.069519042968864],[127.63510131835938,37.082275390625114],[127.63711547851574,37.09091186523432],[127.63808441162121,37.0992050170899],[127.64392089843773,37.09710693359381],[127.65170288085938,37.09121704101568],[127.66018676757824,37.089996337890625],[127.66729736328125,37.09289550781256],[127.67510986328125,37.09675216674805],[127.68627929687511,37.10687255859381],[127.69158935546875,37.11309814453125],[127.69610595703125,37.12109375],[127.70111083984375,37.12670898437506],[127.70849609375,37.13372802734381],[127.71301269531261,37.139007568359375],[127.71771240234375,37.14669799804693],[127.72271728515636,37.152099609375114],[127.73028564453125,37.15869140625],[127.7349853515625,37.16351318359381],[127.7388916015625,37.17010498046875],[127.74652099609375,37.17910766601568],[127.74932861328125,37.18792724609381],[127.75311279296875,37.19610595703131],[127.75650024414074,37.20590209960949],[127.7655029296875,37.210083007812614],[127.7762222290039,37.21256256103527],[127.78311157226562,37.215911865234375],[127.78640747070335,37.22509765625006],[127.78579711914062,37.245086669921875],[127.78491210937511,37.255310058593864],[127.78552246093761,37.2666015625],[127.78472900390636,37.27618408203125],[127.78548431396496,37.28676223754883],[127.78451538085949,37.29264450073242],[127.78083801269531,37.310440063476676],[127.78430175781273,37.31902313232433],[127.79351806640636,37.33050537109375],[127.79743957519531,37.33589172363287],[127.799072265625,37.342285156250114],[127.80326080322277,37.35526275634777],[127.80470275878906,37.363845825195426],[127.80731201171875,37.371093750000114],[127.80828857421875,37.37770080566412],[127.80828857421875,37.38470458984375],[127.80712890625,37.39410400390631],[127.8074951171875,37.40112304687506],[127.80746459960938,37.408908843994254],[127.8062438964846,37.417716979980526],[127.79791259765636,37.42608642578125],[127.7874755859375,37.4337158203125],[127.77949523925781,37.4375],[127.7752685546875,37.44230651855469],[127.77503967285156,37.450454711914006],[127.7795181274414,37.45591354370117],[127.78930664062511,37.46246337890619],[127.7953109741211,37.46829986572271],[127.8084716796875,37.4832763671875],[127.81684875488281,37.49180603027355],[127.82592773437511,37.49969482421875],[127.82749938964844,37.5052490234375],[127.827880859375,37.5120849609375],[127.8173294067384,37.52686309814459],[127.8074951171875,37.52850341796875],[127.80043029785156,37.52565002441406],[127.78089904785168,37.523254394531364],[127.7718505859375,37.523864746093864],[127.75669860839855,37.53125],[127.74604797363281,37.53944396972662],[127.73445129394531,37.540847778320426],[127.72551727294922,37.54108047485357],[127.71802520751953,37.54325485229492],[127.71051025390636,37.547302246093864],[127.6875,37.56170654296875],[127.67706298828125,37.567504882812614],[127.66448974609375,37.572082519531364],[127.64508056640636,37.58172607421875],[127.63367462158214,37.58564376831055],[127.61462402343761,37.594081878662166],[127.59669494628918,37.595458984375],[127.589111328125,37.59544754028332],[127.58404541015636,37.59144592285156],[127.57563018798828,37.58853530883795],[127.56651306152355,37.591903686523494],[127.55987548828136,37.593872070312614],[127.55400085449219,37.59687423706055],[127.54508972167969,37.60284423828119],[127.54229736328136,37.60992431640625],[127.54632568359386,37.61468505859375],[127.55084228515648,37.62371826171881],[127.5496826171875,37.66247558593756],[127.54646301269554,37.66790771484375],[127.54071044921875,37.66888427734375],[127.5253143310548,37.66744995117199],[127.51908111572266,37.674034118652344],[127.52227783203136,37.68188476562506],[127.52990722656261,37.68890380859375],[127.53668212890625,37.696289062500114],[127.54183959960938,37.704467773437614],[127.54304504394543,37.71365356445324],[127.53504943847668,37.741455078125114],[127.53430175781261,37.74847412109381],[127.53790283203136,37.760040283203125],[127.53851318359386,37.76788330078125],[127.53808593750011,37.78088378906256],[127.53964233398449,37.788040161132926],[127.5452880859375,37.79248046875],[127.55292510986328,37.79409027099615],[127.57067871093773,37.80029296875],[127.57611083984375,37.803283691406364],[127.58270263671898,37.8084716796875],[127.60089111328136,37.82452392578125],[127.60826873779308,37.83172607421869],[127.61230468750011,37.83850097656256],[127.61410522460938,37.84807205200195],[127.61485290527344,37.86152267456066],[127.61543273925781,37.88330841064459],[127.61531066894554,37.89324569702143],[127.61351013183594,37.90151977539074],[127.60484313964855,37.9044189453125],[127.58447265625011,37.90087890625006],[127.57466125488281,37.90045166015625],[127.568115234375,37.904449462890625],[127.56764984130871,37.918472290039176],[127.56231689453136,37.93689727783209],[127.5561752319336,37.945110321045036],[127.54351806640625,37.9447021484375],[127.51531982421875,37.945922851562614],[127.50390625,37.946899414062614],[127.49543762207031,37.95042800903332],[127.49070739746094,37.956054687500114],[127.48272705078125,37.97448730468756],[127.47528076171875,37.99409484863281],[127.47210693359386,38.00667190551769],[127.47290039062511,38.01312255859369],[127.47308349609386,38.020324707031364],[127.47129821777344,38.02803039550781],[127.46565246582043,38.0440673828125],[127.46123504638683,38.06919860839838],[127.45526885986328,38.0715065002442],[127.45068359375,38.062500000000114],[127.44549560546875,38.05604553222656],[127.44012451171875,38.0518798828125],[127.43328857421875,38.050292968750114],[127.42309570312511,38.051513671875],[127.41650390625,38.05511474609375],[127.4080810546875,38.06390380859375],[127.4002685546875,38.06886291503906],[127.39228820800781,38.06983947753912],[127.38387298583984,38.06549072265631],[127.37652587890636,38.05328369140631],[127.37127685546875,38.046829223632926],[127.36608886718761,38.042724609375],[127.36010742187523,38.042053222656364],[127.35288238525402,38.047698974609375],[127.35192871093761,38.058471679687614],[127.35089111328125,38.064453125],[127.34448242187511,38.06530761718756],[127.33470153808594,38.06568908691412],[127.32788085937523,38.06829833984375],[127.32122039794933,38.07151412963873],[127.313720703125,38.068115234375],[127.2965087890625,38.05767822265631],[127.29071044921886,38.05572509765631],[127.28308105468761,38.0552978515625],[127.27664184570324,38.058486938476676],[127.27171325683594,38.066848754882926],[127.27088928222668,38.07484436035162],[127.27471923828136,38.08148193359381],[127.2855224609375,38.09411621093756],[127.29449462890648,38.10528564453125],[127.3072967529298,38.119689941406364],[127.31127929687523,38.1280975341798],[127.30548095703125,38.131896972656364],[127.29608154296886,38.13470458984381],[127.28845214843761,38.13371276855469],[127.28131103515625,38.12768554687506],[127.26647949218761,38.11468505859381],[127.25689697265625,38.107482910156364],[127.22888183593773,38.08929443359381],[127.22210693359375,38.08569335937506],[127.21490478515625,38.082519531250114],[127.2078857421875,38.07989501953125],[127.19732666015625,38.07672119140631],[127.18707275390625,38.074096679687614],[127.17698669433594,38.072570800781364],[127.16851806640625,38.07330322265631],[127.14770507812534,38.07672119140631],[127.13830566406261,38.07769775390631],[127.119873046875,38.07891845703119],[127.11151123046875,38.07989501953125],[127.10150146484386,38.082519531250114],[127.09429931640659,38.08587646484381],[127.0889129638673,38.092239379882926],[127.09130859375023,38.098327636719034],[127.0963134765625,38.10131835937506],[127.1085205078125,38.10632324218756],[127.11386108398438,38.11182785034174],[127.0927200317384,38.119255065918026],[127.09552001953125,38.12652587890631],[127.09883117675793,38.146713256835994],[127.09649658203125,38.1539306640625],[127.0906982421875,38.15686035156256],[127.0828857421875,38.156494140625114],[127.07312011718761,38.15411376953125],[127.0374755859375,38.1505126953125],[127.02752685546886,38.15008544921875],[127.02032470703125,38.15124130249029],[127.01470947265636,38.15490722656273],[127.01092529296886,38.16387939453131],[127.005126953125,38.17248535156256],[127.00152587890648,38.1787109375],[126.99487304687511,38.18707275390619],[126.99090576171886,38.193115234375114],[126.98503112792969,38.20043182373047],[126.98715209960916,38.206905364989645]],[[126.81529998779297,37.51999664306646],[126.80548095703136,37.51672363281256],[126.79931640625,37.51568603515619],[126.79379272460938,37.510772705078125],[126.78750610351562,37.51339721679682],[126.77789306640625,37.51568603515619],[126.76985931396496,37.51542282104492],[126.77854919433594,37.53114318847656],[126.7884979248048,37.546493530273494],[126.79168701171875,37.55389404296875],[126.79327392578136,37.560302734375114],[126.80627441406295,37.56652832031256],[126.81240844726562,37.57330322265625],[126.81829833984409,37.57690429687494],[126.823486328125,37.580688476562614],[126.82867431640625,37.57690429687494],[126.83489990234386,37.57507324218756],[126.84289550781261,37.57128906250006],[126.85107421875011,37.568481445312614],[126.85650634765625,37.57012939453131],[126.86309814453136,37.56951904296875],[126.87211608886719,37.57256317138672],[126.87711334228516,37.573162078857536],[126.88751220703136,37.58752441406256],[126.89208984375011,37.596496582031364],[126.89617919921875,37.60787963867193],[126.90008544921886,37.61608886718756],[126.90393066406261,37.622070312500114],[126.90972900390625,37.625488281250114],[126.917724609375,37.62750244140625],[126.92327880859375,37.62927246093756],[126.938720703125,37.633117675781364],[126.95147705078125,37.63330078125006],[126.96590423583996,37.632122039794865],[126.97827148437511,37.638671875000114],[126.98575592041027,37.641212463378906],[126.9923095703125,37.64709472656244],[126.99591064453125,37.65228271484375],[127.01010894775413,37.65684127807623],[127.01611328125,37.663085937500114],[127.0220947265625,37.66491699218756],[127.04708862304688,37.661193847656364],[127.05597686767578,37.659492492675724],[127.06170654296875,37.65409469604492],[127.0697021484375,37.6602783203125],[127.08029174804688,37.65911865234369],[127.0918960571289,37.65525436401367],[127.10036468505871,37.650184631347656],[127.103515625,37.6395263671875],[127.11297607421886,37.63278198242199],[127.11791992187511,37.62109375000006],[127.11932373046875,37.61279296875],[127.11857604980469,37.596767425537166],[127.11641693115246,37.58682632446295],[127.1207046508789,37.56927871704107],[127.12270355224621,37.56305694580084],[127.1225051879884,37.55605316162115],[127.12341308593773,37.54969787597656],[127.12287902832043,37.543895721435604],[127.12569427490257,37.536865234375],[127.13057708740234,37.53364944458019],[127.13788604736328,37.536464691162166],[127.14945983886719,37.53629684448248],[127.1571044921875,37.535018920898494],[127.16244506835938,37.53081130981457],[127.16852569580078,37.52482986450201],[127.17089080810547,37.51730346679693],[127.1642074584961,37.509700775146484],[127.15151977539074,37.50005722045904],[127.14503479003918,37.4946174621582],[127.14624786376953,37.48863601684582],[127.14371490478516,37.483478546142635],[127.14947509765625,37.47991943359381],[127.1533203125,37.47192382812506],[127.1540298461914,37.46308898925781],[127.15613555908203,37.45626449584955],[127.15127563476574,37.44921875000006],[127.14649200439476,37.443012237548885],[127.13748168945312,37.43441009521496],[127.12974548339855,37.43190383911133],[127.12249755859386,37.428283691406364],[127.11688232421875,37.42749023437506],[127.11090087890625,37.428100585937614],[127.09417724609375,37.42881393432617],[127.0797119140625,37.41772460937506],[127.07391357421875,37.415527343750114],[127.06072998046886,37.41528320312506],[127.05249023437511,37.416870117187614],[127.04370117187511,37.42211914062506],[127.0386962890625,37.42950439453125],[127.03570556640636,37.43511962890631],[127.03167724609386,37.4462890625],[127.02078247070312,37.44851684570324],[127.01129150390636,37.444885253906364],[127.00531005859375,37.44427490234381],[126.99908447265636,37.44427490234381],[126.99249267578125,37.444885253906364],[126.98571777343761,37.4462890625],[126.97967529296875,37.4462890625],[126.97087860107433,37.44564819335949],[126.96645355224621,37.4409751892091],[126.94807434082031,37.436546325683594],[126.93968963623047,37.43491363525396],[126.92731475830078,37.4348983764649],[126.9188461303711,37.435295104980526],[126.91203308105469,37.43706512451183],[126.90575408935547,37.43700790405268],[126.89618682861328,37.438327789306754],[126.88923645019543,37.44088363647461],[126.88240051269531,37.446495056152344],[126.86969757080078,37.45543289184576],[126.85964202880871,37.45767974853527],[126.85146331787121,37.458263397216854],[126.84771728515625,37.4625244140625],[126.83914947509766,37.465576171875],[126.83111572265625,37.46728515625],[126.821044921875,37.46989059448264],[126.82092285156261,37.47631835937506],[126.8179931640625,37.482330322265625],[126.81889343261719,37.49234008789068],[126.82022094726562,37.49859619140631],[126.82373046875,37.507080078125114],[126.81529998779297,37.51999664306646]]],[[[126.42874908447311,37.83208465576183],[126.42597198486328,37.82875061035179],[126.42124938964878,37.82569503784191],[126.4165267944336,37.821804046630916],[126.41263580322266,37.82319259643583],[126.40486145019554,37.821804046630916],[126.40097045898472,37.82347106933622],[126.39597320556652,37.82319259643583],[126.39402770996094,37.82152938842768],[126.39347076416061,37.818473815918026],[126.39069366455078,37.81180572509771],[126.38819122314487,37.807083129882926],[126.38513946533237,37.8051376342774],[126.37430572509766,37.8026390075683],[126.37041473388683,37.800971984863565],[126.36597442626953,37.798194885253906],[126.35819244384777,37.7951393127442],[126.35597229003906,37.792362213134936],[126.35152435302746,37.792362213134936],[126.35152435302746,37.78763961791992],[126.35319519042969,37.78569412231445],[126.35319519042969,37.782917022705135],[126.35430908203148,37.77958297729509],[126.35458374023449,37.77347183227556],[126.35346984863327,37.771526336670036],[126.35514068603527,37.76930618286133],[126.35708618164108,37.76874923706055],[126.35763549804699,37.76374816894537],[126.35624694824219,37.76069259643572],[126.35624694824219,37.75791549682623],[126.35485839843761,37.7554168701173],[126.35485839843761,37.75041580200195],[126.35375213623047,37.74708175659208],[126.35375213623047,37.74291610717785],[126.35485839843761,37.742084503173885],[126.35208129882858,37.739028930664006],[126.35208129882858,37.72902679443365],[126.35375213623047,37.72263717651373],[126.35319519042969,37.71736145019554],[126.35097503662132,37.715694427490234],[126.3526382446289,37.71347045898432],[126.35236358642578,37.71152877807617],[126.35430908203148,37.71069335937523],[126.35458374023449,37.70791625976574],[126.35597229003906,37.70541763305664],[126.35847473144531,37.70347213745134],[126.36653137207031,37.70347213745134],[126.37319183349632,37.70152664184582],[126.37319183349632,37.69985961914068],[126.37652587890636,37.69902801513672],[126.37985992431675,37.70013809204107],[126.38402557373047,37.70041656494146],[126.38735961914108,37.69902801513672],[126.38874816894577,37.69652938842779],[126.39152526855469,37.69430541992193],[126.3912506103519,37.692359924316406],[126.38874816894577,37.6881942749024],[126.39041900634811,37.68569564819347],[126.39541625976585,37.68125152587908],[126.39847564697311,37.67986297607433],[126.40125274658203,37.67680740356445],[126.40319061279342,37.67680740356445],[126.40569305419933,37.66902923583979],[126.40458679199264,37.66791534423828],[126.40680694580078,37.66458511352539],[126.4081954956057,37.65930557250982],[126.40847015380893,37.65597152709955],[126.41014099121094,37.654304504394645],[126.40847015380893,37.6523628234865],[126.40847015380893,37.65013885498058],[126.40486145019554,37.64736175537132],[126.40486145019554,37.64458465576183],[126.3995819091798,37.64069366455101],[126.39708709716842,37.639862060547046],[126.39291381835949,37.64014053344721],[126.39263916015659,37.64152908325195],[126.38680267333996,37.64069366455101],[126.38430786132858,37.63874816894531],[126.3804168701173,37.6390266418457],[126.37875366210938,37.636806488037166],[126.36902618408203,37.63735961914074],[126.36653137207031,37.636249542236385],[126.36597442626953,37.63375091552729],[126.3718032836914,37.63291549682617],[126.37403106689464,37.630973815918026],[126.37430572509766,37.62791824340832],[126.37264251708984,37.62569427490246],[126.37513732910156,37.624862670898665],[126.37513732910156,37.62014007568365],[126.37708282470714,37.619304656982536],[126.37763977050827,37.61680603027344],[126.37652587890636,37.61513900756847],[126.37014007568382,37.613471984863565],[126.37152862548874,37.61125183105486],[126.37596893310592,37.61180496215826],[126.37958526611351,37.60930633544933],[126.38541412353516,37.60680389404325],[126.38541412353516,37.6051406860351],[126.39069366455078,37.601249694824276],[126.3943023681644,37.60041809082031],[126.39791870117222,37.60180664062506],[126.40264129638683,37.60013961791992],[126.40569305419933,37.59791564941406],[126.40625000000045,37.594860076904354],[126.41069793701206,37.59347152709961],[126.4165267944336,37.59347152709961],[126.42680358886719,37.59291839599621],[126.42986297607422,37.592361450195256],[126.43791961669933,37.592361450195256],[126.44319152832054,37.59402847290039],[126.44708251953136,37.59402847290039],[126.44985961914097,37.592361450195256],[126.45569610595749,37.593193054199446],[126.46263885498081,37.59097290039091],[126.46458435058594,37.595973968505916],[126.46236419677757,37.59652709960949],[126.46319580078136,37.60041809082031],[126.46680450439453,37.60069274902372],[126.46930694580112,37.59652709960949],[126.47264099121105,37.59680557250988],[126.47597503662121,37.59902954101557],[126.47875213623058,37.604583740234546],[126.48069763183628,37.604862213134936],[126.4856948852539,37.60291671752941],[126.4876403808596,37.60069274902372],[126.4906921386721,37.59986114501953],[126.4934692382817,37.600971221923885],[126.49819183349621,37.598194122314624],[126.50208282470703,37.59736251831083],[126.50485992431686,37.595973968505916],[126.51180267333984,37.59652709960949],[126.51264190673828,37.59902954101557],[126.51513671875,37.59986114501953],[126.51569366455078,37.6056938171389],[126.51819610595703,37.6056938171389],[126.52153015136719,37.60819625854498],[126.5206909179692,37.609859466552734],[126.52263641357445,37.61125183105486],[126.53458404541016,37.61375045776373],[126.53541564941429,37.61486053466791],[126.53541564941429,37.62014007568365],[126.53458404541016,37.62263870239258],[126.53402709960938,37.62985992431646],[126.53263854980503,37.63208389282238],[126.53152465820312,37.636249542236385],[126.52930450439464,37.63791656494152],[126.5265274047855,37.642360687255916],[126.52625274658214,37.64930725097662],[126.523475646973,37.651527404785156],[126.52263641357445,37.65375137329124],[126.52430725097702,37.65791702270508],[126.52735900878952,37.659862518310774],[126.53291320800793,37.660137176513786],[126.53263854980503,37.66402816772461],[126.53013610839844,37.665695190429744],[126.5240249633789,37.665973663330135],[126.51958465576195,37.66902923583979],[126.51736450195324,37.67347335815441],[126.5176391601567,37.67958450317394],[126.52014160156261,37.68236160278343],[126.51902770996139,37.68569564819347],[126.52041625976574,37.69430541992193],[126.52153015136719,37.697639465331974],[126.5254135131836,37.7020835876466],[126.51625061035179,37.70847320556652],[126.5143051147461,37.71180725097656],[126.51319122314476,37.7165260314942],[126.51403045654308,37.72541809082037],[126.51597595214889,37.72930526733404],[126.51875305175781,37.733196258545036],[126.52486419677734,37.738750457763615],[126.52513885498081,37.74458312988298],[126.52625274658214,37.747917175293026],[126.523475646973,37.74847412109381],[126.51875305175781,37.753471374512],[126.51180267333984,37.762084960937614],[126.51069641113315,37.7673606872558],[126.51291656494186,37.771251678467024],[126.50958251953125,37.774581909179915],[126.50846862792969,37.777084350585994],[126.50846862792969,37.78041839599604],[126.50624847412155,37.7837486267091],[126.50180816650436,37.78569412231445],[126.48791503906261,37.79041671752941],[126.48236083984386,37.79319381713873],[126.48180389404308,37.79430389404308],[126.47264099121105,37.7984733581543],[126.46902465820324,37.80180740356451],[126.46097564697266,37.80597305297857],[126.45373535156295,37.81097412109375],[126.45207977294967,37.81152725219732],[126.44902801513717,37.815692901611555],[126.44486236572266,37.81958389282238],[126.44458007812545,37.82236099243187],[126.44152832031295,37.82236099243187],[126.43569183349643,37.82930374145519],[126.42903137207031,37.83069610595709],[126.42874908447311,37.83208465576183]]]]},"properties":{"REGION":"경기"}},
{"type":"Feature","geometry":{"type":"Polygon","coordinates":[[[127.7762222290039,37.21256256103527],[127.77749633789074,37.20278930664068],[127.77951049804688,37.193206787109375],[127.78584289550793,37.180130004882926],[127.78984069824241,37.16461181640631],[127.7958984375,37.1533203125],[127.79888916015625,37.14691162109381],[127.8031921386721,37.139617919921875],[127.80548095703148,37.13311767578125],[127.80590820312511,37.1248779296875],[127.81039428710938,37.11929321289074],[127.81948852539062,37.11590576171869],[127.83270263671875,37.11651611328125],[127.86309814453136,37.11669921875],[127.86907958984375,37.11810302734381],[127.87799072265636,37.12277221679682],[127.88821411132812,37.123901367187614],[127.89721679687523,37.12359619140625],[127.90447998046886,37.12371826171869],[127.91308593750011,37.123291015625114],[127.9202880859375,37.123291015625114],[127.92880249023438,37.125640869140625],[127.9341812133789,37.13085937500006],[127.9405212402346,37.14657592773449],[127.9405212402346,37.153900146484375],[127.93829345703136,37.15948486328131],[127.9324951171875,37.167999267578125],[127.9271240234375,37.17388916015619],[127.92047119140625,37.18328857421875],[127.918701171875,37.19119262695324],[127.92431640625011,37.196086883545036],[127.93099975585949,37.19879150390631],[127.948486328125,37.20751953125],[127.95550537109375,37.209716796875114],[127.9644775390625,37.21307373046881],[127.97100830078125,37.21420288085943],[127.98059082031261,37.21371459960949],[127.9880065917971,37.21200561523449],[127.99969482421886,37.207214355468864],[128.009521484375,37.20471191406256],[128.01422119140625,37.20149993896496],[128.01849365234375,37.19628906250006],[128.02499389648438,37.182617187500114],[128.02609252929688,37.17568969726568],[128.023895263672,37.16711425781256],[128.0273437500001,37.15823364257824],[128.03488159179688,37.15499877929682],[128.05810546875,37.15570068359381],[128.08032226562523,37.156677246093864],[128.087890625,37.15780639648449],[128.0968017578126,37.162078857421875],[128.1029052734376,37.16809082031256],[128.10922241210938,37.17608642578131],[128.1160888671875,37.185577392578125],[128.1223144531251,37.18707275390625],[128.14749145507824,37.1875],[128.15509033203148,37.189178466796875],[128.17138671875,37.20179367065441],[128.179901123047,37.203796386718864],[128.20709228515625,37.20300292968756],[128.21334838867188,37.201210021972656],[128.22528076171898,37.19592285156256],[128.24627685546886,37.18627929687494],[128.25372314453136,37.18322753906244],[128.26031494140625,37.177692413330135],[128.2666015625,37.174804687500114],[128.27560424804688,37.174285888671875],[128.2821044921875,37.17547607421875],[128.28948974609375,37.17492675781256],[128.2965087890625,37.176330566406364],[128.30477905273438,37.18017578124994],[128.3123779296875,37.1809463500976],[128.31970214843773,37.174896240234375],[128.32376098632824,37.1651611328125],[128.3184814453125,37.16027832031256],[128.31201171875,37.15591430664074],[128.299530029297,37.150390625000114],[128.2924804687501,37.1458740234375],[128.2827148437501,37.13848876953131],[128.27572631835938,37.13418579101574],[128.26681518554688,37.13058471679682],[128.26211547851574,37.124557495117244],[128.2642822265625,37.11791992187506],[128.26962280273438,37.11437606811529],[128.28388977050793,37.10277557373047],[128.2921142578126,37.099487304687614],[128.30218505859386,37.099487304687614],[128.31289672851574,37.10260009765625],[128.3288116455078,37.113960266113395],[128.3385009765625,37.11572265625],[128.3507080078125,37.11590576171869],[128.3582763671876,37.116271972656364],[128.36767578125,37.116271972656364],[128.38470458984375,37.11679077148443],[128.38946533203125,37.11132049560541],[128.3917236328125,37.10388183593744],[128.3942871093751,37.09112548828125],[128.39749145507812,37.08489990234381],[128.404998779297,37.08041381835949],[128.412078857422,37.072204589843864],[128.42001342773438,37.067626953125114],[128.42550659179688,37.06509399414068],[128.4346923828125,37.06399536132824],[128.46270751953125,37.06811523437506],[128.46832275390636,37.06909179687506],[128.47607421875,37.069793701171875],[128.48428344726562,37.072998046875],[128.49188232421875,37.078491210937614],[128.49778747558594,37.07889938354498],[128.5066833496095,37.075103759765625],[128.5148925781251,37.074279785156364],[128.5330810546875,37.07470703124994],[128.54220581054688,37.07260131835932],[128.54827880859375,37.06787109375],[128.5584716796875,37.05511474609375],[128.56719970703125,37.046905517578125],[128.5767822265625,37.04449462890631],[128.5828857421875,37.044128417968864],[128.59979248046875,37.04360961914057],[128.6062011718751,37.04400634765625],[128.6132812500001,37.04327392578125],[128.61911010742188,37.04220581054693],[128.6337890625,37.0369873046875],[128.6420898437501,37.02758789062494],[128.64468383789062,37.01654052734375],[128.65100097656273,37.014678955078125],[128.6605224609375,37.017272949218864],[128.680908203125,37.0220947265625],[128.688720703125,37.02270507812506],[128.69583129882835,37.02062988281256],[128.71658325195312,37.0098876953125],[128.726318359375,37.008483886718864],[128.736297607422,37.00888061523449],[128.7441406250001,37.01524353027344],[128.74667358398438,37.02520751953131],[128.76690673828125,37.0255126953125],[128.7727050781251,37.02587890624994],[128.7797393798828,37.028564453125],[128.78009033203125,37.041870117187614],[128.76831054687523,37.05572509765631],[128.75711059570324,37.07119750976568],[128.76438903808594,37.07503128051758],[128.7711181640625,37.07470703124994],[128.78289794921875,37.06848144531256],[128.8169860839845,37.06268310546869],[128.82550048828125,37.06030273437506],[128.83392333984398,37.05670166015631],[128.8450927734375,37.05133056640631],[128.85272216796875,37.04711914062506],[128.86151123046875,37.041503906250114],[128.8685302734375,37.03790283203125],[128.87512207031273,37.0352783203125],[128.8839111328126,37.032806396484375],[128.8955078125,37.03131103515631],[128.91290283203136,37.03009033203125],[128.92089843750023,37.02999877929693],[128.92852783203148,37.0308837890625],[128.9329833984376,37.035400390625114],[128.93011474609386,37.045104980468864],[128.93649291992188,37.050064086914176],[128.94805908203125,37.04920959472656],[128.95672607421875,37.04388427734381],[128.96429443359375,37.03839111328131],[128.9722900390625,37.0360107421875],[128.97930908203136,37.03570556640631],[128.98968505859375,37.03768920898449],[129.0029296875001,37.037109375000114],[129.031494140625,37.033081054687614],[129.03790283203125,37.03149414062506],[129.0443115234376,37.029296875000114],[129.05328369140636,37.024291992187614],[129.059326171875,37.02191162109375],[129.06729125976562,37.02001953125],[129.07330322265636,37.01910400390631],[129.0805664062501,37.02288818359375],[129.08587646484398,37.029479980468864],[129.09790039062523,37.04818725585932],[129.10479736328136,37.0535888671875],[129.11167907714855,37.056716918945426],[129.11767578125,37.05688476562506],[129.13040161132812,37.05178833007824],[129.13592529296886,37.048522949218864],[129.14471435546875,37.04132080078119],[129.15069580078125,37.0372009277346],[129.16009521484386,37.032989501953125],[129.16552734375,37.029479980468864],[129.17547607421898,37.02130126953119],[129.18118286132847,37.018280029296875],[129.18899536132812,37.017272949218864],[129.2069091796875,37.01788330078125],[129.21652221679688,37.01699829101568],[129.22769165039062,37.013702392578125],[129.235809326172,37.01300048828131],[129.2423095703126,37.01528930664068],[129.24560546875,37.02139282226568],[129.24530029296875,37.031921386718864],[129.24209594726608,37.05810546874994],[129.24279785156273,37.067810058593864],[129.2467041015626,37.07550048828125],[129.25460815429688,37.082092285156364],[129.2592773437501,37.087280273437614],[129.268310546875,37.09930419921869],[129.273406982422,37.10418701171881],[129.27969360351574,37.10671997070324],[129.29470825195312,37.10961914062517],[129.30081176757812,37.1123046875],[129.31259155273472,37.121215820312614],[129.31750488281284,37.12628173828148],[129.3272705078125,37.140075683593864],[129.33328247070324,37.145812988281364],[129.34654235839878,37.15099334716791],[129.35238647460983,37.155792236328125],[129.3512573242191,37.164859771728516],[129.34597778320347,37.16930389404291],[129.34541320800804,37.1740264892581],[129.34320068359386,37.17708206176758],[129.34152221679733,37.17791748046875],[129.34375000000045,37.18041610717802],[129.34402465820312,37.18291473388672],[129.34181213378906,37.18930435180664],[129.34013366699264,37.191249847412166],[129.34013366699264,37.193748474121094],[129.34375000000045,37.1948623657226],[129.34347534179688,37.19847106933605],[129.34652709960938,37.20180511474632],[129.34707641601562,37.208473205566406],[129.34902954101597,37.211528778076286],[129.34541320800804,37.21597290039068],[129.34458923339878,37.220695495605696],[129.34097290039062,37.22291564941423],[129.34152221679733,37.226528167724666],[129.34402465820312,37.229305267334155],[129.34707641601562,37.229305267334155],[129.34985351562545,37.23041534423851],[129.35292053222668,37.23291778564459],[129.35542297363293,37.23291778564459],[129.35708618164062,37.235137939453125],[129.35485839843773,37.23819351196295],[129.35235595703136,37.23819351196295],[129.3504180908203,37.23958206176769],[129.34930419921886,37.243473052978516],[129.34930419921886,37.24874877929693],[129.34236145019554,37.24874877929693],[129.34291076660168,37.25347137451172],[129.34236145019554,37.255695343017805],[129.33764648437545,37.25708389282255],[129.33569335937523,37.26013946533203],[129.327362060547,37.26486206054682],[129.3301391601566,37.267360687255916],[129.3287506103519,37.26930618286144],[129.3301391601566,37.272914886474894],[129.3282012939453,37.27513885498058],[129.3301391601566,37.27736282348627],[129.3301391601566,37.28013992309576],[129.3259735107422,37.282081604003906],[129.32263183593795,37.2823600769043],[129.3209686279297,37.28374862670904],[129.3220825195316,37.2859725952149],[129.32180786132812,37.28902816772461],[129.3190307617191,37.29124832153332],[129.31402587890636,37.29013824462896],[129.31402587890636,37.287361145019645],[129.31208801269577,37.28680419921869],[129.31040954589855,37.28847122192383],[129.31069946289085,37.29208374023466],[129.30874633789062,37.29208374023466],[129.30596923828125,37.28985977172857],[129.30403137207054,37.28985977172857],[129.30068969726585,37.29291534423845],[129.30125427246105,37.29847335815458],[129.30264282226562,37.299304962158374],[129.30264282226562,37.30291748046881],[129.30014038085972,37.30708312988281],[129.2990264892578,37.311248779296875],[129.2965240478519,37.31263732910162],[129.2934722900394,37.31236267089838],[129.2923583984375,37.31069564819347],[129.28819274902366,37.31041717529308],[129.2876434326172,37.31180572509783],[129.28402709960938,37.313472747802734],[129.28291320800827,37.31486129760748],[129.28013610839844,37.31486129760748],[129.27986145019577,37.316806793213004],[129.27708435058594,37.317081451416016],[129.27125549316406,37.32069396972685],[129.2687530517578,37.32402801513672],[129.2681884765625,37.32652664184582],[129.2718048095703,37.328750610351676],[129.2670898437501,37.33291625976574],[129.26736450195312,37.337360382080135],[129.2667999267578,37.340415954590014],[129.26763916015625,37.34458160400402],[129.2615203857422,37.34736251831049],[129.2615203857422,37.352359771728516],[129.2570800781251,37.35680389404291],[129.2537536621095,37.36264038085943],[129.25152587890625,37.363193511962834],[129.25263977050827,37.37597274780268],[129.25569152832077,37.375415802002124],[129.25596618652366,37.3779182434082],[129.25930786132858,37.378192901611385],[129.2598571777345,37.38097381591825],[129.25625610351608,37.38097381591825],[129.25318908691418,37.38263702392584],[129.25013732910168,37.3823623657226],[129.24542236328125,37.38652801513683],[129.2409667968751,37.387916564941406],[129.24014282226562,37.389862060546875],[129.2368011474614,37.390140533447266],[129.2365264892578,37.38847351074236],[129.2276458740239,37.392917633056754],[129.224578857422,37.3948593139649],[129.2251434326173,37.3962516784668],[129.2195892333989,37.39986038208008],[129.21681213378906,37.39986038208008],[129.21069335937534,37.40652847290039],[129.20320129394543,37.41125106811518],[129.2026367187501,37.41291809082031],[129.2001342773442,37.413192749023494],[129.1984710693364,37.4156951904298],[129.1979217529297,37.4201393127442],[129.19624328613315,37.42180633544933],[129.19624328613315,37.42402648925787],[129.1929168701173,37.425415039062784],[129.19375610351574,37.428749084472656],[129.19207763671875,37.4320831298831],[129.19180297851597,37.4345817565918],[129.1895904541018,37.43569564819336],[129.19207763671875,37.437362670898665],[129.1951446533203,37.43541717529297],[129.1929168701173,37.4440269470216],[129.1909790039067,37.44513702392578],[129.1915283203125,37.449306488037166],[129.19068908691406,37.451805114746264],[129.1879119873047,37.45375061035156],[129.1879119873047,37.45624923706066],[129.18540954589844,37.457637786865234],[129.1781921386721,37.46458435058594],[129.17486572265625,37.467082977295036],[129.16763305664062,37.47069549560547],[129.16680908203136,37.47319412231457],[129.16180419921886,37.47597122192383],[129.16152954101562,37.477916717529354],[129.15541076660156,37.48485946655285],[129.15431213378906,37.48513793945324],[129.1518096923828,37.48930740356445],[129.14930725097656,37.490139007568416],[129.1468048095703,37.492637634277344],[129.14541625976574,37.49152755737316],[129.1429138183596,37.49597167968756],[129.13902282714844,37.49458312988287],[129.13735961914062,37.493194580078125],[129.13096618652355,37.49041748046881],[129.13014221191418,37.48930740356445],[129.12625122070312,37.48875045776367],[129.1254119873048,37.4906959533692],[129.13597106933594,37.495418548583984],[129.1351318359376,37.49791717529308],[129.1368103027346,37.499027252197266],[129.13485717773438,37.50319290161127],[129.1351318359376,37.50541687011719],[129.12930297851562,37.51180648803711],[129.12818908691406,37.51514053344732],[129.1226348876953,37.51985931396496],[129.12486267089855,37.52319335937506],[129.1245880126953,37.52763748168945],[129.11430358886741,37.53736114501959],[129.1126403808595,37.540138244628906],[129.11318969726574,37.54930496215832],[129.115966796875,37.5498619079591],[129.115966796875,37.54708480834961],[129.11819458007812,37.545417785644645],[129.11819458007812,37.5504150390625],[129.12124633789062,37.554027557373104],[129.12290954589855,37.55875015258789],[129.1223602294923,37.56152725219738],[129.12069702148438,37.563194274902344],[129.12042236328136,37.56763839721691],[129.11708068847656,37.57013702392584],[129.11846923828125,37.57652664184576],[129.11402893066406,37.58291625976568],[129.1084747314453,37.58208465576172],[129.10736083984375,37.58347320556646],[129.10374450683594,37.58486175537121],[129.101806640625,37.58708190917969],[129.0987548828125,37.58874893188482],[129.09597778320312,37.58902740478521],[129.09347534179688,37.59208297729492],[129.09042358398438,37.593193054199276],[129.0876464843751,37.5962486267091],[129.08125305175804,37.60013961791992],[129.07763671875,37.600971221923885],[129.07485961914085,37.604583740234546],[129.0690307617191,37.60847091674799],[129.06541442871116,37.61236190795921],[129.0634765625,37.615417480468864],[129.0629119873048,37.61847305297874],[129.06069946289108,37.61819458007818],[129.05874633789085,37.621250152587834],[129.05514526367188,37.621807098388786],[129.05485534668003,37.62541580200207],[129.05874633789085,37.625137329101676],[129.063201904297,37.6220817565918],[129.0648651123047,37.62319564819336],[129.05958557128918,37.625137329101676],[129.0568084716798,37.62680435180681],[129.05264282226585,37.62680435180681],[129.04986572265636,37.627639770507756],[129.0459747314453,37.63458251953148],[129.0443115234376,37.63874816894531],[129.0443115234376,37.64263916015631],[129.0467987060548,37.64791488647472],[129.0504150390626,37.65180587768555],[129.0520782470703,37.651248931884766],[129.05569458007835,37.6529159545899],[129.05792236328125,37.65930557250982],[129.0568084716798,37.66374969482422],[129.05430603027344,37.665695190429744],[129.05708312988327,37.668750762939396],[129.05874633789085,37.67291641235363],[129.05569458007835,37.67680740356445],[129.05152893066406,37.67958450317394],[129.05125427246094,37.680694580078125],[129.0459747314453,37.68402862548834],[129.0459747314453,37.68541717529308],[129.03846740722656,37.6881942749024],[129.0343017578126,37.692081451416016],[129.02874755859375,37.694862365722884],[129.02569580078125,37.69708251953142],[129.02207946777344,37.70152664184582],[129.01902770996094,37.70264053344755],[129.0181884765626,37.70486068725586],[129.0151367187501,37.706249237060604],[129.01319885253906,37.709583282470874],[129.01235961914062,37.71347045898432],[129.0081939697268,37.715415954589844],[129.00263977050793,37.721248626708984],[128.9951324462893,37.727359771728516],[128.99403381347656,37.730415344238395],[128.9912567138672,37.733196258545036],[128.99153137207065,37.735973358154354],[128.9890289306643,37.73736190795927],[128.98652648925793,37.74069595336914],[128.9784698486328,37.74597167968773],[128.97402954101574,37.74930572509777],[128.9701385498048,37.75319290161161],[128.9668121337893,37.75458145141596],[128.9651336669922,37.75736236572283],[128.95181274414074,37.76680374145525],[128.95291137695312,37.7698593139649],[128.9495849609375,37.771804809570426],[128.93292236328136,37.7837486267091],[128.92625427246105,37.78985977172846],[128.92291259765636,37.791526794433594],[128.92208862304733,37.79291534423834],[128.91653442382824,37.797637939453125],[128.91542053222702,37.797916412353516],[128.9057006835941,37.80791473388672],[128.90374755859386,37.80819320678728],[128.89846801757812,37.81319427490246],[128.89291381835983,37.81735992431646],[128.89097595214855,37.81986236572277],[128.88735961914074,37.821804046630916],[128.8848571777345,37.82485961914057],[128.88125610351574,37.827083587646484],[128.87625122070312,37.832916259765625],[128.8770904541019,37.83708190917986],[128.87680053710938,37.84125137329124],[128.87208557128918,37.844028472900334],[128.86596679687545,37.8498611450197],[128.86318969726562,37.85152816772461],[128.85763549804722,37.856250762939624],[128.85569763183605,37.856803894043026],[128.851806640625,37.86152648925781],[128.84846496582077,37.8612518310548],[128.84764099121094,37.865139007568416],[128.8487548828125,37.868473052978516],[128.84541320800827,37.86902618408209],[128.84402465820358,37.871250152588175],[128.8418121337894,37.871250152588175],[128.83819580078125,37.87541580200201],[128.83041381835972,37.88347244262707],[128.82958984375045,37.88902664184582],[128.8309783935548,37.89291763305664],[128.83457946777344,37.893749237060604],[128.83485412597656,37.89958190917997],[128.8306884765626,37.90180587768566],[128.8306884765626,37.90680694580084],[128.82569885253906,37.90680694580084],[128.82041931152366,37.91041564941412],[128.8176422119144,37.91152954101585],[128.80902099609375,37.91930389404297],[128.805145263672,37.92124938964844],[128.79624938964844,37.92819595336914],[128.79458618164062,37.92847061157255],[128.79263305664062,37.93125152587902],[128.7879180908203,37.935695648193416],[128.7879180908203,37.9393043518067],[128.78958129882812,37.939029693603686],[128.7884674072268,37.944583892822266],[128.7856903076173,37.94625091552757],[128.7831878662114,37.94569396972662],[128.7781982421875,37.949859619140625],[128.77374267578125,37.949584960937614],[128.77014160156284,37.94847106933611],[128.76875305175815,37.9506950378418],[128.7693023681643,37.952915191650504],[128.7715301513672,37.953193664550895],[128.7698669433595,37.95791625976568],[128.76957702636753,37.962360382080305],[128.76181030273438,37.968193054199276],[128.76235961914062,37.970417022705135],[128.76570129394565,37.970417022705135],[128.76458740234375,37.97263717651367],[128.76097106933594,37.97263717651367],[128.75930786132812,37.97680664062506],[128.76235961914062,37.979862213134766],[128.76181030273438,37.982639312744425],[128.75764465332043,37.98180389404308],[128.75180053710938,37.984859466552734],[128.74874877929688,37.9876403808596],[128.74874877929688,37.98986053466814],[128.7504119873048,37.991249084472656],[128.74264526367188,37.9926376342774],[128.74264526367188,37.994583129882926],[128.7398681640625,37.99597167968767],[128.74014282226597,37.99847030639677],[128.73791503906284,37.999862670898494],[128.73680114746094,38.0040283203125],[128.7332000732422,38.00485992431669],[128.73124694824241,38.00624847412104],[128.73236083984375,38.009029388427905],[128.73374938964844,38.017360687256144],[128.73680114746094,38.019859313964844],[128.73652648925815,38.02208328247076],[128.73236083984375,38.02152633666998],[128.7248535156251,38.02291488647472],[128.71652221679688,38.02763748168951],[128.70652770996105,38.03708267211914],[128.69708251953136,38.044029235840014],[128.69264221191452,38.0487518310548],[128.69068908691418,38.049583435058594],[128.68763732910168,38.053470611572436],[128.6820831298828,38.059028625488565],[128.6820831298828,38.06208419799805],[128.68096923828136,38.064582824707145],[128.67736816406273,38.064582824707145],[128.67680358886764,38.070137023925895],[128.67791748046886,38.07541656494146],[128.67318725585983,38.079303741455135],[128.6759796142578,38.07986068725609],[128.6759796142578,38.08263778686518],[128.67457580566418,38.08430480957031],[128.67097473144554,38.08319473266613],[128.67041015625023,38.08625030517601],[128.66680908203125,38.09013748168945],[128.6618041992191,38.090415954589844],[128.6576385498047,38.094028472900675],[128.6576385498047,38.096248626708984],[128.65513610839878,38.09763717651373],[128.65208435058628,38.10124969482439],[128.64846801757835,38.10374832153326],[128.64625549316418,38.10374832153326],[128.64486694335938,38.10069274902344],[128.64318847656295,38.1004180908206],[128.6434783935547,38.0915260314942],[128.64236450195335,38.08625030517601],[128.64097595214844,38.08597183227545],[128.63931274414085,38.08291625976574],[128.63542175293014,38.079029083252124],[128.63291931152355,38.08097076416044],[128.6351318359375,38.082084655761776],[128.64152526855514,38.088470458984546],[128.64236450195335,38.0915260314942],[128.64152526855514,38.09347152709972],[128.64041137695312,38.10180664062494],[128.64263916015636,38.10708236694336],[128.64263916015636,38.108470916748274],[128.63819885253906,38.11319351196289],[128.6334686279298,38.117362976074276],[128.63125610351562,38.12208175659191],[128.63485717773472,38.123470306396655],[128.62986755371105,38.128749847412394],[128.6251373291019,38.12847137451183],[128.62263488769577,38.12985992431658],[128.62152099609375,38.13319396972662],[128.61541748046875,38.13930511474615],[128.61457824707077,38.14236068725603],[128.60929870605503,38.14875030517595],[128.6079101562501,38.15152740478521],[128.60874938964844,38.15430450439453],[128.6112518310548,38.155693054199276],[128.60958862304688,38.15874862670893],[128.60929870605503,38.16541671752924],[128.6079101562501,38.16902923584007],[128.6065216064453,38.16958236694347],[128.60569763183594,38.173194885253906],[128.60929870605503,38.175415039062614],[128.60986328125045,38.178749084472884],[128.61291503906295,38.178749084472884],[128.61541748046875,38.18069458007818],[128.6148681640625,38.182083129882926],[128.6118316650394,38.18236160278332],[128.60847473144577,38.185138702392805],[128.60125732421886,38.1946067810058],[128.5956878662114,38.199859619140796],[128.59402465820358,38.205417633056925],[128.5951385498048,38.20680618286127],[128.5951385498048,38.210693359375114],[128.60264587402344,38.210693359375114],[128.60264587402344,38.21319580078119],[128.6004180908203,38.21486282348633],[128.59652709960972,38.2154159545899],[128.5926361083989,38.219860076904524],[128.5887451171876,38.22541809082048],[128.5870819091797,38.22986221313488],[128.5823669433595,38.231803894043026],[128.5826416015626,38.23319625854492],[128.57986450195358,38.23597335815441],[128.57597351074253,38.23875045776373],[128.57624816894543,38.240417480469034],[128.57292175293003,38.243473052978516],[128.57069396972656,38.24430465698248],[128.5684661865239,38.23902893066429],[128.5598602294923,38.23930740356468],[128.5604095458989,38.240970611572436],[128.5654144287114,38.242916107177734],[128.5695800781251,38.243473052978516],[128.5695800781251,38.246528625488565],[128.56736755371094,38.248474121093864],[128.56764221191406,38.252639770507926],[128.5656890869143,38.25291824340849],[128.5620880126953,38.25541687011719],[128.5598602294923,38.25847244262707],[128.5598602294923,38.261249542236555],[128.55819702148438,38.2620849609375],[128.5593109130864,38.26597213745117],[128.5573577880864,38.267082214355526],[128.5568084716798,38.269306182861385],[128.55874633789108,38.27180480957031],[128.55708312988293,38.2740287780764],[128.55458068847656,38.27486038208019],[128.55291748046898,38.27708435058605],[128.55291748046898,38.2790260314942],[128.55458068847656,38.281250000000114],[128.55152893066406,38.284305572509766],[128.5487518310547,38.2859725952149],[128.54902648925815,38.28985977172874],[128.54736328125034,38.29264068603521],[128.55207824707065,38.296249389648665],[128.54818725585938,38.29708480834961],[128.54513549804688,38.30069351196289],[128.54736328125034,38.302360534668026],[128.55041503906284,38.30152893066423],[128.55152893066406,38.30402755737333],[128.5487518310547,38.304862976074276],[128.54458618164074,38.3073616027832],[128.54263305664062,38.30958175659191],[128.53486633300793,38.3143043518067],[128.5307006835942,38.319583892822266],[128.5270843505864,38.32069396972662],[128.5262451171875,38.32458496093744],[128.5273590087893,38.3262481689456],[128.5304107666018,38.32597351074219],[128.5312500000001,38.32764053344732],[128.5287475585942,38.328750610351676],[128.5273590087893,38.33291625976568],[128.52346801757847,38.33486175537121],[128.51625061035156,38.34236145019531],[128.51402282714844,38.34402847290062],[128.51208496093784,38.34930419921881],[128.5104217529297,38.351528167724894],[128.51208496093784,38.35597229003912],[128.50819396972702,38.35847091674805],[128.50653076171875,38.363193511963004],[128.50958251953125,38.36708450317383],[128.51458740234375,38.36791610717779],[128.51235961914074,38.37014007568371],[128.51292419433605,38.372638702392805],[128.50958251953125,38.37347412109375],[128.50985717773483,38.375415802001896],[128.50735473632812,38.37652587890625],[128.50541687011741,38.37597274780285],[128.50013732910202,38.38041687011747],[128.49819946289062,38.38347244262695],[128.4959716796876,38.384029388427734],[128.49403381347702,38.387359619140796],[128.4898681640626,38.39097213745123],[128.48402404785156,38.39680480957037],[128.48069763183605,38.40097045898443],[128.47680664062523,38.4029159545899],[128.47653198242233,38.40569305419922],[128.47402954101574,38.40874862670927],[128.46430969238293,38.419029235839844],[128.4631958007816,38.422637939453296],[128.46374511718773,38.42402648925781],[128.46069335937523,38.42625045776373],[128.46069335937523,38.428195953369425],[128.45791625976597,38.42874908447283],[128.45429992675804,38.436805725097656],[128.45458984375023,38.44208145141607],[128.45541381835938,38.445137023925724],[128.46096801757847,38.448471069335994],[128.46374511718773,38.44597244262707],[128.46847534179733,38.44985961914074],[128.4662475585941,38.450973510742244],[128.4662475585941,38.45319366455078],[128.46153259277378,38.45569610595726],[128.46041870117188,38.45847320556652],[128.4562530517578,38.463195800781534],[128.45097351074264,38.46680450439459],[128.45042419433628,38.472084045410156],[128.44847106933605,38.472084045410156],[128.44514465332054,38.474861145019645],[128.44180297851574,38.474582672119254],[128.4379119873047,38.477916717529524],[128.4376373291019,38.48125076293957],[128.43959045410168,38.484306335449446],[128.43959045410168,38.48764038085949],[128.4340209960941,38.48708343505871],[128.42930603027378,38.49124908447277],[128.43069458007812,38.4968070983889],[128.42764282226562,38.49763870239269],[128.42541503906295,38.500694274902344],[128.4287567138672,38.5018043518067],[128.4309692382816,38.50347137451183],[128.430145263672,38.50569534301752],[128.42707824707077,38.50374984741222],[128.4231872558595,38.504859924316406],[128.41874694824264,38.5131950378418],[128.420135498047,38.5181961059572],[128.41819763183594,38.51985931396496],[128.4237518310547,38.52013778686552],[128.42457580566406,38.52430725097673],[128.41931152343795,38.52402877807617],[128.41735839843795,38.52986145019531],[128.41514587402344,38.52986145019531],[128.41207885742222,38.53180694580101],[128.4134674072269,38.53541564941406],[128.41014099121105,38.53791809082037],[128.40625,38.542083740234375],[128.40625,38.544860839843864],[128.41180419921875,38.546527862549],[128.4109649658203,38.55263900756836],[128.41180419921875,38.55625152587896],[128.40902709960972,38.557083129882926],[128.40625,38.55569458007818],[128.40708923339855,38.560417175293196],[128.4048614501953,38.559860229492244],[128.4048614501953,38.56513977050781],[128.4037475585941,38.56708145141613],[128.400146484375,38.56680679321312],[128.3976440429691,38.565692901611385],[128.39541625976608,38.56763839721691],[128.39430236816418,38.57013702392601],[128.39541625976608,38.57347106933605],[128.39125061035168,38.57291793823248],[128.38180541992222,38.58152770996111],[128.37930297851562,38.58430480957037],[128.37875366210972,38.58736038208008],[128.37736511230503,38.58847045898443],[128.37319946289062,38.589305877685774],[128.37013244628906,38.59375],[128.3693084716798,38.597915649414006],[128.36708068847656,38.59986114501953],[128.36514282226608,38.60430526733393],[128.36318969726608,38.60486221313488],[128.36152648925827,38.607082366943416],[128.35929870605503,38.61215209960943],[128.34376525878918,38.60490798950195],[128.33642578125023,38.5997009277346],[128.32106018066418,38.592525482177734],[128.3173828125,38.589923858642635],[128.3151092529297,38.586349487304915],[128.31576538085972,38.573936462402344],[128.3150024414066,38.55332946777344],[128.3172302246095,38.53397369384777],[128.31912231445358,38.527015686035156],[128.31878662109398,38.51739883422874],[128.3206939697268,38.51089859008789],[128.3197784423828,38.50589370727556],[128.31227111816418,38.49358749389654],[128.30966186523472,38.484745025634766],[128.3120727539067,38.47271728515631],[128.30955505371094,38.469844818115405],[128.28918457031295,38.4344291687014],[128.28114318847656,38.42718124389671],[128.2610321044922,38.4135437011721],[128.24932861328136,38.403690338134766],[128.24154663085983,38.40033340454107],[128.23066711425804,38.39411926269537],[128.2202606201172,38.381694793701286],[128.21702575683594,38.37654495239269],[128.21429443359386,38.37481689453125],[128.19935607910168,38.36898803710949],[128.19224548339844,38.362388610839844],[128.18710327148438,38.35938262939459],[128.17613220214855,38.35614776611334],[128.17391967773438,38.35348510742193],[128.1634521484375,38.344261169433594],[128.15200805664062,38.33829116821289],[128.14517211914085,38.33145141601557],[128.13771057128906,38.328300476074276],[128.1333923339845,38.32915878295904],[128.12322998046875,38.32932662963867],[128.1160583496095,38.330986022949276],[128.10983276367188,38.32916259765619],[128.08966064453125,38.313663482666016],[128.07830810546875,38.30883407592785],[128.06800842285156,38.306938171386776],[128.05838012695312,38.306392669677734],[128.04695129394554,38.30499649047863],[128.03913879394543,38.305759429931754],[128.02520751953148,38.310878753662166],[128.01393127441406,38.312229156494254],[128.00080871582043,38.311580657958984],[127.98766326904308,38.31552124023443],[127.97873687744152,38.31700897216797],[127.9678192138673,38.3144416809082],[127.95989990234375,38.313365936279354],[127.94979858398438,38.314662933349666],[127.94187927246105,38.31840133666992],[127.93385314941418,38.320304870605526],[127.92720031738293,38.321018218994254],[127.91748046875011,38.323905944824276],[127.89826202392578,38.32852172851568],[127.8933334350586,38.32870483398443],[127.8885269165039,38.32635879516613],[127.87964630126953,38.313846588134766],[127.87098693847656,38.31003952026367],[127.85198211669922,38.30844879150396],[127.83348083496094,38.3004150390625],[127.82942962646484,38.30079650878906],[127.82607269287132,38.302982330322266],[127.82119750976562,38.30912399291998],[127.81289672851562,38.316535949707145],[127.80474090576183,38.32119369506847],[127.79717254638672,38.33614730834961],[127.79065704345714,38.339134216308594],[127.78270721435547,38.33758926391607],[127.77778625488281,38.33317947387701],[127.77326965332043,38.330360412597656],[127.76378631591797,38.32749938964844],[127.75479888916027,38.32782363891607],[127.74234008789085,38.328731536865234],[127.7245864868164,38.32868194580084],[127.71578979492188,38.327392578125114],[127.70255279541027,38.3299293518067],[127.69680023193371,38.32600784301769],[127.6865463256836,38.31971740722662],[127.68184661865234,38.31896972656256],[127.67149353027344,38.320941925048885],[127.65592193603516,38.3233261108399],[127.65366363525402,38.32455444335949],[127.64364624023438,38.32238769531256],[127.62957763671875,38.3203582763673],[127.61361694335949,38.32114791870123],[127.60134887695312,38.330516815185604],[127.58606719970703,38.33311462402355],[127.57489013671886,38.33074951171875],[127.55505371093761,38.32455444335949],[127.53864288330101,38.31686401367193],[127.52635955810547,38.310409545898494],[127.52043914794922,38.308547973632926],[127.50985717773449,38.301113128662166],[127.50359344482433,38.298118591308594],[127.49891662597656,38.29782104492193],[127.4884033203125,38.30230712890625],[127.47543334960938,38.309623718261776],[127.46312713623058,38.313480377197266],[127.45195007324219,38.316608428955135],[127.44753265380871,38.31538009643555],[127.44017791748047,38.314018249511776],[127.43530273437511,38.3153343200683],[127.42211151123058,38.324256896972656],[127.4113006591798,38.3287467956543],[127.40125274658203,38.331138610839844],[127.39053344726562,38.33195877075195],[127.37966918945312,38.33024978637695],[127.36416625976574,38.32296752929693],[127.3597335815432,38.321739196777344],[127.34398651123047,38.32088088989258],[127.33763122558605,38.32177734375],[127.33316802978516,38.319862365722656],[127.32559204101585,38.313915252685604],[127.31802368164074,38.31370925903326],[127.30769348144543,38.31633377075195],[127.30299377441406,38.31557083129883],[127.29766082763672,38.31368255615246],[127.29180908203125,38.312953948974666],[127.28608703613281,38.314743041992244],[127.27487182617199,38.322902679443416],[127.26653289794933,38.32454681396496],[127.25720977783203,38.3243865966798],[127.23873901367188,38.3272705078125],[127.23281860351562,38.32516479492182],[127.21758270263672,38.317165374755916],[127.20716094970714,38.31245422363287],[127.1838607788086,38.305850982666016],[127.16795349121094,38.30176925659191],[127.15577697753906,38.302608489990234],[127.14407348632824,38.30686950683594],[127.13944244384777,38.30724334716797],[127.1323471069336,38.304943084716854],[127.11168670654297,38.29297256469738],[127.10009765625,38.28760147094732],[127.09121704101574,38.278476715088004],[127.08055114746105,38.27421951293951],[127.07554626464855,38.272994995117244],[127.05745697021496,38.25956344604498],[127.04472351074219,38.2544517517091],[127.02789306640636,38.24280929565441],[127.01658630371094,38.23741912841791],[127.01175689697266,38.22771072387701],[127.00598144531261,38.22214889526373],[126.98715209960916,38.206905364989645],[126.98503112792969,38.20043182373047],[126.99090576171886,38.193115234375114],[126.99487304687511,38.18707275390619],[127.00152587890648,38.1787109375],[127.005126953125,38.17248535156256],[127.01092529296886,38.16387939453131],[127.01470947265636,38.15490722656273],[127.02032470703125,38.15124130249029],[127.02752685546886,38.15008544921875],[127.0374755859375,38.1505126953125],[127.07312011718761,38.15411376953125],[127.0828857421875,38.156494140625114],[127.0906982421875,38.15686035156256],[127.09649658203125,38.1539306640625],[127.09883117675793,38.146713256835994],[127.09552001953125,38.12652587890631],[127.0927200317384,38.119255065918026],[127.11386108398438,38.11182785034174],[127.1085205078125,38.10632324218756],[127.0963134765625,38.10131835937506],[127.09130859375023,38.098327636719034],[127.0889129638673,38.092239379882926],[127.09429931640659,38.08587646484381],[127.10150146484386,38.082519531250114],[127.11151123046875,38.07989501953125],[127.119873046875,38.07891845703119],[127.13830566406261,38.07769775390631],[127.14770507812534,38.07672119140631],[127.16851806640625,38.07330322265631],[127.17698669433594,38.072570800781364],[127.18707275390625,38.074096679687614],[127.19732666015625,38.07672119140631],[127.2078857421875,38.07989501953125],[127.21490478515625,38.082519531250114],[127.22210693359375,38.08569335937506],[127.22888183593773,38.08929443359381],[127.25689697265625,38.107482910156364],[127.26647949218761,38.11468505859381],[127.28131103515625,38.12768554687506],[127.28845214843761,38.13371276855469],[127.29608154296886,38.13470458984381],[127.30548095703125,38.131896972656364],[127.31127929687523,38.1280975341798],[127.3072967529298,38.119689941406364],[127.29449462890648,38.10528564453125],[127.2855224609375,38.09411621093756],[127.27471923828136,38.08148193359381],[127.27088928222668,38.07484436035162],[127.27171325683594,38.066848754882926],[127.27664184570324,38.058486938476676],[127.28308105468761,38.0552978515625],[127.29071044921886,38.05572509765631],[127.2965087890625,38.05767822265631],[127.313720703125,38.068115234375],[127.32122039794933,38.07151412963873],[127.32788085937523,38.06829833984375],[127.33470153808594,38.06568908691412],[127.34448242187511,38.06530761718756],[127.35089111328125,38.064453125],[127.35192871093761,38.058471679687614],[127.35288238525402,38.047698974609375],[127.36010742187523,38.042053222656364],[127.36608886718761,38.042724609375],[127.37127685546875,38.046829223632926],[127.37652587890636,38.05328369140631],[127.38387298583984,38.06549072265631],[127.39228820800781,38.06983947753912],[127.4002685546875,38.06886291503906],[127.4080810546875,38.06390380859375],[127.41650390625,38.05511474609375],[127.42309570312511,38.051513671875],[127.43328857421875,38.050292968750114],[127.44012451171875,38.0518798828125],[127.44549560546875,38.05604553222656],[127.45068359375,38.062500000000114],[127.45526885986328,38.0715065002442],[127.46123504638683,38.06919860839838],[127.46565246582043,38.0440673828125],[127.47129821777344,38.02803039550781],[127.47308349609386,38.020324707031364],[127.47290039062511,38.01312255859369],[127.47210693359386,38.00667190551769],[127.47528076171875,37.99409484863281],[127.48272705078125,37.97448730468756],[127.49070739746094,37.956054687500114],[127.49543762207031,37.95042800903332],[127.50390625,37.946899414062614],[127.51531982421875,37.945922851562614],[127.54351806640625,37.9447021484375],[127.5561752319336,37.945110321045036],[127.56231689453136,37.93689727783209],[127.56764984130871,37.918472290039176],[127.568115234375,37.904449462890625],[127.57466125488281,37.90045166015625],[127.58447265625011,37.90087890625006],[127.60484313964855,37.9044189453125],[127.61351013183594,37.90151977539074],[127.61531066894554,37.89324569702143],[127.61543273925781,37.88330841064459],[127.61485290527344,37.86152267456066],[127.61410522460938,37.84807205200195],[127.61230468750011,37.83850097656256],[127.60826873779308,37.83172607421869],[127.60089111328136,37.82452392578125],[127.58270263671898,37.8084716796875],[127.57611083984375,37.803283691406364],[127.57067871093773,37.80029296875],[127.55292510986328,37.79409027099615],[127.5452880859375,37.79248046875],[127.53964233398449,37.788040161132926],[127.53808593750011,37.78088378906256],[127.53851318359386,37.76788330078125],[127.53790283203136,37.760040283203125],[127.53430175781261,37.74847412109381],[127.53504943847668,37.741455078125114],[127.54304504394543,37.71365356445324],[127.54183959960938,37.704467773437614],[127.53668212890625,37.696289062500114],[127.52990722656261,37.68890380859375],[127.52227783203136,37.68188476562506],[127.51908111572266,37.674034118652344],[127.5253143310548,37.66744995117199],[127.54071044921875,37.66888427734375],[127.54646301269554,37.66790771484375],[127.5496826171875,37.66247558593756],[127.55084228515648,37.62371826171881],[127.54632568359386,37.61468505859375],[127.54229736328136,37.60992431640625],[127.54508972167969,37.60284423828119],[127.55400085449219,37.59687423706055],[127.55987548828136,37.593872070312614],[127.56651306152355,37.591903686523494],[127.57563018798828,37.58853530883795],[127.58404541015636,37.59144592285156],[127.589111328125,37.59544754028332],[127.59669494628918,37.595458984375],[127.61462402343761,37.594081878662166],[127.63367462158214,37.58564376831055],[127.64508056640636,37.58172607421875],[127.66448974609375,37.572082519531364],[127.67706298828125,37.567504882812614],[127.6875,37.56170654296875],[127.71051025390636,37.547302246093864],[127.71802520751953,37.54325485229492],[127.72551727294922,37.54108047485357],[127.73445129394531,37.540847778320426],[127.74604797363281,37.53944396972662],[127.75669860839855,37.53125],[127.7718505859375,37.523864746093864],[127.78089904785168,37.523254394531364],[127.80043029785156,37.52565002441406],[127.8074951171875,37.52850341796875],[127.8173294067384,37.52686309814459],[127.827880859375,37.5120849609375],[127.82749938964844,37.5052490234375],[127.82592773437511,37.49969482421875],[127.81684875488281,37.49180603027355],[127.8084716796875,37.4832763671875],[127.7953109741211,37.46829986572271],[127.78930664062511,37.46246337890619],[127.7795181274414,37.45591354370117],[127.77503967285156,37.450454711914006],[127.7752685546875,37.44230651855469],[127.77949523925781,37.4375],[127.7874755859375,37.4337158203125],[127.79791259765636,37.42608642578125],[127.8062438964846,37.417716979980526],[127.80746459960938,37.408908843994254],[127.8074951171875,37.40112304687506],[127.80712890625,37.39410400390631],[127.80828857421875,37.38470458984375],[127.80828857421875,37.37770080566412],[127.80731201171875,37.371093750000114],[127.80470275878906,37.363845825195426],[127.80326080322277,37.35526275634777],[127.799072265625,37.342285156250114],[127.79743957519531,37.33589172363287],[127.79351806640636,37.33050537109375],[127.78430175781273,37.31902313232433],[127.78083801269531,37.310440063476676],[127.78451538085949,37.29264450073242],[127.78548431396496,37.28676223754883],[127.78472900390636,37.27618408203125],[127.78552246093761,37.2666015625],[127.78491210937511,37.255310058593864],[127.78579711914062,37.245086669921875],[127.78640747070335,37.22509765625006],[127.78311157226562,37.215911865234375],[127.7762222290039,37.21256256103527]]]},"properties":{"REGION":"강원"}},
{"type":"Feature","geometry":{"type":"Polygon","coordinates":[[[126.91077423095714,36.894859313965014],[126.91152954101574,36.88986206054699],[126.90541839599621,36.88791656494169],[126.89514160156273,36.888195037841854],[126.88903045654308,36.8870849609375],[126.88236236572288,36.88735961914074],[126.87819671630893,36.88513946533203],[126.8751373291019,36.88486099243164],[126.87069702148449,36.88347244262707],[126.86430358886719,36.88069534301758],[126.85986328125045,36.88097381591797],[126.84097290039085,36.885692596435604],[126.83013916015625,36.8876380920413],[126.82653045654297,36.886249542236385],[126.82624816894577,36.89097213745117],[126.82291412353516,36.89125061035156],[126.81930541992222,36.895137786865405],[126.81874847412132,36.897914886474666],[126.81625366210972,36.90013885498058],[126.81652832031261,36.90263748168968],[126.81513977050781,36.90486145019537],[126.81541442871116,36.909305572509766],[126.81375122070312,36.915416717529524],[126.81291961669933,36.923751831054744],[126.8106918334961,36.92874908447277],[126.80569458007858,36.930137634277514],[126.8012466430664,36.92597198486328],[126.79875183105469,36.93208312988281],[126.79458618164108,36.938194274902344],[126.79597473144577,36.941528320312614],[126.79486083984375,36.94597244262701],[126.79180908203125,36.947639465332145],[126.79096221923874,36.95318984985374],[126.78597259521484,36.95735931396496],[126.78485870361374,36.96041488647461],[126.78319549560592,36.962081909179744],[126.78097534179722,36.96680450439453],[126.78458404541027,36.9726371765139],[126.78485870361374,36.974029541015625],[126.78125000000011,36.977085113525675],[126.77597045898438,36.977359771728516],[126.77375030517578,36.97846984863287],[126.76708221435547,36.979583740234375],[126.75430297851562,36.984027862549],[126.749305725098,36.983196258545206],[126.7481918334961,36.98625183105469],[126.7451400756836,36.98736190795904],[126.741249084473,36.98736190795904],[126.73874664306686,36.988471984863395],[126.73347473144565,36.98791503906244],[126.72791290283203,36.99069595336931],[126.72513580322266,36.991527557373274],[126.71986389160202,36.991527557373274],[126.71180725097702,36.99375152587896],[126.70597076416016,36.9959716796875],[126.70625305175781,36.99347305297857],[126.70458221435558,36.991806030273665],[126.70097351074241,36.99652862548828],[126.70014190673828,36.99847412109375],[126.69708251953125,37.000415802001896],[126.68958282470703,37.000415802001896],[126.68319702148483,36.99874877929699],[126.66402435302734,36.99930572509794],[126.648193359375,36.99930572509794],[126.64291381835938,36.999584197998104],[126.63903045654297,37.00097274780285],[126.63124847412143,37.00263977050781],[126.62708282470703,37.00485992431652],[126.60763549804688,37.01319503784174],[126.58513641357422,37.02264022827154],[126.58041381835949,37.024028778076286],[126.58013916015648,37.026527404785384],[126.57597351074219,37.02736282348633],[126.57375335693382,37.029026031494084],[126.56458282470714,37.033195495605696],[126.5593032836914,37.03708267211914],[126.55458068847679,37.038471221923885],[126.54069519042969,37.03791809082031],[126.53347015380905,37.04180526733393],[126.5287475585942,37.04569625854515],[126.52735900878952,37.05180740356451],[126.52319335937511,37.056526184082315],[126.51985931396518,37.056526184082315],[126.51958465576195,37.059307098388786],[126.50958251953125,37.06208419799805],[126.50013732910202,37.065139770507926],[126.49819183349621,37.06541824340832],[126.49708557128952,37.06208419799805],[126.49514007568371,37.06236267089844],[126.49402618408226,37.05986022949219],[126.4887466430664,37.05986022949219],[126.48152923584007,37.047637939453296],[126.48680877685581,37.04375076293945],[126.48041534423828,37.03736114501953],[126.47486114501976,37.032917022705305],[126.46402740478516,37.02264022827154],[126.46291351318371,37.02208328247076],[126.45958709716831,37.02597045898443],[126.45708465576172,37.02541732788103],[126.45930480957043,37.02291488647455],[126.45986175537121,37.01902770996111],[126.46319580078136,37.018196105957315],[126.46958160400402,37.00847244262695],[126.46930694580112,37.00680541992182],[126.45874786376999,37.00180435180664],[126.45652770996128,37.00125122070324],[126.44819641113281,37.00708389282221],[126.44513702392578,37.00819396972656],[126.43708038330112,37.00819396972656],[126.43235778808594,37.008750915527344],[126.42819213867199,37.012638092041186],[126.4134750366211,37.012359619140625],[126.4112472534182,37.01402664184593],[126.41319274902344,37.01958465576166],[126.41069793701206,37.02013778686546],[126.41041564941406,37.01736068725597],[126.40680694580078,37.01902770996111],[126.40513610839855,37.01736068725597],[126.40985870361328,37.01652908325201],[126.4081954956057,37.012359619140625],[126.40152740478561,37.012359619140625],[126.39624786376964,37.011806488037394],[126.39013671875,37.011806488037394],[126.38680267333996,37.01597213745123],[126.38291931152366,37.01402664184593],[126.38153076171875,37.00958251953131],[126.3640289306644,37.00708389282221],[126.36042022705101,37.00763702392601],[126.36042022705101,37.01069259643566],[126.35402679443382,37.0193061828615],[126.35569763183639,37.023193359375114],[126.35013580322266,37.0193061828615],[126.35402679443382,37.017639160156364],[126.35791778564487,37.011806488037394],[126.35541534423828,37.01152801513683],[126.35458374023449,37.00791549682617],[126.35236358642578,37.00736236572277],[126.35208129882858,37.00485992431652],[126.34319305419922,37.00180435180664],[126.33902740478527,36.99874877929699],[126.33235931396518,36.997081756591854],[126.32986450195312,37.000415802001896],[126.32736206054688,37.00069427490229],[126.3259735107423,36.99625015258789],[126.32707977294922,36.99514007568371],[126.32624816894543,36.99263763427763],[126.32875061035179,36.98680496215826],[126.33152770996139,36.98458480834955],[126.34014129638672,36.98513793945335],[126.34347534179688,36.98347091674805],[126.35346984863327,36.98180007934593],[126.36235809326172,36.982639312744254],[126.3620834350586,36.98041534423834],[126.36374664306652,36.97874832153343],[126.36846923828125,36.98041534423834],[126.37097167968761,36.982917785644645],[126.37236022949253,36.982917785644645],[126.37902832031295,36.98041534423834],[126.37875366210938,36.976806640625284],[126.37541961669956,36.9745826721192],[126.37708282470714,36.97236251831066],[126.3834686279298,36.97236251831066],[126.38625335693371,36.973751068115234],[126.38764190673828,36.970973968505916],[126.38764190673828,36.96875],[126.37541961669956,36.968193054199276],[126.37513732910156,36.964862823486385],[126.37264251708984,36.96125030517578],[126.36846923828125,36.960693359375],[126.36819458007812,36.96402740478544],[126.3651351928711,36.9676399230957],[126.36264038085972,36.96902847290045],[126.35236358642578,36.96902847290045],[126.34764099121116,36.96736145019531],[126.34402465820312,36.96736145019531],[126.3365249633789,36.96902847290045],[126.33569335937511,36.96652603149414],[126.33291625976562,36.96402740478544],[126.33264160156261,36.962081909179744],[126.33430480957031,36.95986175537121],[126.34319305419922,36.95958328247082],[126.34902954101608,36.96097183227539],[126.35097503662132,36.959304809570256],[126.35097503662132,36.95208358764654],[126.35236358642578,36.95097351074219],[126.35569763183639,36.9506950378418],[126.35958099365268,36.95180511474615],[126.3612518310548,36.94902801513689],[126.35847473144531,36.947360992431754],[126.35736083984398,36.94541549682623],[126.35652923584018,36.94097137451183],[126.35930633544922,36.938751220703125],[126.36152648925781,36.93958282470709],[126.3620834350586,36.941806793213175],[126.3651351928711,36.94319534301752],[126.36791992187511,36.94597244262701],[126.37264251708984,36.9462509155274],[126.37486267089844,36.94347381591791],[126.37847137451206,36.944862365722656],[126.3812484741211,36.944862365722656],[126.38180541992188,36.943244934082145],[126.3812484741211,36.9368057250976],[126.38430786132858,36.93736267089855],[126.38430786132858,36.93347167968756],[126.38625335693371,36.93152618408203],[126.38819122314487,36.93152618408203],[126.3918075561528,36.92902755737333],[126.39319610595714,36.929862976074276],[126.3948593139653,36.933193206787166],[126.398193359375,36.93513870239269],[126.40069580078125,36.9323616027832],[126.40347290039062,36.93458175659191],[126.40486145019554,36.93208312988281],[126.40902709960949,36.9323616027832],[126.40791320800804,36.93458175659191],[126.40930175781295,36.936248779297046],[126.40958404541016,36.93958282470709],[126.41236114501964,36.93791580200195],[126.4148635864259,36.93791580200195],[126.42013549804688,36.93513870239269],[126.42013549804688,36.93152618408203],[126.41847229003918,36.92819595336937],[126.42013549804688,36.926807403564624],[126.41874694824219,36.923751831054744],[126.41596984863327,36.923473358154354],[126.41319274902344,36.91958236694336],[126.40763854980514,36.91986083984375],[126.40652465820312,36.921806335449446],[126.40402984619175,36.920970916748104],[126.40486145019554,36.918472290039176],[126.40875244140636,36.917915344238224],[126.40985870361328,36.915416717529524],[126.4081954956057,36.91402816772478],[126.41208648681675,36.912639617920036],[126.40875244140636,36.91041564941412],[126.40958404541016,36.90763854980486],[126.41513824462925,36.9073600769043],[126.4179153442384,36.906250000000114],[126.4265289306644,36.906528472900504],[126.43096923828159,36.90236282348644],[126.42986297607422,36.89875030517584],[126.42402648925804,36.89875030517584],[126.41819763183628,36.89819335937506],[126.41735839843795,36.89597320556652],[126.41513824462925,36.89402770996122],[126.4112472534182,36.894859313965014],[126.41069793701206,36.89652633666992],[126.40708160400425,36.897361755371094],[126.40458679199264,36.8970832824707],[126.40569305419933,36.89374923706066],[126.40374755859375,36.89097213745117],[126.3993072509769,36.89347076416027],[126.39624786376964,36.89347076416027],[126.3951416015625,36.8870849609375],[126.39902496337902,36.88458251953125],[126.39791870117222,36.880416870117415],[126.38513946533237,36.88124847412138],[126.38319396972668,36.882637023925724],[126.37735748291016,36.882637023925724],[126.37430572509766,36.88069534301758],[126.37374877929722,36.87874984741211],[126.36791992187511,36.87958145141607],[126.3643035888673,36.87652587890619],[126.36597442626953,36.87263870239275],[126.36819458007812,36.87263870239275],[126.37041473388683,36.87014007568365],[126.37097167968761,36.867916107177734],[126.37069702148472,36.8576393127442],[126.36569213867222,36.856529235839844],[126.3640289306644,36.85263824462919],[126.36096954345737,36.84986114501953],[126.35569763183639,36.84930419921875],[126.35514068603527,36.847637176513615],[126.35708618164108,36.845138549804915],[126.35874938964889,36.84013748168974],[126.36069488525402,36.83874893188499],[126.36541748046875,36.8337516784668],[126.3651351928711,36.83180618286127],[126.35986328125,36.83124923706072],[126.35680389404297,36.83180618286127],[126.3526382446289,36.83541488647472],[126.3526382446289,36.83763885498064],[126.34874725341797,36.84375],[126.34597015380905,36.84458160400396],[126.34291839599655,36.84680557250982],[126.34347534179688,36.85152816772484],[126.34569549560547,36.85402679443354],[126.34569549560547,36.8576393127442],[126.34791564941418,36.859584808349666],[126.34735870361374,36.8612518310548],[126.34263610839844,36.8618049621582],[126.34180450439464,36.859859466552905],[126.33847045898472,36.859859466552905],[126.33597564697277,36.8618049621582],[126.33208465576183,36.86347198486334],[126.32930755615268,36.862640380859375],[126.32736206054688,36.86041641235346],[126.32707977294922,36.85791778564476],[126.32485961914108,36.85458374023449],[126.3245849609375,36.851249694824276],[126.31986236572277,36.85208511352539],[126.32125091552768,36.84986114501953],[126.32402801513672,36.84986114501953],[126.32430267334018,36.847362518310604],[126.31986236572277,36.84347152709961],[126.31735992431686,36.84347152709961],[126.31930541992199,36.83847045898443],[126.32319641113293,36.835693359375114],[126.327919006348,36.83541488647472],[126.32763671875,36.8337516784668],[126.3245849609375,36.830139160156364],[126.3268051147461,36.827362060546875],[126.3259735107423,36.824306488037394],[126.33041381835938,36.81986236572277],[126.33680725097656,36.816249847412166],[126.3334732055664,36.81458282470703],[126.32847595214889,36.81458282470703],[126.32291412353527,36.81958389282238],[126.32041931152389,36.818473815918026],[126.32069396972656,36.81680679321312],[126.31791687011719,36.815971374511776],[126.31791687011719,36.81402587890625],[126.31375122070324,36.812637329101506],[126.31153106689453,36.81319427490246],[126.30764007568405,36.815692901611385],[126.30569458007812,36.815692901611385],[126.30236053466831,36.812637329101506],[126.30458068847702,36.81069564819336],[126.30403137207043,36.8084716796875],[126.30541992187534,36.80682373046881],[126.3029174804692,36.80513763427763],[126.3009719848634,36.806526184081974],[126.29930877685581,36.809581756591854],[126.29541778564453,36.80736160278332],[126.2948608398442,36.804027557373274],[126.29680633544945,36.80236053466797],[126.29430389404308,36.800415039062614],[126.29347229003929,36.797916412353516],[126.29125213623058,36.797916412353516],[126.28791809082065,36.79958343505865],[126.2884750366211,36.800693511963004],[126.28597259521484,36.804027557373274],[126.28652954101597,36.80819320678711],[126.28819274902355,36.81430435180664],[126.28652954101597,36.815971374511776],[126.28291320800815,36.816249847412166],[126.2809753417971,36.81791687011747],[126.2809753417971,36.81986236572277],[126.28347015380905,36.824306488037394],[126.28597259521484,36.82319259643566],[126.2906951904298,36.82319259643566],[126.29680633544945,36.824859619140796],[126.3006973266605,36.827640533447266],[126.30403137207043,36.82875061035162],[126.30625152587913,36.830417633056925],[126.31291961669945,36.830696105957315],[126.31569671630905,36.83208465576166],[126.31735992431686,36.83791732788103],[126.30986022949253,36.83847045898443],[126.30791473388672,36.83930587768555],[126.30430603027344,36.83847045898443],[126.30458068847702,36.841526031494084],[126.3006973266605,36.842082977295036],[126.29513549804688,36.841804504394645],[126.29430389404308,36.84569549560547],[126.29597473144531,36.847637176513615],[126.29652404785179,36.853195190429744],[126.2995834350586,36.85514068603527],[126.30041503906261,36.856803894043026],[126.3029174804692,36.8576393127442],[126.30486297607422,36.859859466552905],[126.3031921386721,36.86069488525385],[126.3026351928711,36.86402893066412],[126.3031921386721,36.86624908447283],[126.30819702148438,36.86652755737322],[126.30819702148438,36.87014007568365],[126.31180572509766,36.87263870239275],[126.31319427490246,36.87597274780279],[126.31263732910179,36.88097381591797],[126.31541442871094,36.88486099243164],[126.31930541992199,36.885971069335994],[126.32319641113293,36.88458251953125],[126.32958221435558,36.88541793823259],[126.33069610595703,36.88986206054699],[126.32180786132858,36.89097213745117],[126.32041931152389,36.892082214355526],[126.32069396972656,36.897361755371094],[126.31986236572277,36.89986038208019],[126.31986236572277,36.90458297729498],[126.31263732910179,36.90513992309576],[126.31097412109375,36.90819549560541],[126.30791473388672,36.910137176513956],[126.30930328369163,36.912361145019645],[126.30735778808594,36.91485977172857],[126.30403137207043,36.91569519042969],[126.2995834350586,36.920970916748104],[126.30347442626964,36.923473358154354],[126.30180358886719,36.92597198486328],[126.30180358886719,36.929584503173885],[126.30486297607422,36.93402862548834],[126.30486297607422,36.93958282470709],[126.30180358886719,36.94124984741222],[126.3026351928711,36.945137023926065],[126.30735778808594,36.94652938842779],[126.30764007568405,36.94930648803728],[126.31041717529308,36.95402908325207],[126.31041717529308,36.9556961059572],[126.30847167968784,36.95791625976591],[126.30513763427734,36.956527709961165],[126.30403137207043,36.95458221435547],[126.30180358886719,36.95486068725586],[126.29930877685581,36.956806182861555],[126.29985809326195,36.95986175537121],[126.29846954345703,36.96180725097673],[126.2937469482423,36.96152877807617],[126.29319763183639,36.96374893188488],[126.29597473144531,36.96569442749018],[126.30403137207043,36.96597290039074],[126.30625152587913,36.970710754394645],[126.30847167968784,36.973472595214844],[126.30569458007812,36.97513961791998],[126.30569458007812,36.979583740234375],[126.30041503906261,36.97847366333002],[126.29846954345703,36.97652816772472],[126.29708099365268,36.9726371765139],[126.2948608398442,36.9701385498048],[126.29096984863315,36.97069549560575],[126.28986358642578,36.96986007690441],[126.28514099121105,36.96958160400402],[126.2848587036134,36.96541595458979],[126.28069305419945,36.96347045898449],[126.2818069458009,36.96152877807617],[126.2848587036134,36.96125030517578],[126.28680419921875,36.95791625976591],[126.28680419921875,36.95430374145508],[126.289306640625,36.95180511474615],[126.28819274902355,36.947360992431754],[126.28902435302734,36.938751220703125],[126.28819274902355,36.936248779297046],[126.2918090820317,36.935695648193644],[126.29096984863315,36.93180465698242],[126.2923583984375,36.92847061157238],[126.289306640625,36.921806335449446],[126.2918090820317,36.921806335449446],[126.29096984863315,36.91930389404297],[126.28763580322277,36.91902923583996],[126.28791809082065,36.91402816772478],[126.28514099121105,36.912639617920036],[126.28347015380905,36.9084739685058],[126.28514099121105,36.90569305419933],[126.28458404541027,36.903751373291016],[126.28763580322277,36.90180587768549],[126.2848587036134,36.8995819091798],[126.28069305419945,36.90180587768549],[126.27652740478516,36.89847183227545],[126.27180480957043,36.89930725097679],[126.2643051147461,36.90458297729498],[126.26180267334007,36.9040260314942],[126.25180816650436,36.90819549560541],[126.24819183349643,36.909305572509766],[126.24847412109375,36.91125106811529],[126.25180816650436,36.91125106811529],[126.25347137451217,36.91374969482422],[126.25096893310547,36.91485977172857],[126.24903106689476,36.91374969482422],[126.24569702148483,36.91374969482422],[126.24124908447266,36.91041564941412],[126.2345809936528,36.9084739685058],[126.22985839843773,36.909305572509766],[126.22875213623047,36.906528472900504],[126.22541809082031,36.906806945801065],[126.21819305419933,36.90513992309576],[126.21597290039062,36.90236282348644],[126.21597290039062,36.8995819091798],[126.21236419677734,36.89819335937506],[126.2073593139653,36.89902877807623],[126.2073593139653,36.903472900390625],[126.2045822143557,36.90541839599615],[126.20263671875,36.90486145019537],[126.20180511474621,36.90263748168968],[126.20486450195324,36.900417327881144],[126.2045822143557,36.89652633666992],[126.20263671875,36.894859313965014],[126.19985961914062,36.894584655761776],[126.1973648071289,36.89319610595726],[126.19708251953159,36.89097213745117],[126.19985961914062,36.89069366455078],[126.20069122314499,36.889026641845646],[126.1973648071289,36.885971069335994],[126.19291687011719,36.88486099243164],[126.19041442871094,36.88874816894548],[126.18819427490234,36.88930511474604],[126.18208312988304,36.888195037841854],[126.1795806884769,36.889026641845646],[126.1776351928711,36.88680648803734],[126.1768035888673,36.88347244262707],[126.18041992187545,36.88347244262707],[126.18264007568393,36.88152694702177],[126.18624877929699,36.88236236572271],[126.1884689331057,36.87902832031267],[126.19180297851585,36.87652587890619],[126.18930816650425,36.87458419799805],[126.18985748291016,36.871528625488395],[126.1854171752932,36.87069320678722],[126.18347167968795,36.86902618408209],[126.18319702148449,36.86652755737322],[126.18514251708984,36.86624908447283],[126.18708038330078,36.868194580078125],[126.19013977050827,36.86652755737322],[126.19125366210938,36.86319351196295],[126.18902587890636,36.8612518310548],[126.1906967163086,36.859859466552905],[126.19013977050827,36.85597229003906],[126.19569396972668,36.85847091674816],[126.20014190673828,36.856803894043026],[126.19819641113304,36.84958267211914],[126.1951370239259,36.845138549804915],[126.18902587890636,36.83958435058594],[126.18041992187545,36.83541488647472],[126.17819213867222,36.833473205566406],[126.17819213867222,36.83124923706072],[126.18235778808605,36.830970764160156],[126.18458557128906,36.82986068725597],[126.19319152832077,36.82013702392578],[126.19152832031295,36.818473815918026],[126.18430328369175,36.821250915527344],[126.18152618408203,36.81986236572277],[126.18514251708984,36.81513977050781],[126.18374633789062,36.812362670898494],[126.18430328369175,36.80902862548845],[126.18680572509766,36.807083129882926],[126.18763732910156,36.80458450317383],[126.19319152832077,36.80486297607422],[126.19264221191418,36.79958343505865],[126.19430541992188,36.79680633544916],[126.19430541992188,36.79375076293951],[126.19569396972668,36.792083740234375],[126.19569396972668,36.78791809082054],[126.19875335693371,36.78402709960932],[126.1920852661134,36.78541564941406],[126.19235992431675,36.79069519042963],[126.18930816650425,36.79458236694347],[126.18930816650425,36.796527862549],[126.18597412109386,36.800415039062614],[126.18514251708984,36.80347061157232],[126.17903137207054,36.8079185485841],[126.17903137207054,36.812637329101506],[126.1768035888673,36.812637329101506],[126.17514038085972,36.80875015258789],[126.1720809936528,36.80819320678711],[126.17097473144531,36.812915802001896],[126.17236328125,36.815692901611385],[126.17041778564464,36.81791687011747],[126.1737518310548,36.82208251953131],[126.1745834350586,36.824314117431925],[126.17041778564464,36.824859619140796],[126.16680908203159,36.82902908325201],[126.16791534423828,36.830970764160156],[126.16791534423828,36.835693359375114],[126.17180633544922,36.84097290039068],[126.16874694824219,36.84263992309582],[126.16652679443371,36.84263992309582],[126.16458129882858,36.84069442749029],[126.16124725341797,36.84097290039068],[126.16319274902366,36.845417022705305],[126.16152954101608,36.84958267211914],[126.16014099121116,36.850692749023494],[126.15680694580101,36.84902954101574],[126.15680694580101,36.84680557250982],[126.1554183959961,36.84458160400396],[126.15291595458984,36.844860076904354],[126.15041351318382,36.84708404541021],[126.14819335937511,36.84569549560547],[126.15347290039085,36.841526031494084],[126.15319824218795,36.83930587768555],[126.1545867919923,36.83791732788103],[126.15125274658214,36.836528778076286],[126.15069580078136,36.839027404785384],[126.14569091796875,36.83930587768555],[126.14485931396496,36.83763885498064],[126.14875030517624,36.83486175537115],[126.14986419677734,36.832916259765625],[126.15264129638706,36.832916259765625],[126.15819549560547,36.82624816894554],[126.15625000000045,36.82069396972656],[126.15625000000045,36.81708145141613],[126.14958190918003,36.81680679321312],[126.14930725097656,36.815971374511776],[126.15347290039085,36.81319427490246],[126.15152740478516,36.812084197998104],[126.14514160156261,36.810417175293196],[126.14263916015625,36.80875015258789],[126.14569091796875,36.80569458007818],[126.14569091796875,36.80347061157232],[126.14986419677734,36.80347061157232],[126.15041351318382,36.801528930664176],[126.14819335937511,36.79958343505865],[126.14708709716842,36.796527862549],[126.14680480957031,36.791805267333984],[126.14541625976562,36.789028167724894],[126.1415252685548,36.78486251831066],[126.13375091552768,36.78263854980497],[126.13069152832077,36.78291702270536],[126.13180541992199,36.77930450439453],[126.13375091552768,36.77930450439453],[126.13375091552768,36.77652740478544],[126.13097381591797,36.774581909179744],[126.12708282470737,36.77402877807634],[126.12069702148438,36.77402877807634],[126.11985778808594,36.771251678466854],[126.11708068847656,36.76930618286133],[126.11264038085972,36.771251678466854],[126.11235809326183,36.76847076416021],[126.11541748046898,36.765972137451286],[126.11875152587913,36.765972137451286],[126.12097167968784,36.76458358764654],[126.11930847168003,36.760139465332145],[126.12319183349655,36.759860992431754],[126.12264251708996,36.75597381591808],[126.12097167968784,36.75374984741222],[126.12486267089866,36.75236129760748],[126.12458038330124,36.74902725219721],[126.12875366210949,36.75013732910156],[126.12930297851608,36.7518043518067],[126.13263702392578,36.751251220703125],[126.13180541992199,36.748195648193416],[126.13014221191406,36.745693206787166],[126.13263702392578,36.74347305297863],[126.13430786132858,36.74041748046898],[126.13097381591797,36.73764038085949],[126.12819671630882,36.73680496215832],[126.12763977050827,36.73263931274431],[126.12596893310547,36.73125076293957],[126.12513732910168,36.72680664062494],[126.12152862548874,36.72597122192383],[126.12180328369163,36.72402954101568],[126.12403106689487,36.72263717651373],[126.12374877929688,36.719306945801065],[126.12596893310547,36.71847152709972],[126.12596893310547,36.7165260314942],[126.12264251708996,36.71458435058605],[126.12097167968784,36.71458435058605],[126.12097167968784,36.71125030517584],[126.11902618408214,36.70930480957031],[126.11902618408214,36.707359313965014],[126.12347412109375,36.707359313965014],[126.12735748291016,36.71263885498075],[126.13180541992199,36.715972900390625],[126.13680267334018,36.719028472900675],[126.13819122314487,36.72236251831055],[126.14013671875,36.72263717651373],[126.14319610595703,36.725139617920036],[126.14319610595703,36.72652816772478],[126.1490249633789,36.7279167175293],[126.15180206298874,36.73014068603521],[126.15264129638706,36.73458480834961],[126.15180206298874,36.74013900756859],[126.14986419677734,36.74263763427729],[126.14930725097656,36.745418548584155],[126.14763641357433,36.74763870239286],[126.14819335937511,36.74986267089855],[126.1443023681644,36.75041580200195],[126.14097595214866,36.75374984741222],[126.14069366455101,36.756526947021484],[126.13903045654342,36.75791549682623],[126.1393051147461,36.7612495422365],[126.14291381835972,36.76097106933594],[126.1443023681644,36.75763702392584],[126.14847564697266,36.75847244262701],[126.14930725097656,36.75569534301752],[126.15430450439464,36.75569534301752],[126.15736389160168,36.75458526611334],[126.16319274902366,36.75847244262701],[126.16986083984409,36.75847244262701],[126.17292022705101,36.75791549682623],[126.1765289306644,36.75847244262701],[126.17736053466842,36.757362365722656],[126.18096923828125,36.75847244262701],[126.18347167968795,36.757083892822266],[126.18374633789062,36.75513839721697],[126.19097137451206,36.756805419921875],[126.19291687011719,36.75569534301752],[126.19291687011719,36.75374984741222],[126.18902587890636,36.750972747802734],[126.18653106689464,36.74791717529325],[126.18264007568393,36.7473602294923],[126.18264007568393,36.745140075683594],[126.18875122070335,36.7448616027832],[126.18985748291016,36.74319458007824],[126.19291687011719,36.742362976074276],[126.19430541992188,36.739307403564624],[126.19819641113304,36.7373619079591],[126.20291900634811,36.735973358154354],[126.20597076416061,36.736251831054744],[126.20986175537143,36.739582061767635],[126.21541595458984,36.739307403564624],[126.21402740478538,36.73708343505871],[126.20986175537143,36.73263931274431],[126.20847320556652,36.72958374023443],[126.20319366455078,36.72652816772478],[126.20291900634811,36.72124862670921],[126.20625305175781,36.722084045410156],[126.21291351318393,36.72652816772478],[126.21569824218795,36.72624969482439],[126.22152709960938,36.72291564941412],[126.22319793701217,36.72097396850597],[126.22291564941406,36.71736145019537],[126.21708679199264,36.71069335937506],[126.21485900878918,36.70875167846691],[126.21263885498047,36.70875167846691],[126.20791625976574,36.706806182861385],[126.2073593139653,36.704860687255916],[126.19819641113304,36.70513916015648],[126.19596862792969,36.706806182861385],[126.19264221191418,36.707084655761776],[126.19125366210938,36.70847320556652],[126.18624877929699,36.710414886474666],[126.18458557128906,36.71319580078131],[126.18264007568393,36.71458435058605],[126.17624664306652,36.71430587768549],[126.17402648925781,36.715694427490234],[126.16791534423828,36.71763992309576],[126.1651382446289,36.7165260314942],[126.16541290283237,36.71513748168945],[126.16152954101608,36.712917327881144],[126.16152954101608,36.710140228271484],[126.16263580322266,36.70819473266613],[126.16041564941418,36.70652770996122],[126.15152740478516,36.70569610595703],[126.14958190918003,36.70513916015648],[126.14653015136753,36.70180511474621],[126.14847564697266,36.701248168945256],[126.15125274658214,36.69736099243164],[126.1490249633789,36.69486236572271],[126.15069580078136,36.692638397217024],[126.15013885498092,36.689861297607536],[126.15264129638706,36.6845817565918],[126.15208435058594,36.67930603027338],[126.1554183959961,36.67708206176769],[126.15902709960938,36.67708206176769],[126.16041564941418,36.6781959533692],[126.16291809082077,36.67736053466808],[126.164306640625,36.675140380859375],[126.16652679443371,36.67708206176769],[126.1693038940432,36.67708206176769],[126.17097473144531,36.67958450317394],[126.17402648925781,36.6781959533692],[126.17569732666061,36.674861907958984],[126.17874908447311,36.67569351196295],[126.18125152587925,36.67736053466808],[126.18486022949264,36.677639007568644],[126.18680572509766,36.67680740356468],[126.18708038330078,36.67291641235346],[126.18985748291016,36.675140380859375],[126.19430541992188,36.67625045776373],[126.1973648071289,36.67541503906256],[126.1993026733403,36.678470611572436],[126.19902801513683,36.68319320678722],[126.19763946533249,36.6856956481933],[126.20097351074219,36.68708419799805],[126.2045822143557,36.68708419799805],[126.21013641357422,36.68847274780279],[126.20986175537143,36.691806793212834],[126.20791625976574,36.69319534301758],[126.21180725097668,36.69458389282232],[126.21402740478538,36.69347381591797],[126.21541595458984,36.69486236572271],[126.21902465820312,36.69291687011719],[126.22291564941406,36.692085266113224],[126.22374725341808,36.69402694702154],[126.22819519042969,36.693191528320426],[126.23236083984409,36.695137023925724],[126.23124694824219,36.70041656494146],[126.23486328125,36.70236206054699],[126.23902893066452,36.7020835876466],[126.23986053466831,36.70569610595703],[126.23596954345749,36.70652770996122],[126.23402404785168,36.71180725097679],[126.23596954345749,36.71791839599632],[126.24208068847702,36.71708297729498],[126.24708557128906,36.71763992309576],[126.25041961669967,36.713748931884936],[126.25208282470726,36.713748931884936],[126.25347137451217,36.71791839599632],[126.25819396972656,36.71708297729498],[126.25958251953136,36.72041702270502],[126.26319122314499,36.72069549560541],[126.26680755615234,36.72735977172874],[126.2706909179692,36.730693817138786],[126.27680206298862,36.730693817138786],[126.28208160400436,36.7254180908206],[126.28208160400436,36.72375106811529],[126.27847290039074,36.72013854980486],[126.27541351318371,36.72013854980486],[126.27458190917991,36.72319412231451],[126.273193359375,36.7234725952149],[126.27430725097702,36.72819519042969],[126.27208709716831,36.72819519042969],[126.2706909179692,36.724582672119254],[126.273193359375,36.722084045410156],[126.27347564697266,36.71847152709972],[126.27041625976562,36.71458435058605],[126.2706909179692,36.710414886474666],[126.27291870117233,36.70569610595703],[126.27263641357422,36.70236206054699],[126.2701416015625,36.70236206054699],[126.265419006348,36.6995849609375],[126.26374816894531,36.69708251953125],[126.26180267334007,36.69652938842785],[126.2612533569336,36.69152832031267],[126.2626419067384,36.689582824707145],[126.26152801513717,36.68791580200201],[126.26208496093761,36.684307098388956],[126.26652526855469,36.683471679687614],[126.26736450195312,36.680416107177734],[126.26403045654331,36.67958450317394],[126.26319122314499,36.67708206176769],[126.26513671875011,36.67625045776373],[126.26403045654331,36.672359466552905],[126.2656936645509,36.67069625854492],[126.26985931396484,36.672359466552905],[126.2740249633789,36.67097091674816],[126.27652740478516,36.67097091674816],[126.27791595458996,36.67263793945307],[126.28125000000034,36.67347335815441],[126.2848587036134,36.67152786254911],[126.2906951904298,36.665416717529354],[126.2937469482423,36.65930557250982],[126.29708099365268,36.65847396850586],[126.29652404785179,36.654304504394645],[126.29736328125011,36.65069580078119],[126.29902648925781,36.648750305175895],[126.3006973266605,36.64236068725597],[126.3012466430664,36.633750915527344],[126.3006973266605,36.62569427490246],[126.2981948852539,36.62069320678711],[126.29430389404308,36.61819458007818],[126.28874969482467,36.61680603027344],[126.28819274902355,36.619583129882926],[126.28652954101597,36.62014007568371],[126.28347015380905,36.62319564819336],[126.2818069458009,36.62152862548845],[126.28680419921875,36.61847305297857],[126.28819274902355,36.61597061157249],[126.29013824462936,36.60569381713873],[126.28986358642578,36.60069274902355],[126.28763580322277,36.59791564941406],[126.28319549560547,36.595695495605526],[126.28291320800815,36.59180450439453],[126.28736114501976,36.589584350585994],[126.28791809082065,36.587638854980696],[126.29096984863315,36.58625030517595],[126.2915267944336,36.58152770996094],[126.29013824462936,36.58013916015642],[126.2937469482423,36.57708358764654],[126.29708099365268,36.58180618286133],[126.29902648925781,36.58180618286133],[126.30208587646484,36.584304809570426],[126.30486297607422,36.5851402282716],[126.3059692382817,36.590137481689396],[126.30569458007812,36.59180450439453],[126.3031921386721,36.593193054199276],[126.30486297607422,36.59458160400402],[126.30680847168003,36.592918395996264],[126.31014251708996,36.592639923095874],[126.31153106689453,36.58819580078125],[126.31485748291016,36.58874893188505],[126.31680297851574,36.58791732788086],[126.31986236572277,36.593471527099666],[126.31986236572277,36.59513854980497],[126.32291412353527,36.6012496948245],[126.32514190673828,36.601528167724894],[126.32819366455078,36.604305267333984],[126.33180236816429,36.60874938964861],[126.3365249633789,36.61125183105469],[126.33958435058594,36.61430740356474],[126.34180450439464,36.61430740356474],[126.34541320800793,36.61652755737305],[126.34986114501987,36.6176376342774],[126.35652923584018,36.61819458007818],[126.35597229003906,36.622638702392805],[126.35819244384777,36.62402725219732],[126.3643035888673,36.62625122070324],[126.36819458007812,36.62347412109375],[126.36930847168003,36.62152862548845],[126.37208557128906,36.61986160278332],[126.37791442871094,36.6209716796875],[126.38014221191418,36.619583129882926],[126.38569641113327,36.61791610717779],[126.38957977294956,36.61875152587896],[126.39847564697311,36.61847305297857],[126.41208648681675,36.61513900756853],[126.41402435302734,36.61430740356474],[126.41569519042969,36.607639312744425],[126.41319274902344,36.604862213134766],[126.42597198486328,36.604862213134766],[126.42874908447311,36.604305267333984],[126.4301376342778,36.602359771728686],[126.43402862548862,36.602359771728686],[126.43902587890625,36.60013961792015],[126.44235992431675,36.5995826721192],[126.44652557373058,36.59763717651367],[126.44819641113281,36.59763717651367],[126.45402526855469,36.595695495605526],[126.45458221435547,36.59069442749035],[126.45708465576172,36.58791732788086],[126.46291351318371,36.58541488647461],[126.46430206298862,36.578472137451286],[126.46208190917991,36.57652664184576],[126.46541595459007,36.57152938842796],[126.46708679199264,36.567081451416186],[126.46708679199264,36.564029693603686],[126.47041320800781,36.56013870239286],[126.47013854980514,36.557640075683764],[126.46708679199264,36.554862976074276],[126.46652984619152,36.552082061767635],[126.46347045898483,36.54735946655302],[126.46375274658203,36.54513931274431],[126.46875000000023,36.53902816772455],[126.47347259521484,36.538471221924],[126.47958374023438,36.53486251831055],[126.48041534423828,36.53291702270502],[126.48513793945347,36.52986145019537],[126.48791503906261,36.5265274047851],[126.4876403808596,36.52375030517601],[126.4887466430664,36.52041625976574],[126.491249084473,36.52152633666992],[126.4968032836914,36.527915954589844],[126.49958038330112,36.528472900390625],[126.50125122070324,36.531250000000284],[126.5045852661134,36.531250000000284],[126.50708007812534,36.528751373291016],[126.51013946533226,36.528751373291016],[126.51291656494186,36.52569580078131],[126.51319122314476,36.52347183227545],[126.51958465576195,36.52347183227545],[126.52263641357445,36.522640228271655],[126.52625274658214,36.52041625976574],[126.53152465820312,36.51874923706083],[126.53458404541016,36.51514053344738],[126.53930664062534,36.510692596435604],[126.54319763183639,36.508193969726676],[126.55014038085938,36.50624847412115],[126.55486297607433,36.50624847412115],[126.55680847168003,36.50847244262707],[126.56014251708984,36.50624847412115],[126.55708312988281,36.5051383972168],[126.54792022705078,36.50541687011719],[126.54513549804699,36.50402832031244],[126.54041290283203,36.504859924316634],[126.53874969482445,36.50680541992193],[126.53319549560558,36.510971069336165],[126.53180694580124,36.513748168945256],[126.52958679199253,36.51486206054699],[126.5259704589846,36.51847076416044],[126.5240249633789,36.519584655761776],[126.52014160156261,36.519584655761776],[126.51902770996139,36.52097320556652],[126.5165252685548,36.52013778686518],[126.51013946533226,36.52069473266613],[126.50514221191406,36.52486038208036],[126.50152587890625,36.522361755371094],[126.49847412109375,36.52180480957031],[126.49819183349621,36.52013778686518],[126.492919921875,36.51736068725609],[126.49208068847702,36.51486206054699],[126.4901351928711,36.51263809204107],[126.4901351928711,36.50902938842802],[126.4854202270509,36.50875091552746],[126.48263549804688,36.50680541992193],[126.48180389404308,36.501525878906364],[126.47958374023438,36.49736022949236],[126.47875213623058,36.48847198486334],[126.48014068603516,36.48485946655268],[126.4798583984375,36.47958374023449],[126.48041534423828,36.476806640625],[126.48291778564499,36.472362518310604],[126.48652648925781,36.47041702270508],[126.4876403808596,36.46791839599638],[126.48486328125011,36.46486282348633],[126.4854202270509,36.461528778076456],[126.4876403808596,36.45986175537115],[126.4876403808596,36.45680618286144],[126.4856948852539,36.45347213745123],[126.48958587646484,36.45041656494152],[126.4906921386721,36.44708251953131],[126.4968032836914,36.44569396972656],[126.49903106689453,36.443195343017635],[126.49652862548862,36.4415283203125],[126.49514007568371,36.43847274780285],[126.49514007568371,36.434307098388615],[126.49624633789062,36.43236160278332],[126.50041961669945,36.431804656982536],[126.50208282470703,36.43347167968767],[126.5076370239259,36.43624877929693],[126.51069641113315,36.43930435180664],[126.51264190673828,36.43986129760759],[126.51902770996139,36.443473815918026],[126.5240249633789,36.44374847412104],[126.5254135131836,36.45013809204096],[126.52735900878952,36.45375061035179],[126.52735900878952,36.45569610595709],[126.52930450439464,36.45708465576183],[126.53569793701195,36.45624923706049],[126.53569793701195,36.460693359375114],[126.53874969482445,36.464027404785156],[126.53902435302746,36.46625137329107],[126.54208374023449,36.46875000000017],[126.54513549804699,36.47013854980469],[126.54513549804699,36.47180557250982],[126.55014038085938,36.47180557250982],[126.553749084473,36.472637176513786],[126.55569458007812,36.475418090820256],[126.56180572509777,36.478473663330135],[126.56124877929722,36.48319625854492],[126.56236267089844,36.484306335449276],[126.56625366210938,36.481803894043026],[126.56680297851562,36.47958374023449],[126.57291412353516,36.48347091674833],[126.57485961914108,36.481529235840014],[126.58430480957031,36.4793052673341],[126.58458709716842,36.47763824462896],[126.58819580078125,36.475692749023494],[126.59291839599632,36.475971221924055],[126.6009750366211,36.477916717529354],[126.60346984863327,36.47986221313488],[126.61042022705078,36.48291778564453],[126.61235809326206,36.48041534423828],[126.61042022705078,36.47958374023449],[126.60430908203125,36.4748611450197],[126.60124969482456,36.47180557250982],[126.59569549560592,36.47152709960943],[126.59263610839866,36.469860076904524],[126.58597564697311,36.469581604004134],[126.58347320556652,36.47180557250982],[126.57791900634777,36.472637176513786],[126.57736206054699,36.47430419921875],[126.57319641113327,36.475971221924055],[126.56903076171875,36.47152709960943],[126.56819152832043,36.46486282348633],[126.56930541992188,36.4634704589846],[126.56541442871094,36.457637786865234],[126.56569671630905,36.452362060546875],[126.56208038330124,36.45041656494152],[126.55319213867188,36.45291519165045],[126.5495834350586,36.45291519165045],[126.54763793945358,36.44958496093756],[126.54041290283203,36.45013809204096],[126.53736114501953,36.44791793823242],[126.53652954101574,36.442916870117244],[126.53263854980503,36.43986129760759],[126.52764129638672,36.43958282470703],[126.5223617553711,36.440692901611385],[126.5165252685548,36.43847274780285],[126.5134735107423,36.434860229492415],[126.51097106933605,36.434307098388615],[126.50930786132847,36.43097305297857],[126.50541687011719,36.42736053466814],[126.50347137451195,36.42652893066435],[126.49458312988293,36.425693511963004],[126.49624633789062,36.42180633544933],[126.49319458007812,36.42208480834972],[126.49180603027355,36.417083740234375],[126.48902893066452,36.4156951904298],[126.48791503906261,36.41069412231445],[126.48513793945347,36.40958404541027],[126.48513793945347,36.405693054199276],[126.48374938964878,36.40430450439453],[126.48596954345749,36.402084350585994],[126.48486328125011,36.39791488647461],[126.48124694824241,36.396526336670036],[126.48291778564499,36.39513778686529],[126.48291778564499,36.39152908325224],[126.48180389404308,36.38874816894537],[126.47958374023438,36.387359619140625],[126.4798583984375,36.38263702392584],[126.48208618164097,36.381248474121094],[126.48652648925781,36.3804168701173],[126.4884719848634,36.382083892822266],[126.49208068847702,36.38097381591808],[126.49958038330112,36.381805419921875],[126.50152587890625,36.37958526611334],[126.50653076171875,36.37958526611334],[126.51069641113315,36.3804168701173],[126.51235961914097,36.3779182434082],[126.51791381835938,36.37374877929682],[126.52041625976574,36.37374877929682],[126.52208709716831,36.370140075683764],[126.52625274658214,36.36763763427746],[126.52819824218784,36.36541748046875],[126.53041839599655,36.36513900756836],[126.53375244140625,36.3623619079591],[126.53847503662155,36.36013793945318],[126.54458618164108,36.355972290039176],[126.54513549804699,36.35430526733404],[126.55680847168003,36.35347366333008],[126.55874633789062,36.3529167175293],[126.56569671630905,36.352638244628906],[126.57041931152366,36.35152816772455],[126.57458496093761,36.35152816772455],[126.5826416015625,36.349582672119254],[126.5754165649414,36.349304199218864],[126.57291412353516,36.350139617920206],[126.56513977050793,36.35041809082037],[126.56346893310592,36.350971221924],[126.55874633789062,36.35041809082037],[126.5529174804692,36.34763717651373],[126.5506973266605,36.34763717651373],[126.5487518310548,36.34513854980463],[126.54513549804699,36.34236145019554],[126.54374694824219,36.33930587768566],[126.53791809082065,36.33930587768566],[126.53541564941429,36.337917327880916],[126.53263854980503,36.33819580078131],[126.52958679199253,36.33708190917997],[126.52708435058594,36.334861755371264],[126.52124786376953,36.33319473266613],[126.5176391601567,36.32847213745134],[126.51403045654308,36.325973510742244],[126.51041412353527,36.32541656494146],[126.50624847412155,36.329029083251896],[126.50263977050815,36.32764053344755],[126.50347137451195,36.32513809204107],[126.49986267089844,36.32485961914068],[126.5068054199221,36.31958389282232],[126.50819396972656,36.316806793213004],[126.51513671875,36.30764007568382],[126.5176391601567,36.30097198486351],[126.51597595214889,36.299861907959155],[126.51736450195324,36.29735946655268],[126.51985931396518,36.297084808349666],[126.52486419677734,36.299861907959155],[126.52708435058594,36.29847335815441],[126.5265274047855,36.296527862548885],[126.5287475585942,36.29458236694359],[126.53291320800793,36.2873611450197],[126.53680419921875,36.28263854980469],[126.53930664062534,36.27875137329124],[126.53624725341808,36.27875137329124],[126.53514099121094,36.275695800781364],[126.53902435302746,36.27486038208002],[126.54152679443405,36.276527404785156],[126.54597473144543,36.26874923706049],[126.54597473144543,36.26680374145519],[126.54819488525413,36.26569366455084],[126.54792022705078,36.261806488037166],[126.54347229003906,36.26069259643583],[126.54069519042969,36.26097106933622],[126.54069519042969,36.258472442627124],[126.53763580322266,36.25430679321289],[126.53652954101574,36.25152587890625],[126.53819274902344,36.250137329101676],[126.53624725341808,36.24819564819336],[126.53680419921875,36.24541854858404],[126.53319549560558,36.241249084472656],[126.52986145019543,36.238750457763956],[126.52958679199253,36.23458480834972],[126.53069305419922,36.232082366943644],[126.53152465820312,36.22569274902372],[126.53041839599655,36.220695495605526],[126.53319549560558,36.21902847290039],[126.53541564941429,36.21513748168957],[126.53569793701195,36.21319580078125],[126.53847503662155,36.21014022827177],[126.53847503662155,36.20430374145525],[126.53930664062534,36.200138092041016],[126.53402709960938,36.19902801513683],[126.52902984619163,36.19263839721691],[126.5237503051759,36.18680572509777],[126.5229187011721,36.182361602783374],[126.5268020629884,36.1754150390625],[126.5256958007817,36.173473358154354],[126.5259704589846,36.16930389404314],[126.52486419677734,36.16597366333008],[126.5209732055664,36.16069412231451],[126.51736450195324,36.159027099609375],[126.515419006348,36.16041564941412],[126.51041412353527,36.15819549560558],[126.50708007812534,36.15986251831072],[126.50569152832065,36.15791702270519],[126.50096893310581,36.15680694580084],[126.50041961669945,36.159584045410156],[126.49764251708996,36.158748626708984],[126.49569702148483,36.15986251831072],[126.49180603027355,36.16013717651373],[126.49263763427734,36.15736007690424],[126.49236297607422,36.14652633666992],[126.49263763427734,36.14097213745134],[126.49208068847702,36.1370849609375],[126.49402618408226,36.134860992431584],[126.49402618408226,36.133193969726676],[126.49736022949241,36.132637023925895],[126.49903106689453,36.13041687011719],[126.50291442871094,36.12847137451166],[126.50319671630905,36.13041687011719],[126.50125122070324,36.13208389282232],[126.50125122070324,36.13458251953142],[126.50263977050815,36.135417938232536],[126.50180816650436,36.142082214355696],[126.50347137451195,36.14291763305664],[126.50653076171875,36.14680480957031],[126.50653076171875,36.14930725097656],[126.50930786132847,36.15124893188488],[126.51875305175781,36.15124893188488],[126.5209732055664,36.15208435058605],[126.53208160400413,36.149860382080135],[126.53763580322266,36.14902877807617],[126.54013824462936,36.147083282470874],[126.54680633544922,36.144027709960994],[126.55458068847679,36.13680648803711],[126.55541992187511,36.135417938232536],[126.55513763427768,36.129028320312614],[126.55958557128906,36.12874984741205],[126.56319427490234,36.13208389282232],[126.56291961669922,36.13430404663103],[126.56847381591797,36.135692596435774],[126.56791687011753,36.138748168945426],[126.57125091552746,36.14014053344755],[126.57791900634777,36.13735961914068],[126.5840301513673,36.13152694702154],[126.58652496337902,36.13097381591797],[126.59208679199253,36.12763977050787],[126.59652709960972,36.12180709838873],[126.59764099121094,36.12180709838873],[126.60069274902344,36.117637634277344],[126.6031951904298,36.11069488525402],[126.6062469482423,36.109306335449276],[126.60819244384766,36.10402679443371],[126.60736083984375,36.099861145019474],[126.61096954345737,36.09847259521513],[126.61319732666061,36.09597396850586],[126.61541748046909,36.09819412231457],[126.61736297607422,36.10208511352539],[126.6209716796875,36.10208511352539],[126.6251373291019,36.100139617919865],[126.62875366210949,36.100139617919865],[126.6309738159182,36.09902954101568],[126.63208007812545,36.09680557250982],[126.62985992431675,36.094028472900504],[126.63041687011764,36.09125137329124],[126.63291931152344,36.09097290039085],[126.63375091552734,36.09319305419939],[126.64041900634788,36.09069442749029],[126.64291381835938,36.09347152709955],[126.6459732055664,36.09125137329124],[126.64291381835938,36.08708190917963],[126.63652801513706,36.08458328247093],[126.6340255737307,36.082359313964844],[126.63069152832054,36.082359313964844],[126.62708282470703,36.08430480957037],[126.62374877929722,36.08375167846697],[126.62374877929722,36.08152770996105],[126.6201400756836,36.08069610595709],[126.61875152587902,36.0765266418457],[126.62069702148472,36.07624816894531],[126.62347412109375,36.07791519165045],[126.62374877929722,36.08013916015631],[126.62791442871105,36.079860687255916],[126.63153076171886,36.07513809204113],[126.63236236572266,36.07208251953148],[126.63180541992199,36.067638397216854],[126.63180541992199,36.056251525879134],[126.63263702392578,36.05430603027344],[126.63847351074219,36.05486297607439],[126.64013671875045,36.05569458007818],[126.64375305175804,36.0551376342774],[126.6448593139653,36.052917480468864],[126.6490249633789,36.04902648925787],[126.64958190917969,36.04680633544933],[126.65513610839844,36.04569625854498],[126.65763854980514,36.04430389404325],[126.66097259521484,36.0406951904298],[126.66347503662143,36.035972595215014],[126.66819763183628,36.03180694580078],[126.66680908203136,36.0293045043947],[126.65985870361362,36.02902603149414],[126.65985870361362,36.027362823486555],[126.66236114501953,36.026805877685604],[126.66458129882812,36.01958465576172],[126.66430664062545,36.015693664551065],[126.66041564941418,36.01180648803722],[126.66041564941418,36.01013946533209],[126.66263580322288,36.009029388427734],[126.66291809082054,36.00736236572283],[126.66652679443393,36.00430679321295],[126.66874694824264,36.00430679321295],[126.67819213867188,36.009304046631144],[126.68319702148483,36.009029388427734],[126.68374633789062,36.006526947021484],[126.68902587890636,36.006248474121094],[126.70124816894565,36.006248474121094],[126.70903015136719,36.00513839721691],[126.72319793701195,36.00013732910156],[126.72763824462936,36.000972747802905],[126.73152923583984,36.00402832031256],[126.73652648925815,36.0098609924317],[126.73958587646518,36.018470764160156],[126.741249084473,36.01807022094755],[126.75240325927734,36.02577972412115],[126.77001953125023,36.02929687500017],[126.78228759765625,36.036682128906364],[126.80749511718773,36.03570556640631],[126.814208984375,36.03710937499994],[126.82339477539074,36.04904174804693],[126.8380737304692,36.05511474609398],[126.84490966796875,36.056518554687614],[126.85739135742233,36.0625],[126.8634033203125,36.06838989257807],[126.87347412109375,36.085876464843864],[126.8651809692384,36.08754730224615],[126.8726806640625,36.11730957031256],[126.87588500976574,36.12655639648432],[126.88189697265625,36.135314941406364],[126.88694763183605,36.14118194580084],[126.89431762695312,36.14480590820318],[126.91012573242188,36.14401245117193],[126.92318725585949,36.1492919921875],[126.93231201171886,36.15600585937506],[126.94128417968761,36.15969848632824],[126.94909667968761,36.15841674804682],[126.965087890625,36.14990234375006],[126.97268676757812,36.14828491210949],[126.98716735839844,36.146007537841854],[126.99548339843761,36.139099121093864],[127.00610351562523,36.134796142578125],[127.01892089843761,36.13507080078131],[127.02569580078125,36.13388061523443],[127.03138732910156,36.129970550537166],[127.03848266601562,36.11590576171875],[127.04248046875,36.10711669921875],[127.04830932617199,36.09140014648443],[127.05072021484375,36.07891845703125],[127.06372833251964,36.073493957519645],[127.0770263671875,36.07189941406256],[127.08758544921886,36.06842041015625],[127.0950927734375,36.06811523437506],[127.11767578125,36.06787109375],[127.12618255615234,36.06727600097656],[127.1292724609375,36.07208251953131],[127.132080078125,36.08020401000982],[127.14538574218773,36.07748413085966],[127.15509033203136,36.0801544189456],[127.16333770751987,36.08690261840826],[127.17810058593773,36.08831787109381],[127.18600463867199,36.092071533203125],[127.19348144531284,36.09649658203148],[127.20010375976574,36.09729003906256],[127.2080078125,36.095703125],[127.21520996093795,36.089599609375],[127.22131347656295,36.08850097656256],[127.22698974609386,36.089202880859375],[127.24050903320312,36.1044921875],[127.256103515625,36.11007690429693],[127.26391601562534,36.11169433593767],[127.26879882812545,36.11471557617199],[127.27691650390625,36.11712646484381],[127.2860107421875,36.12197875976557],[127.29634094238281,36.1265106201173],[127.30648803710938,36.12807464599621],[127.31561279296875,36.12368774414074],[127.326904296875,36.11291503906256],[127.334716796875,36.10369873046875],[127.34167480468784,36.09613037109381],[127.34832763671886,36.08831787109381],[127.35528564453148,36.081115722656534],[127.36749267578148,36.06707763671875],[127.37231445312545,36.05987548828148],[127.38980102539097,36.02084350585966],[127.40789794921875,36.01287841796869],[127.41838836669922,36.00890731811529],[127.4329605102539,36.00449752807623],[127.44193267822288,36.00134277343756],[127.44873046875,35.996276855468864],[127.45590209960949,35.99142456054693],[127.46359252929688,35.989288330078125],[127.47229003906261,35.98907470703125],[127.4998779296875,35.9923095703125],[127.50830078125,35.994323730468864],[127.5164794921875,35.9967041015625],[127.53009033203136,36.00198364257824],[127.53738403320312,36.001586914062614],[127.54547119140625,35.98510742187506],[127.55029296875011,35.97569274902338],[127.56250000000011,35.97308349609375],[127.58428955078136,35.97308349609375],[127.61487579345703,35.973602294921875],[127.62408447265648,35.97827148437506],[127.63571166992188,35.9827880859375],[127.64346313476562,35.9888916015625],[127.64758300781261,35.998901367187614],[127.648681640625,36.01312255859375],[127.64891815185558,36.01969146728527],[127.65394592285156,36.02401733398443],[127.66259765625,36.02007293701183],[127.67410278320324,36.004821777343864],[127.68707275390636,36.004089355468864],[127.72369384765636,36.005004882812614],[127.73480224609375,36.004272460937614],[127.75100708007812,35.9967041015625],[127.75714874267578,35.991699218750114],[127.7880859375,35.99212646484375],[127.79449462890625,35.99310302734375],[127.80389404296875,35.997009277343864],[127.81561279296886,36.00228881835943],[127.826416015625,36.00650024414068],[127.83468627929699,36.004821777343864],[127.84191894531261,35.99810791015631],[127.84988403320312,35.99609374999994],[127.85809326171875,35.99652099609375],[127.86657714843761,35.999755859375],[127.87928771972679,36.002128601074276],[127.88031005859386,36.01229858398449],[127.88998413085949,36.015686035156364],[127.89532470703136,36.01867675781256],[127.90499877929688,36.02621459960949],[127.91162109375,36.027984619140625],[127.92098999023438,36.028503417968864],[127.93525695800781,36.02461242675787],[127.9437255859375,36.03051757812506],[127.94808197021484,36.04014968872076],[127.94720458984386,36.05999755859369],[127.94729614257812,36.068206787109375],[127.94989013671886,36.07611083984381],[127.95378112792969,36.084991455078125],[127.96640014648438,36.087310791015625],[127.97109985351574,36.09219360351574],[127.97285461425781,36.104797363281364],[127.97549438476574,36.114501953125114],[127.97502899169922,36.123920440673885],[127.97113037109375,36.130126953125114],[127.96530914306663,36.13636398315441],[127.96051025390625,36.14309692382824],[127.96490478515625,36.15289306640625],[127.97052001953136,36.156677246093864],[127.98049926757812,36.164123535156364],[127.98681640625,36.166290283203125],[127.99380493164074,36.166290283203125],[128.00070190429688,36.16470336914057],[128.01234436035156,36.157684326171875],[128.0218200683595,36.154998779296875],[128.0350036621095,36.16239547729498],[128.03570556640636,36.169677734375],[128.03280639648438,36.17462158203119],[128.02207946777344,36.1836776733399],[128.0166015625,36.18978881835943],[128.01470947265648,36.19952392578131],[128.01719665527366,36.20694732666021],[128.015380859375,36.21667480468756],[128.01181030273438,36.222290039062614],[128.00311279296886,36.22412109375006],[127.99468994140648,36.2279052734375],[127.98783111572277,36.229488372802734],[127.98028564453125,36.230285644531364],[127.97204589843761,36.2299041748048],[127.95515441894531,36.225082397460994],[127.94708251953125,36.22448730468756],[127.93688964843773,36.22488403320318],[127.92791748046875,36.226074218750114],[127.92226409912121,36.22830963134771],[127.90939331054688,36.23480224609381],[127.89712524414062,36.24432373046881],[127.88229370117188,36.25079345703125],[127.87384033203125,36.25125122070324],[127.86225891113281,36.24685287475586],[127.852294921875,36.245208740234375],[127.84527587890625,36.245727539062614],[127.82895660400402,36.25044631958002],[127.82949829101562,36.258209228515625],[127.8267822265625,36.26669311523449],[127.82690429687511,36.27352905273443],[127.82830810546875,36.28228759765631],[127.83270263671875,36.28631591796881],[127.8433837890625,36.29528808593756],[127.84724426269554,36.30415344238281],[127.85528564453136,36.31378173828131],[127.86291503906261,36.31768798828125],[127.86982727050793,36.324722290039176],[127.86680603027344,36.33204650878906],[127.85855865478527,36.33857345581055],[127.86080169677746,36.348159790039176],[127.84738159179688,36.352630615234375],[127.84439086914085,36.36209106445324],[127.85059356689453,36.3743896484375],[127.85321044921886,36.38281250000006],[127.8538818359375,36.38970947265631],[127.85150146484386,36.397796630859375],[127.85079956054688,36.40628051757818],[127.85975646972656,36.418243408203125],[127.861083984375,36.429107666015625],[127.85369873046875,36.43850708007818],[127.84983825683594,36.446151733398494],[127.85209655761719,36.45700073242193],[127.861083984375,36.46380615234375],[127.87131500244152,36.46414947509777],[127.87881469726562,36.46511840820307],[127.88459777832031,36.47020721435558],[127.88651275634766,36.47645187377941],[127.88510131835938,36.48580932617193],[127.87921905517578,36.49631118774414],[127.87521362304688,36.501983642578125],[127.86300659179688,36.50909423828131],[127.85759735107433,36.51612472534191],[127.84981536865234,36.53253936767584],[127.84368133544933,36.53483963012695],[127.8328857421875,36.53692626953131],[127.82440185546886,36.53927612304699],[127.81811523437511,36.540283203125],[127.80810546875,36.54107666015625],[127.80164337158203,36.54267120361334],[127.79578399658214,36.54740142822271],[127.7902297973634,36.55664443969732],[127.78700256347668,36.56368637084961],[127.78628540039074,36.56997680664074],[127.788818359375,36.5751953125],[127.79959106445324,36.58050537109369],[127.80728149414062,36.581298828125],[127.82402801513683,36.57994461059576],[127.82699584960938,36.59060668945324],[127.83087158203136,36.59710693359369],[127.83609008789062,36.601898193359375],[127.84237670898438,36.60589599609375],[127.85000610351562,36.60549926757807],[127.85687255859375,36.60028076171881],[127.86291503906261,36.59860229492199],[127.86590576171875,36.59252929687494],[127.87792205810547,36.583225250244254],[127.8889389038086,36.57542800903332],[127.89721679687523,36.577880859375],[127.91412353515625,36.59485626220703],[127.91409301757812,36.603607177734375],[127.91114807128929,36.61288452148449],[127.91290283203136,36.62152099609369],[127.91177368164074,36.62979125976568],[127.90579223632812,36.63589477539068],[127.89129638671875,36.63592529296881],[127.88470458984386,36.637512207031364],[127.88589477539062,36.64468383789068],[127.89199829101562,36.65451049804682],[127.90032196044933,36.656471252441406],[127.906494140625,36.6602783203125],[127.91009521484375,36.66619873046875],[127.91755676269531,36.67373657226574],[127.9302978515625,36.67572021484375],[127.935302734375,36.68170166015631],[127.93951416015625,36.68890380859375],[127.944091796875,36.69390869140631],[127.95249938964844,36.69778442382824],[127.96310424804688,36.69488525390631],[127.97129058837902,36.689575195312614],[128.00799560546875,36.68960571289057],[128.01690673828125,36.68710327148449],[128.02630615234375,36.67868041992199],[128.0355682373048,36.67526245117199],[128.05419921875023,36.676212310791016],[128.05654907226574,36.68433380126953],[128.05108642578125,36.687683105468864],[128.04510498046886,36.69067382812506],[128.0338134765626,36.70010375976557],[128.02569580078125,36.705383300781364],[128.0205078125001,36.711303710937614],[128.0211181640625,36.72509765625],[128.0244140625,36.74371337890631],[128.02908325195324,36.748992919921875],[128.03689575195324,36.751800537109375],[128.04251098632812,36.755187988281364],[128.04608154296875,36.760589599609375],[128.04791259765636,36.771484375],[128.05072021484375,36.777008056640625],[128.0575408935547,36.780685424804744],[128.06768798828125,36.772521972656364],[128.07760620117188,36.76660156250006],[128.08331298828125,36.765319824218864],[128.09210205078125,36.764709472656364],[128.0979003906251,36.76507568359381],[128.103515625,36.767822265625],[128.11062622070312,36.77478027343756],[128.11590576171875,36.78350830078125],[128.117401123047,36.79212570190424],[128.12451171875,36.796386718750114],[128.131591796875,36.79327392578131],[128.1320800781251,36.78649902343744],[128.1345214843751,36.781127929687614],[128.1433868408203,36.77976608276367],[128.1490173339845,36.77819824218756],[128.1578826904297,36.774948120117244],[128.192108154297,36.771484375],[128.19891357421875,36.772796630859375],[128.20199584960938,36.779296875],[128.2025146484375,36.786071777343864],[128.2050781250001,36.793884277343864],[128.2056884765626,36.801513671875114],[128.2090759277346,36.80648803710949],[128.21710205078136,36.80767822265619],[128.22171020507824,36.81179809570318],[128.22247314453136,36.82550048828131],[128.2296142578125,36.83270263671875],[128.2354736328125,36.83270263671875],[128.2423095703126,36.82769775390619],[128.24864196777344,36.82402420043945],[128.25152587890625,36.81512451171875],[128.25640869140636,36.805999755859375],[128.2591552734375,36.799102783203125],[128.26568603515625,36.797729492187614],[128.27459716796875,36.79470825195307],[128.28448486328136,36.793701171875114],[128.290008544922,36.79058837890631],[128.293701171875,36.78448486328131],[128.29849243164062,36.77801513671881],[128.30389404296886,36.77630615234381],[128.32124328613293,36.77642822265625],[128.3334960937501,36.77239990234375],[128.34332275390625,36.76852416992199],[128.351318359375,36.76831054687506],[128.35711669921886,36.770812988281364],[128.36590576171886,36.77911376953125],[128.37091064453125,36.78207397460949],[128.37857055664062,36.78128433227539],[128.38858032226574,36.77508544921875],[128.39529418945324,36.773681640625114],[128.4027099609376,36.77490234375],[128.4097900390626,36.77972412109381],[128.4152832031251,36.781677246093864],[128.421875,36.786682128906364],[128.4291992187501,36.79119873046881],[128.43212890625,36.796875],[128.43270874023438,36.80459594726574],[128.43698120117188,36.814331054687614],[128.43548583984386,36.82220458984375],[128.43081665039062,36.83099365234375],[128.42288208007835,36.84039306640631],[128.41914367675793,36.85235595703125],[128.42819213867188,36.862350463867244],[128.4293212890625,36.8695068359375],[128.43099975585938,36.87543106079113],[128.43499755859375,36.885257720947266],[128.43882751464844,36.889923095703125],[128.44290161132812,36.89648437500006],[128.45347595214855,36.90641403198242],[128.46151733398438,36.90988159179699],[128.47105407714844,36.917297363281364],[128.48211669921875,36.92071533203131],[128.48968505859386,36.9237060546875],[128.49670410156273,36.92810058593756],[128.5015869140625,36.934875488281364],[128.5048828125,36.94128417968756],[128.50808715820312,36.94631958007824],[128.5144958496095,36.94949340820318],[128.533905029297,36.95208740234375],[128.5427246093751,36.95568847656244],[128.5487060546875,36.95880126953125],[128.55499267578125,36.9644775390625],[128.56158447265636,36.97650146484375],[128.56390380859386,36.98431396484375],[128.56707763671898,36.99011230468756],[128.5706787109375,36.995727539062614],[128.57611083984386,36.99890136718756],[128.5878906250001,37.00100708007818],[128.59588623046898,37.004882812500114],[128.60220336914074,37.00479125976568],[128.610107421875,37.00375366210932],[128.61709594726574,37.00231933593756],[128.63299560546875,37.00271606445318],[128.63995361328136,37.00880432128912],[128.64468383789062,37.01654052734375],[128.6420898437501,37.02758789062494],[128.6337890625,37.0369873046875],[128.61911010742188,37.04220581054693],[128.6132812500001,37.04327392578125],[128.6062011718751,37.04400634765625],[128.59979248046875,37.04360961914057],[128.5828857421875,37.044128417968864],[128.5767822265625,37.04449462890631],[128.56719970703125,37.046905517578125],[128.5584716796875,37.05511474609375],[128.54827880859375,37.06787109375],[128.54220581054688,37.07260131835932],[128.5330810546875,37.07470703124994],[128.5148925781251,37.074279785156364],[128.5066833496095,37.075103759765625],[128.49778747558594,37.07889938354498],[128.49188232421875,37.078491210937614],[128.48428344726562,37.072998046875],[128.47607421875,37.069793701171875],[128.46832275390636,37.06909179687506],[128.46270751953125,37.06811523437506],[128.4346923828125,37.06399536132824],[128.42550659179688,37.06509399414068],[128.42001342773438,37.067626953125114],[128.412078857422,37.072204589843864],[128.404998779297,37.08041381835949],[128.39749145507812,37.08489990234381],[128.3942871093751,37.09112548828125],[128.3917236328125,37.10388183593744],[128.38946533203125,37.11132049560541],[128.38470458984375,37.11679077148443],[128.36767578125,37.116271972656364],[128.3582763671876,37.116271972656364],[128.3507080078125,37.11590576171869],[128.3385009765625,37.11572265625],[128.3288116455078,37.113960266113395],[128.31289672851574,37.10260009765625],[128.30218505859386,37.099487304687614],[128.2921142578126,37.099487304687614],[128.28388977050793,37.10277557373047],[128.26962280273438,37.11437606811529],[128.2642822265625,37.11791992187506],[128.26211547851574,37.124557495117244],[128.26681518554688,37.13058471679682],[128.27572631835938,37.13418579101574],[128.2827148437501,37.13848876953131],[128.2924804687501,37.1458740234375],[128.299530029297,37.150390625000114],[128.31201171875,37.15591430664074],[128.3184814453125,37.16027832031256],[128.32376098632824,37.1651611328125],[128.31970214843773,37.174896240234375],[128.3123779296875,37.1809463500976],[128.30477905273438,37.18017578124994],[128.2965087890625,37.176330566406364],[128.28948974609375,37.17492675781256],[128.2821044921875,37.17547607421875],[128.27560424804688,37.174285888671875],[128.2666015625,37.174804687500114],[128.26031494140625,37.177692413330135],[128.25372314453136,37.18322753906244],[128.24627685546886,37.18627929687494],[128.22528076171898,37.19592285156256],[128.21334838867188,37.201210021972656],[128.20709228515625,37.20300292968756],[128.179901123047,37.203796386718864],[128.17138671875,37.20179367065441],[128.15509033203148,37.189178466796875],[128.14749145507824,37.1875],[128.1223144531251,37.18707275390625],[128.1160888671875,37.185577392578125],[128.10922241210938,37.17608642578131],[128.1029052734376,37.16809082031256],[128.0968017578126,37.162078857421875],[128.087890625,37.15780639648449],[128.08032226562523,37.156677246093864],[128.05810546875,37.15570068359381],[128.03488159179688,37.15499877929682],[128.0273437500001,37.15823364257824],[128.023895263672,37.16711425781256],[128.02609252929688,37.17568969726568],[128.02499389648438,37.182617187500114],[128.01849365234375,37.19628906250006],[128.01422119140625,37.20149993896496],[128.009521484375,37.20471191406256],[127.99969482421886,37.207214355468864],[127.9880065917971,37.21200561523449],[127.98059082031261,37.21371459960949],[127.97100830078125,37.21420288085943],[127.9644775390625,37.21307373046881],[127.95550537109375,37.209716796875114],[127.948486328125,37.20751953125],[127.93099975585949,37.19879150390631],[127.92431640625011,37.196086883545036],[127.918701171875,37.19119262695324],[127.92047119140625,37.18328857421875],[127.9271240234375,37.17388916015619],[127.9324951171875,37.167999267578125],[127.93829345703136,37.15948486328131],[127.9405212402346,37.153900146484375],[127.9405212402346,37.14657592773449],[127.9341812133789,37.13085937500006],[127.92880249023438,37.125640869140625],[127.9202880859375,37.123291015625114],[127.91308593750011,37.123291015625114],[127.90447998046886,37.12371826171869],[127.89721679687523,37.12359619140625],[127.88821411132812,37.123901367187614],[127.87799072265636,37.12277221679682],[127.86907958984375,37.11810302734381],[127.86309814453136,37.11669921875],[127.83270263671875,37.11651611328125],[127.81948852539062,37.11590576171869],[127.81039428710938,37.11929321289074],[127.80590820312511,37.1248779296875],[127.80548095703148,37.13311767578125],[127.8031921386721,37.139617919921875],[127.79888916015625,37.14691162109381],[127.7958984375,37.1533203125],[127.78984069824241,37.16461181640631],[127.78584289550793,37.180130004882926],[127.77951049804688,37.193206787109375],[127.77749633789074,37.20278930664068],[127.7762222290039,37.21256256103527],[127.7655029296875,37.210083007812614],[127.75650024414074,37.20590209960949],[127.75311279296875,37.19610595703131],[127.74932861328125,37.18792724609381],[127.74652099609375,37.17910766601568],[127.7388916015625,37.17010498046875],[127.7349853515625,37.16351318359381],[127.73028564453125,37.15869140625],[127.72271728515636,37.152099609375114],[127.71771240234375,37.14669799804693],[127.71301269531261,37.139007568359375],[127.70849609375,37.13372802734381],[127.70111083984375,37.12670898437506],[127.69610595703125,37.12109375],[127.69158935546875,37.11309814453125],[127.68627929687511,37.10687255859381],[127.67510986328125,37.09675216674805],[127.66729736328125,37.09289550781256],[127.66018676757824,37.089996337890625],[127.65170288085938,37.09121704101568],[127.64392089843773,37.09710693359381],[127.63808441162121,37.0992050170899],[127.63711547851574,37.09091186523432],[127.63510131835938,37.082275390625114],[127.634521484375,37.069519042968864],[127.63348388671886,37.06390380859381],[127.63067626953125,37.057312011718864],[127.62829589843761,37.04730224609375],[127.62048339843761,37.03149414062506],[127.61602783203125,37.0234375],[127.60821533203125,37.01672363281244],[127.59469604492188,37.01480102539074],[127.58358764648438,37.01202392578131],[127.57031250000011,37.012512207031364],[127.5662841796875,37.008300781250114],[127.56549072265625,37.00250244140631],[127.56455993652344,36.989501953125],[127.55697631835949,36.985595703125114],[127.535888671875,36.98608398437506],[127.49951171875,36.990722656250114],[127.49151611328125,36.9932861328125],[127.48388671875,36.99810791015631],[127.47296142578125,36.992889404296875],[127.45071411132835,36.971496582031364],[127.44921875000011,36.964508056640625],[127.44348144531261,36.962707519531364],[127.43415832519543,36.960693359375],[127.42849731445312,36.960693359375],[127.41299438476574,36.95449829101574],[127.40219116210938,36.948883056640625],[127.39971923828125,36.941894531250114],[127.39471435546875,36.93270874023443],[127.39151000976562,36.92498779296875],[127.38668823242199,36.91751098632824],[127.38189697265636,36.91210937500006],[127.37768554687511,36.908325195312614],[127.3717041015625,36.90548706054699],[127.36370849609375,36.90380859374994],[127.35430908203125,36.90252685546875],[127.33831787109375,36.89770507812494],[127.32891845703125,36.89630126953131],[127.3134765625,36.89227294921881],[127.30767822265636,36.89147949218756],[127.29818725585949,36.88882446289068],[127.28079223632824,36.878601074218864],[127.27691650390625,36.86788940429699],[127.27249145507812,36.859619140625],[127.268310546875,36.8529052734375],[127.25531005859375,36.864501953125114],[127.24932861328136,36.86767578125006],[127.24148559570324,36.8739013671875],[127.23541259765636,36.8759765625],[127.22851562500011,36.876281738281364],[127.21951293945312,36.87899780273449],[127.21179199218761,36.88421630859375],[127.20531463623047,36.89249038696289],[127.194091796875,36.895385742187614],[127.18667602539062,36.89819335937506],[127.1798095703125,36.90380859374994],[127.17150878906261,36.908203125],[127.16351318359386,36.90969848632824],[127.1559829711914,36.913982391357536],[127.13851928710949,36.92059326171869],[127.1298828125,36.92211914062494],[127.11997222900413,36.925109863281364],[127.11250305175781,36.92354965209955],[127.10031127929688,36.92398071289074],[127.09359741210938,36.92291259765625],[127.08831787109398,36.91687011718756],[127.08508300781261,36.91210937500006],[127.0791015625,36.90914916992182],[127.06797790527355,36.90681838989258],[127.05419921875011,36.90609741210932],[127.03320312500011,36.900604248046875],[127.0244750976567,36.90087890625006],[126.98538208007847,36.90640258789068],[126.97808837890636,36.90667724609392],[126.96881103515625,36.90469360351568],[126.95840454101562,36.90451049804716],[126.95050048828125,36.9027099609375],[126.94128417968761,36.901672363281364],[126.93511962890625,36.89990234375006],[126.92132568359375,36.89947509765625],[126.91098785400436,36.89630126953131],[126.91077423095714,36.894859313965014]]]},"properties":{"REGION":"충청"}},
{"type":"Feature","geometry":{"type":"MultiPolygon","coordinates":[[[[128.64468383789062,37.01654052734375],[128.63995361328136,37.00880432128912],[128.63299560546875,37.00271606445318],[128.61709594726574,37.00231933593756],[128.610107421875,37.00375366210932],[128.60220336914074,37.00479125976568],[128.59588623046898,37.004882812500114],[128.5878906250001,37.00100708007818],[128.57611083984386,36.99890136718756],[128.5706787109375,36.995727539062614],[128.56707763671898,36.99011230468756],[128.56390380859386,36.98431396484375],[128.56158447265636,36.97650146484375],[128.55499267578125,36.9644775390625],[128.5487060546875,36.95880126953125],[128.5427246093751,36.95568847656244],[128.533905029297,36.95208740234375],[128.5144958496095,36.94949340820318],[128.50808715820312,36.94631958007824],[128.5048828125,36.94128417968756],[128.5015869140625,36.934875488281364],[128.49670410156273,36.92810058593756],[128.48968505859386,36.9237060546875],[128.48211669921875,36.92071533203131],[128.47105407714844,36.917297363281364],[128.46151733398438,36.90988159179699],[128.45347595214855,36.90641403198242],[128.44290161132812,36.89648437500006],[128.43882751464844,36.889923095703125],[128.43499755859375,36.885257720947266],[128.43099975585938,36.87543106079113],[128.4293212890625,36.8695068359375],[128.42819213867188,36.862350463867244],[128.41914367675793,36.85235595703125],[128.42288208007835,36.84039306640631],[128.43081665039062,36.83099365234375],[128.43548583984386,36.82220458984375],[128.43698120117188,36.814331054687614],[128.43270874023438,36.80459594726574],[128.43212890625,36.796875],[128.4291992187501,36.79119873046881],[128.421875,36.786682128906364],[128.4152832031251,36.781677246093864],[128.4097900390626,36.77972412109381],[128.4027099609376,36.77490234375],[128.39529418945324,36.773681640625114],[128.38858032226574,36.77508544921875],[128.37857055664062,36.78128433227539],[128.37091064453125,36.78207397460949],[128.36590576171886,36.77911376953125],[128.35711669921886,36.770812988281364],[128.351318359375,36.76831054687506],[128.34332275390625,36.76852416992199],[128.3334960937501,36.77239990234375],[128.32124328613293,36.77642822265625],[128.30389404296886,36.77630615234381],[128.29849243164062,36.77801513671881],[128.293701171875,36.78448486328131],[128.290008544922,36.79058837890631],[128.28448486328136,36.793701171875114],[128.27459716796875,36.79470825195307],[128.26568603515625,36.797729492187614],[128.2591552734375,36.799102783203125],[128.25640869140636,36.805999755859375],[128.25152587890625,36.81512451171875],[128.24864196777344,36.82402420043945],[128.2423095703126,36.82769775390619],[128.2354736328125,36.83270263671875],[128.2296142578125,36.83270263671875],[128.22247314453136,36.82550048828131],[128.22171020507824,36.81179809570318],[128.21710205078136,36.80767822265619],[128.2090759277346,36.80648803710949],[128.2056884765626,36.801513671875114],[128.2050781250001,36.793884277343864],[128.2025146484375,36.786071777343864],[128.20199584960938,36.779296875],[128.19891357421875,36.772796630859375],[128.192108154297,36.771484375],[128.1578826904297,36.774948120117244],[128.1490173339845,36.77819824218756],[128.1433868408203,36.77976608276367],[128.1345214843751,36.781127929687614],[128.1320800781251,36.78649902343744],[128.131591796875,36.79327392578131],[128.12451171875,36.796386718750114],[128.117401123047,36.79212570190424],[128.11590576171875,36.78350830078125],[128.11062622070312,36.77478027343756],[128.103515625,36.767822265625],[128.0979003906251,36.76507568359381],[128.09210205078125,36.764709472656364],[128.08331298828125,36.765319824218864],[128.07760620117188,36.76660156250006],[128.06768798828125,36.772521972656364],[128.0575408935547,36.780685424804744],[128.05072021484375,36.777008056640625],[128.04791259765636,36.771484375],[128.04608154296875,36.760589599609375],[128.04251098632812,36.755187988281364],[128.03689575195324,36.751800537109375],[128.02908325195324,36.748992919921875],[128.0244140625,36.74371337890631],[128.0211181640625,36.72509765625],[128.0205078125001,36.711303710937614],[128.02569580078125,36.705383300781364],[128.0338134765626,36.70010375976557],[128.04510498046886,36.69067382812506],[128.05108642578125,36.687683105468864],[128.05654907226574,36.68433380126953],[128.05419921875023,36.676212310791016],[128.0355682373048,36.67526245117199],[128.02630615234375,36.67868041992199],[128.01690673828125,36.68710327148449],[128.00799560546875,36.68960571289057],[127.97129058837902,36.689575195312614],[127.96310424804688,36.69488525390631],[127.95249938964844,36.69778442382824],[127.944091796875,36.69390869140631],[127.93951416015625,36.68890380859375],[127.935302734375,36.68170166015631],[127.9302978515625,36.67572021484375],[127.91755676269531,36.67373657226574],[127.91009521484375,36.66619873046875],[127.906494140625,36.6602783203125],[127.90032196044933,36.656471252441406],[127.89199829101562,36.65451049804682],[127.88589477539062,36.64468383789068],[127.88470458984386,36.637512207031364],[127.89129638671875,36.63592529296881],[127.90579223632812,36.63589477539068],[127.91177368164074,36.62979125976568],[127.91290283203136,36.62152099609369],[127.91114807128929,36.61288452148449],[127.91409301757812,36.603607177734375],[127.91412353515625,36.59485626220703],[127.89721679687523,36.577880859375],[127.8889389038086,36.57542800903332],[127.87792205810547,36.583225250244254],[127.86590576171875,36.59252929687494],[127.86291503906261,36.59860229492199],[127.85687255859375,36.60028076171881],[127.85000610351562,36.60549926757807],[127.84237670898438,36.60589599609375],[127.83609008789062,36.601898193359375],[127.83087158203136,36.59710693359369],[127.82699584960938,36.59060668945324],[127.82402801513683,36.57994461059576],[127.80728149414062,36.581298828125],[127.79959106445324,36.58050537109369],[127.788818359375,36.5751953125],[127.78628540039074,36.56997680664074],[127.78700256347668,36.56368637084961],[127.7902297973634,36.55664443969732],[127.79578399658214,36.54740142822271],[127.80164337158203,36.54267120361334],[127.80810546875,36.54107666015625],[127.81811523437511,36.540283203125],[127.82440185546886,36.53927612304699],[127.8328857421875,36.53692626953131],[127.84368133544933,36.53483963012695],[127.84981536865234,36.53253936767584],[127.85759735107433,36.51612472534191],[127.86300659179688,36.50909423828131],[127.87521362304688,36.501983642578125],[127.87921905517578,36.49631118774414],[127.88510131835938,36.48580932617193],[127.88651275634766,36.47645187377941],[127.88459777832031,36.47020721435558],[127.87881469726562,36.46511840820307],[127.87131500244152,36.46414947509777],[127.861083984375,36.46380615234375],[127.85209655761719,36.45700073242193],[127.84983825683594,36.446151733398494],[127.85369873046875,36.43850708007818],[127.861083984375,36.429107666015625],[127.85975646972656,36.418243408203125],[127.85079956054688,36.40628051757818],[127.85150146484386,36.397796630859375],[127.8538818359375,36.38970947265631],[127.85321044921886,36.38281250000006],[127.85059356689453,36.3743896484375],[127.84439086914085,36.36209106445324],[127.84738159179688,36.352630615234375],[127.86080169677746,36.348159790039176],[127.85855865478527,36.33857345581055],[127.86680603027344,36.33204650878906],[127.86982727050793,36.324722290039176],[127.86291503906261,36.31768798828125],[127.85528564453136,36.31378173828131],[127.84724426269554,36.30415344238281],[127.8433837890625,36.29528808593756],[127.83270263671875,36.28631591796881],[127.82830810546875,36.28228759765631],[127.82690429687511,36.27352905273443],[127.8267822265625,36.26669311523449],[127.82949829101562,36.258209228515625],[127.82895660400402,36.25044631958002],[127.84527587890625,36.245727539062614],[127.852294921875,36.245208740234375],[127.86225891113281,36.24685287475586],[127.87384033203125,36.25125122070324],[127.88229370117188,36.25079345703125],[127.89712524414062,36.24432373046881],[127.90939331054688,36.23480224609381],[127.92226409912121,36.22830963134771],[127.92791748046875,36.226074218750114],[127.93688964843773,36.22488403320318],[127.94708251953125,36.22448730468756],[127.95515441894531,36.225082397460994],[127.97204589843761,36.2299041748048],[127.98028564453125,36.230285644531364],[127.98783111572277,36.229488372802734],[127.99468994140648,36.2279052734375],[128.00311279296886,36.22412109375006],[128.01181030273438,36.222290039062614],[128.015380859375,36.21667480468756],[128.01719665527366,36.20694732666021],[128.01470947265648,36.19952392578131],[128.0166015625,36.18978881835943],[128.02207946777344,36.1836776733399],[128.03280639648438,36.17462158203119],[128.03570556640636,36.169677734375],[128.0350036621095,36.16239547729498],[128.0218200683595,36.154998779296875],[128.01234436035156,36.157684326171875],[128.00070190429688,36.16470336914057],[127.99380493164074,36.166290283203125],[127.98681640625,36.166290283203125],[127.98049926757812,36.164123535156364],[127.97052001953136,36.156677246093864],[127.96490478515625,36.15289306640625],[127.96051025390625,36.14309692382824],[127.96530914306663,36.13636398315441],[127.97113037109375,36.130126953125114],[127.97502899169922,36.123920440673885],[127.97549438476574,36.114501953125114],[127.97285461425781,36.104797363281364],[127.97109985351574,36.09219360351574],[127.96640014648438,36.087310791015625],[127.95378112792969,36.084991455078125],[127.94989013671886,36.07611083984381],[127.94729614257812,36.068206787109375],[127.94720458984386,36.05999755859369],[127.94808197021484,36.04014968872076],[127.9437255859375,36.03051757812506],[127.93525695800781,36.02461242675787],[127.92098999023438,36.028503417968864],[127.91162109375,36.027984619140625],[127.90499877929688,36.02621459960949],[127.89532470703136,36.01867675781256],[127.88998413085949,36.015686035156364],[127.88031005859386,36.01229858398449],[127.87928771972679,36.002128601074276],[127.88348388671898,35.9957275390625],[127.89251708984386,35.978515625000114],[127.89801025390636,35.96951293945318],[127.90599060058616,35.959762573242244],[127.913330078125,35.947509765625],[127.91851806640625,35.94110107421881],[127.91879272460949,35.934906005859375],[127.914306640625,35.909912109375],[127.91250610351574,35.903198242187614],[127.9114990234375,35.89752197265625],[127.91342163085938,35.88272094726568],[127.91529083251953,35.871986389160156],[127.91131591796875,35.86529541015625],[127.90480041503906,35.86059570312506],[127.89608764648449,35.856903076171875],[127.88787841796898,35.85272216796875],[127.88232421875,35.84588623046881],[127.8748779296875,35.839111328125114],[127.8651123046875,35.8267555236817],[127.85848999023438,35.82339477539068],[127.85131835937511,35.82128906250006],[127.83850097656261,35.82260131835943],[127.8328857421875,35.82470703125006],[127.82452392578125,35.81951904296875],[127.81759643554688,35.81698608398449],[127.80615234375,35.809814453125],[127.79809570312511,35.80868530273443],[127.78741455078136,35.812194824218864],[127.77635192871105,35.81466674804699],[127.771484375,35.809326171875114],[127.76470947265636,35.79931640625],[127.76348876953125,35.78372192382818],[127.76148986816418,35.7742919921875],[127.75390625,35.76690673828131],[127.74432373046886,35.762390136718864],[127.73687744140636,35.75732421875],[127.73052978515636,35.75451660156256],[127.7225036621096,35.75360107421881],[127.71649169921875,35.751708984375114],[127.70867919921875,35.74267578125],[127.70318603515625,35.737091064453125],[127.69949340820324,35.72579956054699],[127.6925048828125,35.71710205078125],[127.69512939453125,35.70068359375],[127.69760131835938,35.69149780273432],[127.69470214843761,35.67230224609381],[127.69000244140625,35.66790771484375],[127.68231201171886,35.66528320312506],[127.67510223388672,35.65879440307617],[127.66888427734375,35.650085449218864],[127.66619873046875,35.64239501953131],[127.6697998046875,35.63229370117193],[127.67221069335949,35.61929321289068],[127.67584228515636,35.61001586914074],[127.6768798828125,35.603515625000114],[127.67599487304699,35.595977783203125],[127.67031860351574,35.58709716796881],[127.66339111328136,35.57861328125],[127.64410400390625,35.5565185546875],[127.64089965820324,35.54901123046869],[127.63519287109386,35.54269409179699],[127.62908935546886,35.53509521484369],[127.62930297851574,35.52789306640625],[127.63662719726562,35.51000976562506],[127.6465072631836,35.4901962280274],[127.64971923828136,35.479919433593864],[127.65267944335938,35.4727783203125],[127.65979003906261,35.46002197265631],[127.66528320312523,35.44772338867199],[127.67330932617199,35.433074951171875],[127.6785888671875,35.42092895507818],[127.6884765625,35.40249633789074],[127.69110107421886,35.39569091796875],[127.69479370117188,35.38739013671881],[127.69479370117188,35.37960815429699],[127.69030761718761,35.3720703125],[127.68649291992199,35.364013671875],[127.68109130859375,35.35980224609369],[127.6759033203125,35.357116699218864],[127.66726684570324,35.356307983398494],[127.651123046875,35.353881835937614],[127.64520263671875,35.35171508789068],[127.64129638671886,35.345092773437614],[127.64131164550793,35.33680725097662],[127.6488037109375,35.316284179687614],[127.64450073242233,35.3079833984375],[127.64288330078125,35.30151367187523],[127.64129638671886,35.29107666015631],[127.63769531250011,35.28649902343756],[127.6301879882817,35.2825927734375],[127.61711883544922,35.26969146728521],[127.61033630371094,35.25994873046881],[127.6173095703125,35.254882812500114],[127.62481689453125,35.25268554687506],[127.62969970703125,35.24468994140631],[127.63092041015625,35.238525390625],[127.63427734375,35.23089599609375],[127.63592529296886,35.225097656250114],[127.64019775390625,35.21578979492199],[127.64028930664062,35.20520019531273],[127.64353942871116,35.1955184936524],[127.64147949218761,35.181884765625],[127.64920043945312,35.175903320312614],[127.65188598632812,35.16799926757818],[127.6534423828125,35.15370559692394],[127.65780639648438,35.143493652343864],[127.66149902343761,35.13690185546875],[127.67047119140636,35.12890625000023],[127.67572021484398,35.12188720703131],[127.69039916992222,35.11978149414068],[127.69952392578125,35.11328125000006],[127.70892333984375,35.09631347656256],[127.71548461914074,35.08618164062523],[127.71795654296886,35.074127197265625],[127.73339843750011,35.054016113281364],[127.73989868164074,35.048004150390625],[127.75320434570312,35.039916992187614],[127.7633056640625,35.03692626953125],[127.76840209960972,35.03359985351591],[127.77410888671875,35.02587890625],[127.777587890625,35.01859664916998],[127.78112792968784,35.0126953125],[127.78350830078125,35.007507324218864],[127.78704071044956,35.00136947631836],[127.7908935546875,34.99359130859369],[127.79229736328125,34.986602783203125],[127.78710937500023,34.98272705078119],[127.77911376953125,34.981140136719034],[127.77542114257812,34.97482299804693],[127.77134704589855,34.965415954589844],[127.77208709716797,34.96430587768566],[127.77180480957031,34.959861755371094],[127.77375030517612,34.95819473266613],[127.77319335937523,34.954303741455135],[127.77486419677734,34.954303741455135],[127.77764129638683,34.95236206054699],[127.77791595458984,34.95013809204107],[127.78041839599643,34.9495849609375],[127.77958679199264,34.94708251953125],[127.78069305419933,34.945137023925895],[127.78458404541016,34.94291687011719],[127.78736114501999,34.94319534301758],[127.79235839843773,34.94124984741228],[127.79458618164062,34.94208145141624],[127.79985809326172,34.9426383972168],[127.80347442626953,34.94374847412115],[127.80958557128906,34.94430541992193],[127.80930328369152,34.9476394653322],[127.81791687011741,34.94930648803711],[127.82013702392578,34.945415496826286],[127.82347106933628,34.94430541992193],[127.82930755615234,34.94597244262707],[127.8301391601567,34.9476394653322],[127.82875061035202,34.950695037841854],[127.83180236816452,34.951248168945256],[127.8331909179692,34.95291519165039],[127.83208465576172,34.95735931396479],[127.8331909179692,34.95847320556652],[127.83291625976562,34.96374893188471],[127.83625030517612,34.96236038208036],[127.835693359375,34.9595832824707],[127.84014129638695,34.95763778686518],[127.84041595458996,34.96180725097656],[127.84263610839844,34.9620819091798],[127.84513854980469,34.959861755371094],[127.84541320800815,34.95763778686518],[127.8434753417971,34.95624923706083],[127.84402465820324,34.95180511474621],[127.84819793701217,34.94985961914091],[127.8473587036134,34.94680404663086],[127.84986114501976,34.94680404663086],[127.851806640625,34.948192596435604],[127.8548583984375,34.948749542236555],[127.8551406860355,34.95041656494146],[127.85847473144531,34.950695037841854],[127.85986328125011,34.9476394653322],[127.86291503906261,34.9476394653322],[127.866249084473,34.94652938842802],[127.86736297607422,34.9476394653322],[127.87097167968784,34.94680404663086],[127.87875366210949,34.948471069336165],[127.88236236572277,34.94985961914091],[127.88263702392578,34.95486068725609],[127.88513946533237,34.95569610595703],[127.890419006348,34.95486068725609],[127.89291381835938,34.95763778686518],[127.89624786376953,34.95597076416044],[127.89819335937511,34.959861755371094],[127.89624786376953,34.959861755371094],[127.89653015136753,34.96319580078131],[127.89986419677734,34.9640274047851],[127.90041351318382,34.96847152709972],[127.90180206298874,34.971805572509766],[127.90597534179688,34.97375106811529],[127.90902709960938,34.97375106811529],[127.91041564941418,34.975971221924],[127.91097259521496,34.97986221313482],[127.90930175781284,34.98430633544922],[127.91374969482456,34.98485946655302],[127.91708374023449,34.980972290039176],[127.91764068603527,34.983470916748274],[127.91708374023449,34.98847198486328],[127.92180633544922,34.98819351196289],[127.92180633544922,34.989582061767635],[127.91735839843761,34.989582061767635],[127.91680908203148,34.992084503173885],[127.91930389404297,34.99291610717785],[127.91930389404297,34.99458312988281],[127.91652679443382,34.995693206787166],[127.91680908203148,34.99736022949247],[127.91958618164108,35.000694274902344],[127.91874694824219,35.00263977050804],[127.91986083984398,35.004581451416186],[127.92208099365268,35.00430679321295],[127.92208099365268,35.007083892822266],[127.91930389404297,35.00902938842796],[127.91902923584018,35.01069259643555],[127.92236328125,35.01430511474615],[127.92569732666061,35.01514053344732],[127.92819213867222,35.01402664184576],[127.93013763427746,35.0087509155274],[127.93291473388683,35.00597381591808],[127.93624877929722,35.003749847412394],[127.93736267089844,35.00485992431658],[127.94041442871094,35.00430679321295],[127.9406967163086,35.00152587890631],[127.93875122070335,35.000972747802734],[127.93569183349632,34.998195648193416],[127.94347381591797,34.99958419799816],[127.94403076171875,34.99847412109381],[127.93819427490234,34.99736022949247],[127.93680572509766,34.995414733886776],[127.9343032836914,34.9948616027832],[127.93180847168003,34.99291610717785],[127.93402862548874,34.986251831054744],[127.93846893310592,34.98764038085949],[127.94097137451206,34.986526489257926],[127.93875122070335,34.98430633544922],[127.93514251708984,34.983196258544865],[127.93680572509766,34.980693817138786],[127.94097137451206,34.980693817138786],[127.94791412353516,34.97680664062494],[127.94847106933616,34.98014068603521],[127.9515304565432,34.980693817138786],[127.95207977294956,34.98208236694336],[127.94763946533237,34.98263931274431],[127.94819641113327,34.98430633544922],[127.95236206054699,34.986251831054744],[127.95486450195335,34.98458480834961],[127.9576416015625,34.98541641235357],[127.9576416015625,34.98875045776384],[127.96013641357422,34.99097061157255],[127.9620819091798,34.99013900756859],[127.9620819091798,34.99458312988281],[127.96514129638683,34.9948616027832],[127.96708679199264,34.99402618408203],[127.97013854980514,34.99458312988281],[127.97291564941406,34.99263763427729],[127.97402954101585,34.98875045776384],[127.97264099121094,34.986251831054744],[127.97486114501964,34.98513793945318],[127.9773635864259,34.98569488525396],[127.97652435302734,34.98236083984392],[127.98236083984409,34.97735977172874],[127.98542022705078,34.97874832153326],[127.9895858764653,34.97874832153326],[127.9895858764653,34.98152923584013],[127.99069213867199,34.983470916748274],[127.98847198486328,34.98485946655302],[127.9868087768557,34.98819351196289],[127.99124908447311,34.9879150390625],[127.99346923828159,34.98680496215832],[127.99597167968773,34.98847198486328],[127.99375152587902,34.991527557373104],[127.99402618408203,34.99375152587902],[127.99680328369152,34.995140075683764],[127.99958038330112,34.995418548584155],[128.00041198730514,34.99402618408203],[127.99958038330112,34.99069595336914],[128.00180053710983,34.98847198486328],[127.99958038330112,34.986526489257926],[127.99958038330112,34.983470916748274],[128.00125122070312,34.983470916748274],[128.00236511230514,34.985973358154354],[128.00486755371128,34.98236083984392],[128.00819396972656,34.98180389404297],[128.01013183593795,34.98708343505871],[128.00930786132847,34.99291610717785],[128.01181030273438,34.99430465698242],[128.01263427734386,34.99097061157255],[128.0145874023441,34.99097061157255],[128.01597595214878,34.99625015258812],[128.01791381835938,34.99847412109381],[128.01791381835938,35.00152587890631],[128.01570129394543,35.001251220703125],[128.01431274414062,35.003749847412394],[128.01875305175793,35.00319290161144],[128.0201416015625,35.00430679321295],[128.01930236816418,35.006526947021484],[128.0165252685547,35.00791549682623],[128.01902770996128,35.009860992431754],[128.01570129394543,35.0112495422365],[128.00735473632812,35.0131950378418],[128.00930786132847,35.01902770996094],[128.00874328613304,35.0226402282716],[128.0076446533203,35.024307250976506],[128.00402832031295,35.02597045898466],[128.00263977050804,35.027637481689396],[127.99958038330112,35.02847290039074],[127.99874877929733,35.030418395996264],[127.99541473388672,35.03152847290062],[127.99708557128918,35.03430557250988],[127.99680328369152,35.03763961792015],[127.99346923828159,35.03763961792015],[127.99041748046909,35.039028167724894],[127.98764038085949,35.0387496948245],[127.98819732666061,35.033195495605526],[127.98374938964878,35.03180694580078],[127.97652435302734,35.03180694580078],[127.97652435302734,35.03458404541027],[127.98069763183628,35.03541564941406],[127.98291778564499,35.042640686035156],[127.98596954345749,35.04624938964861],[127.98930358886719,35.045417785644815],[127.99458312988281,35.04597091674822],[128.00152587890625,35.042640686035156],[128.00430297851562,35.04347229003912],[128.00596618652355,35.039859771728686],[128.00874328613304,35.03819274902355],[128.0145874023441,35.03930664062506],[128.01513671875023,35.041805267333984],[128.00930786132847,35.04735946655296],[128.01431274414062,35.04624938964861],[128.01791381835938,35.041805267333984],[128.0176391601566,35.039028167724894],[128.01597595214878,35.039028167724894],[128.0137481689453,35.036529541015796],[128.01152038574264,35.036529541015796],[128.00569152832054,35.03374862670893],[128.00903320312523,35.02986145019531],[128.0137481689453,35.02875137329113],[128.01708984375,35.02902603149414],[128.01930236816418,35.02791595458996],[128.02235412597668,35.030971527099666],[128.0262451171875,35.032917022705135],[128.02597045898483,35.036529541015796],[128.02708435058594,35.0387496948245],[128.02735900878952,35.04347229003912],[128.02902221679733,35.04458236694347],[128.02958679199264,35.04708480834972],[128.03125000000023,35.04875183105469],[128.02597045898483,35.05152893066435],[128.02542114257824,35.05541610717779],[128.02874755859386,35.059307098388615],[128.03070068359375,35.059860229492415],[128.03514099121105,35.06291580200207],[128.03318786621094,35.06652832031273],[128.03347778320347,35.06902694702143],[128.03680419921875,35.06874847412104],[128.04096984863315,35.07208251953131],[128.04124450683605,35.074859619140796],[128.03903198242188,35.0765266418457],[128.04096984863315,35.077640533447266],[128.0429229736328,35.07541656494135],[128.04541015625,35.07569503784191],[128.04930114746128,35.077640533447266],[128.05264282226562,35.08097076416033],[128.05430603027355,35.08152770996088],[128.05735778808605,35.0765266418457],[128.05125427246105,35.0723609924317],[128.0487518310547,35.07013702392578],[128.0490264892578,35.068195343017635],[128.04652404785156,35.06402587890625],[128.04679870605491,35.05902862548845],[128.04458618164097,35.05430603027344],[128.0423583984375,35.053749084472884],[128.04319763183628,35.05152893066435],[128.04096984863315,35.04875183105469],[128.04180908203136,35.04708480834972],[128.03903198242188,35.04347229003912],[128.03819274902355,35.036529541015796],[128.04124450683605,35.03208160400402],[128.04069519042991,35.02986145019531],[128.0362548828125,35.02597045898466],[128.03514099121105,35.0226402282716],[128.0362548828125,35.01902770996094],[128.04263305664097,35.02402877807634],[128.0473632812501,35.01958465576172],[128.04930114746128,35.015972137451286],[128.04763793945347,35.012916564941406],[128.04763793945347,35.01069259643555],[128.04347229003906,35.00819396972662],[128.04124450683605,35.004028320312784],[128.03903198242188,35.00236129760748],[128.03958129882847,34.998195648193416],[128.03819274902355,34.99708175659191],[128.039306640625,34.99430465698242],[128.039306640625,34.99124908447294],[128.04208374023438,34.989860534668196],[128.04458618164097,34.98541641235357],[128.04374694824241,34.98263931274431],[128.04791259765636,34.97874832153326],[128.0523681640625,34.97847366333008],[128.0504150390626,34.974304199218864],[128.0504150390626,34.97263717651373],[128.04652404785156,34.96736145019537],[128.0443115234376,34.965694427490234],[128.0423583984375,34.965694427490234],[128.03985595703125,34.96263885498075],[128.03318786621094,34.95875167846691],[128.02931213378906,34.95819473266613],[128.0298614501953,34.95541763305664],[128.03318786621094,34.95264053344738],[128.03430175781273,34.95041656494146],[128.0362548828125,34.94985961914091],[128.03903198242188,34.94652938842802],[128.04124450683605,34.94041824340849],[128.04541015625,34.93569564819347],[128.04930114746128,34.933750152588175],[128.05152893066452,34.93180465698248],[128.05152893066452,34.92986297607433],[128.06097412109375,34.9281959533692],[128.06263732910202,34.92680740356445],[128.06652832031284,34.92680740356445],[128.0679168701172,34.92597198486334],[128.07208251953125,34.92597198486334],[128.0723571777346,34.92347335815441],[128.07624816894565,34.92402648925781],[128.0770874023442,34.92708206176769],[128.0845794677739,34.92597198486334],[128.09069824218784,34.92597198486334],[128.0915222167971,34.9243049621582],[128.08903503418003,34.92235946655268],[128.08680725097702,34.919029235840014],[128.09042358398438,34.919303894043026],[128.09347534179688,34.92291641235363],[128.0942993164067,34.925140380859546],[128.09736633300815,34.924583435058594],[128.09707641601562,34.92041778564453],[128.09875488281284,34.92041778564453],[128.09957885742188,34.92402648925781],[128.1026458740239,34.925140380859546],[128.1026458740239,34.92263793945307],[128.1087493896489,34.922084808349666],[128.1129150390625,34.9243049621582],[128.11569213867188,34.92263793945307],[128.12069702148472,34.92291641235363],[128.12181091308594,34.919303894043026],[128.11874389648438,34.91819381713867],[128.11819458007812,34.915973663330135],[128.11569213867188,34.915973663330135],[128.11625671386753,34.92069625854492],[128.1140289306643,34.92235946655268],[128.1118011474614,34.922084808349666],[128.1092987060547,34.919303894043026],[128.1092987060547,34.916248321533146],[128.10403442382858,34.91458511352539],[128.10292053222656,34.91152954101591],[128.107635498047,34.904861450195426],[128.1129150390625,34.90236282348633],[128.1137542724614,34.90513992309599],[128.1195831298828,34.90375137329107],[128.12124633789062,34.904861450195426],[128.12319946289062,34.901248931884766],[128.12597656250034,34.899028778076456],[128.12736511230503,34.8962516784668],[128.12791442871094,34.8929176330567],[128.13125610351608,34.89097213745123],[128.13235473632812,34.88874816894531],[128.13569641113327,34.889305114746094],[128.13763427734375,34.8929176330567],[128.1407012939453,34.89347076416033],[128.13931274414108,34.895694732666016],[128.1415252685547,34.90013885498041],[128.1415252685547,34.90236282348633],[128.1440277099614,34.90236282348633],[128.14541625976608,34.899028778076456],[128.1498565673828,34.899028778076456],[128.14874267578148,34.9029159545899],[128.1518096923828,34.90375137329107],[128.1523590087894,34.906528472900334],[128.15513610839866,34.90625000000017],[128.1562500000001,34.90874862670904],[128.1579132080078,34.90874862670904],[128.1593017578126,34.90625000000017],[128.1593017578126,34.9029159545899],[128.16123962402366,34.901527404785156],[128.1626434326173,34.898471832275504],[128.16514587402366,34.899028778076456],[128.16542053222668,34.901527404785156],[128.16847229003918,34.9004173278808],[128.16902160644577,34.8962516784668],[128.1734771728519,34.89680480957037],[128.1754150390625,34.898471832275504],[128.1754150390625,34.90208435058594],[128.1737518310547,34.90347290039068],[128.1754150390625,34.906528472900334],[128.1790313720703,34.906528472900334],[128.1787567138673,34.90375137329107],[128.1765289306644,34.90180587768555],[128.178192138672,34.898471832275504],[128.18319702148472,34.894859313964844],[128.1845855712894,34.895137786865234],[128.1848602294923,34.899028778076456],[128.1865234375,34.90208435058594],[128.1848602294923,34.90597152709978],[128.188201904297,34.90597152709978],[128.18930053710972,34.90347290039068],[128.18624877929722,34.898750305176065],[128.1865234375,34.89458465576183],[128.19485473632812,34.89347076416033],[128.20069885253918,34.89319610595709],[128.20347595214878,34.895137786865234],[128.20375061035168,34.89986038208025],[128.20042419433628,34.90263748168951],[128.1979217529297,34.907081604004134],[128.19680786132835,34.91069412231457],[128.19985961914085,34.9168052673341],[128.19985961914085,34.919029235840014],[128.20291137695335,34.922084808349666],[128.20458984375,34.924861907958984],[128.20429992675827,34.92791748046881],[128.19985961914085,34.92958450317394],[128.20013427734386,34.93152618408209],[128.20320129394554,34.93180465698248],[128.20263671875045,34.934028625488565],[128.19902038574264,34.933750152588175],[128.19624328613304,34.935974121093864],[128.19819641113327,34.9381942749024],[128.20625305175804,34.939304351806754],[128.2087554931644,34.93763732910162],[128.21235656738304,34.9401397705081],[128.2137451171875,34.942359924316634],[128.21597290039074,34.94041824340849],[128.2192993164066,34.94069290161133],[128.21958923339855,34.945137023925895],[128.22264099121105,34.94597244262707],[128.22430419921875,34.94458389282232],[128.22430419921875,34.942085266113395],[128.22819519043014,34.94069290161133],[128.23097229003906,34.94208145141624],[128.2362518310547,34.94208145141624],[128.24153137207043,34.94402694702154],[128.24569702148483,34.941806793212834],[128.24374389648438,34.9401397705081],[128.24569702148483,34.935974121093864],[128.24874877929733,34.93763732910162],[128.24874877929733,34.94208145141624],[128.25152587890636,34.94208145141624],[128.25291442871094,34.939304351806754],[128.25514221191406,34.93875122070318],[128.25680541992233,34.936805725097656],[128.25958251953125,34.94069290161133],[128.26235961914097,34.93763732910162],[128.26763916015636,34.93875122070318],[128.26957702636741,34.934028625488565],[128.2670898437501,34.93264007568382],[128.26791381835938,34.92958450317394],[128.2657012939453,34.927639007568644],[128.26152038574264,34.92736053466825],[128.25930786132847,34.930694580078125],[128.25764465332065,34.9287490844726],[128.25985717773483,34.92708206176769],[128.26152038574264,34.92263793945307],[128.2684783935547,34.91764068603527],[128.26597595214878,34.915416717529354],[128.2657012939453,34.9123611450197],[128.2687530517578,34.91208267211914],[128.27235412597656,34.910415649414176],[128.2759704589846,34.909862518310604],[128.27430725097702,34.90597152709978],[128.2715301513672,34.904861450195426],[128.27096557617188,34.89958190917986],[128.2731933593751,34.89958190917986],[128.27403259277355,34.90319442749029],[128.2762451171876,34.904026031494254],[128.28236389160202,34.90375137329107],[128.28347778320324,34.90513992309599],[128.28070068359375,34.91069412231457],[128.28208923339844,34.915973663330135],[128.28791809082065,34.910415649414176],[128.29042053222656,34.90958404541021],[128.2920837402346,34.91180419921875],[128.2967987060547,34.914306640625],[128.29791259765625,34.91263961792009],[128.3015289306643,34.91402816772461],[128.29957580566406,34.91652679443371],[128.3045806884768,34.91847229003906],[128.303466796875,34.92124938964872],[128.3009796142578,34.92124938964872],[128.3015289306643,34.92930603027355],[128.2998657226567,34.93208312988287],[128.2998657226567,34.936248779296875],[128.3040313720703,34.935974121093864],[128.3079223632817,34.936527252197266],[128.3073577880864,34.93791580200201],[128.30958557128952,34.939582824707145],[128.3145904541018,34.93847274780279],[128.3145904541018,34.94124984741228],[128.31791687011753,34.94458389282232],[128.32096862793003,34.94430541992193],[128.32124328613293,34.94625091552746],[128.31680297851562,34.94930648803711],[128.31652832031284,34.951248168945256],[128.31875610351574,34.95236206054699],[128.31903076171875,34.95513916015648],[128.31680297851562,34.956806182861385],[128.31680297851562,34.960140228271655],[128.31791687011753,34.96180725097656],[128.32096862793003,34.96069335937506],[128.32124328613293,34.957084655761776],[128.32458496093784,34.957084655761776],[128.32513427734375,34.95569610595703],[128.32820129394543,34.95486068725609],[128.3315277099614,34.95541763305664],[128.3304138183595,34.95291519165039],[128.3309783935548,34.95013809204107],[128.3290252685547,34.948471069336165],[128.32958984375,34.94680404663086],[128.333465576172,34.94458389282232],[128.3370819091798,34.945415496826286],[128.3393096923828,34.9476394653322],[128.34152221679688,34.94430541992193],[128.34181213378906,34.942359924316634],[128.3401336669923,34.93875122070318],[128.34347534179722,34.939025878906364],[128.34513854980503,34.936248779296875],[128.34486389160156,34.930694580078125],[128.3426361083989,34.930416107177734],[128.34097290039062,34.9243049621582],[128.3381958007817,34.92569351196295],[128.33735656738293,34.92319488525402],[128.3406982421876,34.921806335449276],[128.34320068359398,34.924583435058594],[128.34791564941406,34.9237518310548],[128.34625244140648,34.922084808349666],[128.34707641601562,34.919582366943416],[128.35374450683594,34.919582366943416],[128.35485839843784,34.91819381713867],[128.35208129882812,34.915973663330135],[128.35180664062534,34.91263961792009],[128.35458374023438,34.91069412231457],[128.35430908203125,34.90819549560547],[128.35014343261753,34.90569305419922],[128.34736633300793,34.90569305419922],[128.34208679199253,34.907081604004134],[128.33847045898438,34.90930557250982],[128.3340301513673,34.90930557250982],[128.32124328613293,34.907360076904524],[128.32014465332065,34.90958404541021],[128.31791687011753,34.90874862670904],[128.31208801269543,34.90930557250982],[128.3076324462893,34.90874862670904],[128.303466796875,34.906528472900334],[128.3004150390625,34.90319442749029],[128.29736328125,34.90319442749029],[128.29736328125,34.89986038208025],[128.30068969726597,34.89708328247076],[128.3037567138672,34.89764022827171],[128.30653381347702,34.89402770996088],[128.30958557128952,34.892360687256144],[128.3104095458989,34.88624954223661],[128.31597900390625,34.883750915527514],[128.31625366210938,34.87958526611328],[128.32014465332065,34.87930679321289],[128.32014465332065,34.880973815918026],[128.32235717773438,34.88263702392578],[128.3229217529297,34.88486099243187],[128.3259735107422,34.886528015136776],[128.32708740234398,34.884304046630916],[128.32569885253906,34.88263702392578],[128.3254241943364,34.8790283203125],[128.32791137695324,34.87569427490246],[128.33013916015648,34.87569427490246],[128.33180236816406,34.87736129760759],[128.33735656738293,34.87736129760759],[128.3351440429692,34.87985992431669],[128.3345794677739,34.88208389282238],[128.3393096923828,34.880695343017635],[128.34208679199253,34.880695343017635],[128.34152221679688,34.874584197998104],[128.34486389160156,34.87263870239258],[128.3484649658203,34.87291717529297],[128.3498535156251,34.874584197998104],[128.35041809082043,34.8790283203125],[128.34902954101562,34.886528015136776],[128.35069274902344,34.886528015136776],[128.35235595703148,34.880138397216854],[128.35597229003918,34.8790283203125],[128.35707092285156,34.87736129760759],[128.35569763183616,34.87569427490246],[128.35569763183616,34.871807098388615],[128.35874938964866,34.86986160278332],[128.36457824707077,34.86986160278332],[128.3673553466797,34.872081756592024],[128.3709716796875,34.87097167968767],[128.3723602294923,34.869026184082145],[128.3751373291019,34.869583129882926],[128.3759765625001,34.87263870239258],[128.3720855712894,34.87652587890625],[128.37319946289062,34.880138397216854],[128.3695831298828,34.884304046630916],[128.3729095458989,34.88347244262695],[128.3754119873048,34.88180541992199],[128.37986755371094,34.88291549682617],[128.37957763671875,34.886528015136776],[128.3806915283203,34.88791656494152],[128.3837432861328,34.88458251953131],[128.3837432861328,34.88236236572277],[128.3851318359376,34.880138397216854],[128.38264465332077,34.87625122070324],[128.3806915283203,34.874862670898494],[128.38235473632812,34.872081756592024],[128.38624572753906,34.87374877929693],[128.38874816894577,34.87597274780285],[128.38958740234375,34.87374877929693],[128.38624572753906,34.87291717529297],[128.38485717773472,34.87069320678711],[128.3851318359376,34.86847305297857],[128.38819885253918,34.86652755737305],[128.3948669433595,34.86680603027344],[128.40042114257835,34.86652755737305],[128.4054107666019,34.86541748046869],[128.40625,34.86708450317383],[128.4093017578125,34.86652755737305],[128.4104156494144,34.86458206176775],[128.4134674072269,34.86458206176775],[128.41291809082054,34.86652755737305],[128.41624450683605,34.86736297607422],[128.41958618164085,34.86541748046869],[128.41986083984386,34.86208343505865],[128.41874694824264,34.860694885253906],[128.41430664062545,34.86125183105469],[128.41375732421886,34.85930633544933],[128.40708923339855,34.86208343505865],[128.40042114257835,34.86236190795904],[128.39874267578125,34.85874938964838],[128.39735412597668,34.85874938964838],[128.39735412597668,34.8626403808596],[128.38902282714844,34.863193511963004],[128.38819885253918,34.8609733581543],[128.38430786132835,34.86125183105469],[128.38430786132835,34.85902786254877],[128.38569641113327,34.85625076293968],[128.38264465332077,34.85652923584007],[128.37875366210972,34.85208511352545],[128.3754119873048,34.851528167724666],[128.37374877929722,34.8531951904298],[128.37042236328125,34.85069274902355],[128.3745880126953,34.84680557250988],[128.37791442871116,34.845417022705135],[128.3776397705078,34.84402847290039],[128.3726348876953,34.84458160400419],[128.3745880126953,34.84125137329113],[128.37709045410156,34.84041595458996],[128.38096618652366,34.84097290039074],[128.38235473632812,34.84291839599604],[128.38792419433616,34.84236145019548],[128.38819885253918,34.83874893188482],[128.38403320312545,34.83791732788086],[128.38403320312545,34.83458328247082],[128.38652038574253,34.833751678466854],[128.38763427734386,34.835693359375],[128.3915252685548,34.83541488647461],[128.39402770996116,34.83263778686529],[128.39236450195358,34.82958221435564],[128.3951416015625,34.82902908325224],[128.39680480957077,34.83013916015619],[128.39903259277344,34.83486175537121],[128.4023590087894,34.83486175537121],[128.4018096923828,34.83180618286133],[128.404022216797,34.830696105957145],[128.4006958007816,34.828472137451286],[128.39402770996116,34.8256950378418],[128.38931274414108,34.82764053344749],[128.38652038574253,34.82764053344749],[128.3837432861328,34.82875061035185],[128.38569641113327,34.819862365722656],[128.38735961914085,34.81819534301769],[128.38763427734386,34.8143043518067],[128.38235473632812,34.819026947021484],[128.38264465332077,34.82402801513666],[128.38096618652366,34.8256950378418],[128.37680053710972,34.82652664184576],[128.37875366210972,34.82958221435564],[128.37709045410156,34.830696105957145],[128.37347412109375,34.82958221435564],[128.3729095458989,34.83458328247082],[128.3709716796875,34.83514022827177],[128.36764526367222,34.83263778686529],[128.3648681640625,34.83541488647461],[128.36207580566418,34.83291625976568],[128.35569763183616,34.83291625976568],[128.35763549804688,34.83486175537121],[128.35929870605503,34.839862823486385],[128.35346984863293,34.84291839599604],[128.35096740722656,34.84125137329113],[128.34819030761753,34.84180450439453],[128.34707641601562,34.84013748168957],[128.3484649658203,34.834026336670036],[128.34402465820312,34.83291625976568],[128.3423614501953,34.834304809570426],[128.3426361083989,34.84152603149414],[128.3395843505864,34.84069442749035],[128.3387451171875,34.83514022827177],[128.3412475585942,34.83458328247082],[128.3395843505864,34.83208465576172],[128.3398590087893,34.82986068725603],[128.33624267578148,34.82708358764654],[128.3337554931643,34.82708358764654],[128.33180236816406,34.82986068725603],[128.32986450195358,34.82986068725603],[128.3309783935548,34.824859619140625],[128.33291625976608,34.82347106933611],[128.335693359375,34.82319259643572],[128.3370819091798,34.82097244262701],[128.335693359375,34.81735992431635],[128.34097290039062,34.8179168701173],[128.34097290039062,34.82041549682623],[128.3423614501953,34.822360992431925],[128.34625244140648,34.82374954223627],[128.34736633300793,34.825416564941406],[128.35180664062534,34.825138092041016],[128.35319519043003,34.82402801513666],[128.3568115234376,34.82402801513666],[128.36207580566418,34.82152938842796],[128.36708068847656,34.81819534301769],[128.3726348876953,34.8179168701173],[128.37652587890625,34.81513977050804],[128.3790283203126,34.81486129760765],[128.38041687011753,34.81263732910156],[128.37736511230503,34.810695648193416],[128.37570190429722,34.80847167968773],[128.38041687011753,34.80597305297863],[128.3776397705078,34.801807403564396],[128.37709045410156,34.798751831054744],[128.3751373291019,34.799026489257926],[128.3729095458989,34.80319595336914],[128.3637542724614,34.79680633544922],[128.3643035888672,34.795139312744084],[128.36819458007858,34.79430389404297],[128.3720855712894,34.79430389404297],[128.3740234375,34.793193817138786],[128.37374877929722,34.789585113525504],[128.37709045410156,34.7904167175293],[128.3776397705078,34.79458236694353],[128.38180541992222,34.79652786254883],[128.38153076171886,34.793193817138786],[128.38485717773472,34.79097366333008],[128.38819885253918,34.79069519042969],[128.39125061035168,34.78652954101585],[128.38652038574253,34.78208160400408],[128.38597106933594,34.77986145019554],[128.39097595214866,34.77680587768566],[128.3915252685548,34.77986145019554],[128.39596557617188,34.780971527099894],[128.39680480957077,34.77958297729498],[128.3945770263673,34.77319335937506],[128.3976440429691,34.77041625976574],[128.39707946777366,34.76541519165039],[128.39846801757858,34.76514053344755],[128.4037475585941,34.76791763305664],[128.40513610839844,34.766803741455135],[128.4045867919923,34.763473510742244],[128.40625,34.76235961914068],[128.40875244140625,34.763195037841854],[128.41596984863304,34.76263809204107],[128.41763305664062,34.7645835876466],[128.42041015625045,34.76430511474621],[128.4231872558595,34.76180648803711],[128.42457580566406,34.76235961914068],[128.42541503906295,34.769306182861385],[128.42903137207054,34.77430725097656],[128.4315338134769,34.77486038208036],[128.4315338134769,34.77708435058605],[128.436248779297,34.780971527099894],[128.43124389648438,34.78513717651373],[128.4273681640625,34.786804199218864],[128.42541503906295,34.78874969482416],[128.42097473144577,34.789585113525504],[128.4207000732422,34.792640686035384],[128.42402648925827,34.79236221313482],[128.4268035888672,34.79097366333008],[128.4348602294922,34.789585113525504],[128.4401397705078,34.79402923584013],[128.43986511230514,34.79624938964844],[128.4376373291019,34.799026489257926],[128.4331970214845,34.8004150390625],[128.43235778808628,34.807640075683764],[128.436248779297,34.802360534668196],[128.44152832031273,34.802360534668196],[128.44236755371105,34.80347061157255],[128.44152832031273,34.80625152587902],[128.44236755371105,34.80902862548828],[128.43986511230514,34.81208419799816],[128.43986511230514,34.8179168701173],[128.44236755371105,34.82097244262701],[128.44041442871094,34.822639465332315],[128.4406890869144,34.828193664550895],[128.4379119873047,34.82764053344749],[128.4359741210941,34.824859619140625],[128.43431091308594,34.824859619140625],[128.43263244628918,34.82764053344749],[128.43540954589878,34.828193664550895],[128.43263244628918,34.830696105957145],[128.43124389648438,34.82930374145508],[128.42764282226562,34.8323593139649],[128.4207000732422,34.83347320556646],[128.420135498047,34.83486175537121],[128.41680908203136,34.83486175537121],[128.41569519043014,34.83347320556646],[128.41264343261764,34.83319473266607],[128.412353515625,34.83597183227556],[128.41680908203136,34.837081909179915],[128.41735839843795,34.83847045898466],[128.4273681640625,34.83874893188482],[128.43235778808628,34.83763885498047],[128.43820190429733,34.83874893188482],[128.4376373291019,34.84125137329113],[128.4329223632816,34.84208297729492],[128.4334716796875,34.84375000000023],[128.43679809570312,34.84236145019548],[128.44152832031273,34.84236145019548],[128.44569396972668,34.84486007690458],[128.44792175293014,34.84486007690458],[128.45263671875045,34.84680557250988],[128.4532012939453,34.8495826721192],[128.45069885253906,34.851528167724666],[128.45402526855514,34.854026794433594],[128.45152282714855,34.85874938964838],[128.44708251953125,34.863193511963004],[128.44708251953125,34.866249084472656],[128.44874572753918,34.86708450317383],[128.45124816894554,34.86541748046869],[128.45458984375023,34.86458206176775],[128.4562530517578,34.8651390075683],[128.45707702636764,34.869583129882926],[128.45429992675804,34.87097167968767],[128.45652770996128,34.87263870239258],[128.45652770996128,34.880416870117244],[128.45819091796886,34.88208389282238],[128.46041870117188,34.8790283203125],[128.45957946777378,34.87736129760759],[128.4601440429691,34.872360229492415],[128.4623565673828,34.87069320678711],[128.46652221679688,34.87069320678711],[128.46791076660168,34.871528625488224],[128.46708679199241,34.874584197998104],[128.46847534179733,34.878471374511946],[128.46791076660168,34.88236236572277],[128.47125244140636,34.88347244262695],[128.47125244140636,34.88569259643566],[128.4692993164066,34.88791656494152],[128.47514343261764,34.88874816894531],[128.4754180908203,34.89041519165045],[128.47375488281273,34.89347076416033],[128.46597290039062,34.89180374145519],[128.4651336669922,34.892639160156534],[128.4656982421875,34.8962516784668],[128.46430969238293,34.89986038208025],[128.45957946777378,34.89986038208025],[128.45541381835938,34.900695800781364],[128.45541381835938,34.90208435058594],[128.4601440429691,34.90319442749029],[128.46041870117188,34.904861450195426],[128.4559783935547,34.90874862670904],[128.45181274414097,34.91125106811535],[128.45347595214878,34.913471221924055],[128.45181274414097,34.915416717529354],[128.44874572753918,34.914306640625],[128.44041442871094,34.913749694824446],[128.43820190429733,34.91263961792009],[128.43875122070324,34.91097259521496],[128.44152832031273,34.910137176513786],[128.44541931152355,34.907081604004134],[128.44541931152355,34.90513992309599],[128.45013427734375,34.90513992309599],[128.45013427734375,34.90236282348633],[128.44763183593773,34.90236282348633],[128.44458007812523,34.9009704589846],[128.44403076171875,34.898471832275504],[128.4420776367191,34.89791488647472],[128.44346618652344,34.895416259765625],[128.4393005371095,34.89374923706049],[128.44097900390625,34.89041519165045],[128.4390258789066,34.8890266418457],[128.4359741210941,34.889862060546875],[128.43569946289074,34.88791656494152],[128.43235778808628,34.88874816894531],[128.43069458007812,34.88735961914057],[128.43069458007812,34.884029388427905],[128.43374633789062,34.88291549682617],[128.4340209960941,34.880695343017635],[128.4315338134769,34.880416870117244],[128.43235778808628,34.87708282470703],[128.42819213867188,34.87736129760759],[128.42625427246128,34.87430572509771],[128.42179870605514,34.87263870239258],[128.4237518310547,34.88208389282238],[128.4237518310547,34.884304046630916],[128.41986083984386,34.88874816894531],[128.41986083984386,34.89680480957037],[128.42179870605514,34.89791488647472],[128.42208862304688,34.9004173278808],[128.42625427246128,34.90263748168951],[128.42568969726585,34.904861450195426],[128.42179870605514,34.904304504394645],[128.41819763183594,34.90847396850586],[128.41874694824264,34.91180419921875],[128.42179870605514,34.9123611450197],[128.42152404785156,34.91402816772461],[128.42457580566406,34.91458511352539],[128.42958068847668,34.9168052673341],[128.430419921875,34.921806335449276],[128.42903137207054,34.928470611572436],[128.43235778808628,34.92930603027355],[128.43374633789062,34.931251525878906],[128.43069458007812,34.93291854858421],[128.42846679687545,34.93513870239252],[128.42930603027378,34.93875122070318],[128.42514038085938,34.939861297607536],[128.42514038085938,34.94124984741228],[128.42930603027378,34.94347381591797],[128.430145263672,34.94680404663086],[128.42930603027378,34.94930648803711],[128.42958068847668,34.954582214355526],[128.4248657226566,34.95569610595703],[128.42430114746094,34.95791625976574],[128.42819213867188,34.95930480957031],[128.430145263672,34.95847320556652],[128.43513488769554,34.96319580078131],[128.43736267089844,34.96791839599632],[128.4390258789066,34.96847152709972],[128.44403076171875,34.97375106811529],[128.44375610351562,34.97847366333008],[128.44152832031273,34.982917785644474],[128.4393005371095,34.982917785644474],[128.436248779297,34.98430633544922],[128.42819213867188,34.986251831054744],[128.42625427246128,34.98569488525396],[128.41735839843795,34.98708343505871],[128.41152954101562,34.98541641235357],[128.40847778320312,34.982917785644474],[128.40708923339855,34.98458480834961],[128.40652465820335,34.98819351196289],[128.40818786621094,34.98875045776384],[128.4079132080078,34.995140075683764],[128.41125488281295,34.995693206787166],[128.41653442382835,34.995693206787166],[128.41958618164085,34.995140075683764],[128.420135498047,34.99347305297863],[128.42597961425804,34.99263763427729],[128.4370880126953,34.99430465698242],[128.44152832031273,34.99402618408203],[128.44680786132812,34.991806030273494],[128.45013427734375,34.99263763427729],[128.45568847656295,34.99013900756859],[128.45791625976597,34.99124908447294],[128.46292114257812,34.98819351196289],[128.46597290039062,34.98875045776384],[128.46652221679688,34.99013900756859],[128.4623565673828,34.99430465698242],[128.462646484375,34.99597167968756],[128.4651336669922,34.998195648193416],[128.46763610839878,34.997917175293026],[128.46875,34.99597167968756],[128.4754180908203,34.99430465698242],[128.47819519043014,34.99291610717785],[128.47903442382847,34.99597167968756],[128.47708129882824,34.99763870239286],[128.48458862304688,35.000694274902344],[128.48236083984375,35.00208282470709],[128.48374938964855,35.00513839721674],[128.48320007324241,35.00930404663097],[128.48541259765625,35.01097106933611],[128.4884796142578,35.010417938232706],[128.4884796142578,35.00819396972662],[128.490966796875,35.00513839721674],[128.49235534667991,35.00485992431658],[128.4945831298828,35.007362365722656],[128.49652099609386,35.01152801513666],[128.50125122070312,35.012638092041016],[128.5009765625,35.02097320556646],[128.49708557128952,35.023193359375],[128.48902893066406,35.02347183227539],[128.48818969726597,35.02569580078125],[128.48124694824264,35.02875137329113],[128.4815216064453,35.030971527099666],[128.48541259765625,35.032917022705135],[128.48652648925815,35.03763961792015],[128.48568725585983,35.0387496948245],[128.4815216064453,35.03819274902355],[128.4815216064453,35.04097366333019],[128.474853515625,35.041526794433594],[128.47457885742233,35.03569412231445],[128.4718017578125,35.03680419921881],[128.47207641601562,35.04097366333019],[128.46292114257812,35.04402923584007],[128.46292114257812,35.04597091674822],[128.4601440429691,35.04680633544916],[128.46180725097668,35.04930496215826],[128.46708679199241,35.04902648925787],[128.46875,35.047637939453125],[128.47346496582043,35.048194885253906],[128.47514343261764,35.04708480834972],[128.47819519043014,35.04708480834972],[128.48042297363315,35.04958343505865],[128.4818115234375,35.05402755737305],[128.47792053222656,35.05430603027344],[128.4754180908203,35.05569458007818],[128.48069763183605,35.059581756591854],[128.47985839843773,35.062637329101506],[128.48236083984375,35.062637329101506],[128.48124694824264,35.06624984741234],[128.47680664062523,35.06624984741234],[128.47680664062523,35.06958389282238],[128.47402954101574,35.0723609924317],[128.46902465820312,35.0759735107423],[128.46736145019543,35.074859619140796],[128.46847534179733,35.071250915527344],[128.46820068359386,35.067916870117244],[128.46485900878918,35.06652832031273],[128.4620819091797,35.06402587890625],[128.45875549316418,35.06486129760742],[128.45458984375023,35.07069396972656],[128.45124816894554,35.071250915527344],[128.4462432861328,35.06902694702143],[128.44375610351562,35.065418243408374],[128.4420776367191,35.060138702392805],[128.44403076171875,35.05569458007818],[128.44819641113304,35.05152893066435],[128.44264221191418,35.050971984863395],[128.4379119873047,35.04986190795904],[128.43875122070324,35.04569625854498],[128.4331970214845,35.047916412353516],[128.42958068847668,35.045417785644815],[128.42097473144577,35.045417785644815],[128.41874694824264,35.04319381713873],[128.414031982422,35.04375076293951],[128.41152954101562,35.042362213134766],[128.40513610839844,35.042640686035156],[128.39541625976608,35.0387496948245],[128.39097595214866,35.03486251831066],[128.38931274414108,35.03486251831066],[128.38902282714844,35.027362823486385],[128.38763427734386,35.026805877685604],[128.38735961914085,35.02291488647461],[128.3884735107423,35.02013778686529],[128.38652038574253,35.018470764160384],[128.38153076171886,35.018749237060774],[128.37486267089866,35.015693664550895],[128.37069702148472,35.015415191650504],[128.36708068847656,35.016250610351676],[128.36097717285156,35.01097106933611],[128.36013793945358,35.01402664184576],[128.36041259765625,35.01736068725603],[128.36236572265648,35.01736068725603],[128.3668060302739,35.021526336670036],[128.37069702148472,35.02208328247082],[128.37347412109375,35.02569580078125],[128.37124633789108,35.02569580078125],[128.3693084716798,35.02986145019531],[128.3723602294923,35.03125000000023],[128.37374877929722,35.02986145019531],[128.37680053710972,35.030971527099666],[128.37709045410156,35.03374862670893],[128.37930297851562,35.032917022705135],[128.38125610351585,35.03513717651367],[128.3820800781251,35.03763961792015],[128.38014221191406,35.039859771728686],[128.37652587890625,35.039028167724894],[128.3726348876953,35.041526794433594],[128.37181091308616,35.04319381713873],[128.3745880126953,35.045139312744425],[128.3751373291019,35.04930496215826],[128.37847900390636,35.04930496215826],[128.3820800781251,35.04569625854498],[128.38319396972656,35.04569625854498],[128.38403320312545,35.050415039062614],[128.3915252685548,35.05152893066435],[128.39541625976608,35.050693511963004],[128.39735412597668,35.053195953369084],[128.40042114257835,35.053749084472884],[128.40208435058594,35.05625152587896],[128.4015350341798,35.05791854858427],[128.4093017578125,35.05819320678711],[128.4106903076173,35.06097412109375],[128.41624450683605,35.06180572509771],[128.41653442382835,35.05902862548845],[128.41430664062545,35.057083129882926],[128.41569519043014,35.05458450317383],[128.41874694824264,35.05458450317383],[128.41986083984386,35.056804656982536],[128.42236328125045,35.05597305297857],[128.42457580566406,35.056526184082145],[128.42846679687545,35.05486297607422],[128.430145263672,35.057083129882926],[128.43208312988304,35.05736160278332],[128.43208312988304,35.06041717529297],[128.4340209960941,35.06041717529297],[128.43569946289074,35.06430435180664],[128.43569946289074,35.06708145141613],[128.4393005371095,35.06624984741234],[128.44097900390625,35.07041549682617],[128.44264221191418,35.071804046630916],[128.4462432861328,35.071804046630916],[128.45208740234386,35.07374954223661],[128.45764160156273,35.07291793823265],[128.4601440429691,35.071250915527344],[128.46542358398483,35.074306488037166],[128.4651336669922,35.07875061035162],[128.46791076660168,35.08124923706072],[128.47068786621128,35.08124923706072],[128.4723663330078,35.07958221435558],[128.47319030761741,35.0759735107423],[128.47653198242233,35.07569503784191],[128.47985839843773,35.07819366455084],[128.48013305664074,35.08097076416033],[128.47653198242233,35.082916259765625],[128.4718017578125,35.083473205566406],[128.46847534179733,35.085693359375114],[128.46597290039062,35.08541488647472],[128.46485900878918,35.08708190917969],[128.46153259277378,35.089027404785156],[128.46153259277378,35.0904159545899],[128.45429992675804,35.092361450195426],[128.44819641113304,35.09708404541021],[128.44902038574264,35.100692749023494],[128.45152282714855,35.100692749023494],[128.45236206054688,35.10402679443354],[128.45875549316418,35.10514068603527],[128.46597290039062,35.100971221923885],[128.46791076660168,35.09875106811535],[128.474853515625,35.097915649414176],[128.48013305664074,35.10041809082048],[128.48402404785156,35.09986114501953],[128.48568725585983,35.10152816772484],[128.48652648925815,35.10597229003906],[128.48625183105491,35.10847091674816],[128.49180603027378,35.106544494628906],[128.4945831298828,35.106529235840014],[128.49681091308605,35.103748321533146],[128.50375366210983,35.09930419921875],[128.5045776367192,35.09819412231457],[128.50791931152344,35.09902954101574],[128.51431274414097,35.09875106811535],[128.51708984375,35.097915649414176],[128.51986694335938,35.09930419921875],[128.52041625976597,35.10458374023449],[128.52374267578125,35.10541534423828],[128.5276336669923,35.10402679443354],[128.5307006835942,35.10763931274437],[128.5307006835942,35.11041641235346],[128.53236389160202,35.112640380859375],[128.53514099121094,35.11430740356468],[128.53514099121094,35.11736297607433],[128.53791809082043,35.11930465698248],[128.54014587402344,35.115970611572436],[128.53846740722702,35.11430740356468],[128.53846740722702,35.1112518310548],[128.53958129882812,35.10763931274437],[128.54124450683594,35.10763931274437],[128.54292297363315,35.11013793945307],[128.547088623047,35.10874938964872],[128.54847717285156,35.10541534423828],[128.54431152343784,35.10458374023449],[128.54208374023438,35.100692749023494],[128.5457000732422,35.09902954101574],[128.54679870605503,35.09624862670927],[128.54597473144565,35.09263992309582],[128.5487518310547,35.09347152709961],[128.5487518310547,35.09541702270508],[128.55097961425793,35.09652709960943],[128.5604095458989,35.09375000000017],[128.56375122070312,35.09319305419922],[128.56930541992222,35.09319305419922],[128.57235717773472,35.09097290039068],[128.58207702636753,35.09069442749029],[128.58013916015625,35.0884704589846],[128.57597351074253,35.08708190917969],[128.5726318359376,35.08680725097685],[128.5712432861328,35.08458328247076],[128.5684661865239,35.082637786865234],[128.5623626708989,35.08097076416033],[128.56320190429722,35.07875061035162],[128.5623626708989,35.07541656494135],[128.56459045410156,35.074306488037166],[128.5656890869143,35.07041549682617],[128.56124877929688,35.07013702392578],[128.55874633789108,35.068473815918026],[128.5548553466797,35.06902694702143],[128.553192138672,35.07013702392578],[128.54431152343784,35.06986236572277],[128.54208374023438,35.06902694702143],[128.54235839843784,35.065971374511776],[128.5457000732422,35.06458282470703],[128.54902648925815,35.06180572509771],[128.5501403808595,35.05791854858427],[128.5523681640625,35.056804656982536],[128.5537567138673,35.05430603027344],[128.5562438964845,35.05291748046869],[128.5634765625001,35.05180740356474],[128.56486511230503,35.053749084472884],[128.56736755371094,35.05263900756853],[128.5684661865239,35.05402755737305],[128.5670776367192,35.05791473388672],[128.5640258789067,35.059307098388615],[128.5623626708989,35.06319427490246],[128.5623626708989,35.06652832031273],[128.56903076171898,35.06680679321289],[128.56985473632812,35.068195343017635],[128.57485961914062,35.067916870117244],[128.57431030273438,35.06486129760742],[128.57929992675793,35.065692901611385],[128.58041381835938,35.06430435180664],[128.58319091796875,35.06486129760742],[128.58792114257858,35.06930541992199],[128.587646484375,35.07263946533226],[128.5906982421875,35.0723609924317],[128.59402465820358,35.068473815918026],[128.5901336669922,35.06680679321289],[128.58485412597668,35.06152725219732],[128.58068847656284,35.06152725219732],[128.57820129394577,35.06041717529297],[128.57431030273438,35.05597305297857],[128.5726318359376,35.0551376342774],[128.5726318359376,35.05291748046869],[128.58013916015625,35.05291748046869],[128.587646484375,35.05486297607422],[128.5906982421875,35.056526184082145],[128.5920867919923,35.05569458007818],[128.6079101562501,35.05736160278332],[128.60847473144577,35.060138702392805],[128.61264038085938,35.06097412109375],[128.61402893066418,35.062084197998104],[128.61680603027366,35.06180572509771],[128.61985778808616,35.06402587890625],[128.6251373291019,35.06402969360363],[128.6281890869144,35.065418243408374],[128.62986755371105,35.06763839721708],[128.6337432861328,35.06763839721708],[128.63597106933605,35.06902694702143],[128.6351318359375,35.071529388427905],[128.6306915283203,35.071529388427905],[128.6265258789066,35.074028015137],[128.6204223632816,35.07319259643566],[128.61541748046875,35.06986236572277],[128.61264038085938,35.06958389282238],[128.60847473144577,35.07041549682617],[128.61180114746094,35.07263946533226],[128.61097717285168,35.07569503784191],[128.60763549804722,35.07569503784191],[128.60708618164085,35.07847213745123],[128.60319519043003,35.080139160156534],[128.6162567138672,35.08069610595709],[128.62013244628918,35.08152770996088],[128.6240234375,35.083194732666016],[128.6265258789066,35.083473205566406],[128.6273651123048,35.08541488647472],[128.6245880126953,35.08874893188499],[128.6220855712894,35.0904159545899],[128.61569213867188,35.08986282348633],[128.61569213867188,35.094306945800724],[128.60847473144577,35.097637176513615],[128.60736083984386,35.10013961792009],[128.60153198242222,35.1023597717288],[128.60153198242222,35.109584808349666],[128.599853515625,35.11375045776373],[128.60014343261753,35.11958312988287],[128.5954132080078,35.11930465698248],[128.5906982421875,35.12069320678722],[128.58291625976608,35.1156959533692],[128.58180236816418,35.118473052978516],[128.5865325927739,35.11958312988287],[128.5890350341798,35.121807098388956],[128.5956878662114,35.121807098388956],[128.5987548828126,35.124027252197266],[128.59902954101562,35.127082824707145],[128.60125732421886,35.129306793212834],[128.59957885742222,35.132915496826286],[128.59375,35.132637023925724],[128.59042358398472,35.12958145141607],[128.5823669433595,35.12847137451172],[128.57847595214866,35.13069534301758],[128.57431030273438,35.13124847412138],[128.57542419433616,35.13375091552746],[128.57542419433616,35.13680648803711],[128.57681274414108,35.13735961914091],[128.58319091796875,35.13541793823259],[128.58485412597668,35.13430404663086],[128.5856933593751,35.13180541992193],[128.587646484375,35.13069534301758],[128.5887451171876,35.133193969726676],[128.5951385498048,35.13735961914091],[128.5956878662114,35.1395835876466],[128.5984649658203,35.141803741455135],[128.5948638916019,35.14513778686518],[128.59291076660156,35.14513778686518],[128.59097290039108,35.1470832824707],[128.587646484375,35.14680480957031],[128.5918121337894,35.150417327881144],[128.59097290039108,35.153751373291016],[128.5887451171876,35.15541839599632],[128.5918121337894,35.156806945801065],[128.5887451171876,35.16041564941412],[128.585418701172,35.1609725952149],[128.58291625976608,35.16430664062494],[128.57929992675793,35.16402816772478],[128.57597351074253,35.1629180908206],[128.57542419433616,35.165138244629134],[128.57347106933594,35.16708374023443],[128.57513427734398,35.1704177856447],[128.57875061035168,35.170696258544865],[128.57986450195358,35.17208480834961],[128.57431030273438,35.17597198486328],[128.57014465332043,35.17597198486328],[128.5684661865239,35.177360534668026],[128.5654144287114,35.183193206787166],[128.5651397705078,35.18597412109381],[128.56764221191406,35.188751220703125],[128.57096862793003,35.1893043518067],[128.57319641113293,35.19319534301752],[128.57208251953148,35.19513702392584],[128.57347106933594,35.197917938232706],[128.57708740234375,35.19847106933594],[128.58207702636753,35.202915191650504],[128.58485412597668,35.203472137451286],[128.58485412597668,35.20680618286133],[128.58624267578125,35.20958328247082],[128.59458923339866,35.209026336669865],[128.5968017578125,35.210693359375],[128.60264587402344,35.21041488647461],[128.6065216064453,35.212638854980696],[128.61402893066418,35.21319580078125],[128.61653137207077,35.212360382080135],[128.61985778808616,35.21291732788109],[128.6209716796875,35.21569442749035],[128.6254119873047,35.21708297729492],[128.6276397705078,35.21708297729492],[128.62957763671875,35.21902847290045],[128.6334686279298,35.218471527099666],[128.6251373291019,35.214584350585994],[128.623748779297,35.212360382080135],[128.62013244628918,35.212638854980696],[128.61846923828125,35.21180725097673],[128.61013793945335,35.212360382080135],[128.60597229003906,35.2101402282716],[128.60597229003906,35.20847320556646],[128.60319519043003,35.20680618286133],[128.5984649658203,35.206527709961165],[128.59291076660156,35.203193664550895],[128.5923614501953,35.2012481689456],[128.5895843505864,35.19958496093744],[128.5901336669922,35.194305419921875],[128.5918121337894,35.19097137451183],[128.59124755859398,35.18097305297863],[128.5920867919923,35.17569351196289],[128.59347534179722,35.17235946655302],[128.5954132080078,35.170696258544865],[128.59902954101562,35.16930389404297],[128.6004180908203,35.16736221313482],[128.60014343261753,35.16402816772478],[128.60292053222656,35.16152954101568],[128.60902404785156,35.159584045410156],[128.60736083984386,35.15763854980486],[128.60902404785156,35.15513992309576],[128.60902404785156,35.1515274047851],[128.6112518310548,35.147640228271484],[128.61375427246116,35.14652633666992],[128.60708618164085,35.141529083252124],[128.6065216064453,35.1370849609375],[128.61152648925827,35.136528015136946],[128.6143035888673,35.13930511474621],[128.61653137207077,35.13735961914091],[128.61985778808616,35.13208389282232],[128.62152099609375,35.134349822998104],[128.6223602294922,35.13791656494146],[128.62429809570358,35.142360687255916],[128.6273651123048,35.14402770996122],[128.6290283203125,35.1470832824707],[128.6331939697269,35.14680480957031],[128.63542175293014,35.14513778686518],[128.63847351074264,35.14513778686518],[128.63819885253906,35.147361755371094],[128.64486694335938,35.14986038208019],[128.64625549316418,35.14930725097679],[128.64569091796886,35.14652633666992],[128.6429138183595,35.1470832824707],[128.64125061035156,35.144859313965014],[128.64318847656295,35.138473510742244],[128.64791870117188,35.138748168945256],[128.64903259277378,35.1351394653322],[128.6526336669922,35.135692596435604],[128.65652465820312,35.13180541992193],[128.6576385498047,35.132637023925724],[128.6567993164066,35.136249542236555],[128.6587524414066,35.136528015136946],[128.6598663330078,35.132915496826286],[128.6618041992191,35.13180541992193],[128.6634674072269,35.12819290161133],[128.66125488281273,35.12625122070318],[128.66403198242233,35.12458419799805],[128.662353515625,35.121528625488565],[128.66542053222668,35.12014007568365],[128.67124938964855,35.12014007568365],[128.67152404785168,35.1231956481933],[128.67736816406273,35.12458419799805],[128.67736816406273,35.12902832031267],[128.67402648925804,35.132915496826286],[128.67375183105514,35.136249542236555],[128.67457580566418,35.138473510742244],[128.67179870605514,35.14097213745117],[128.67124938964855,35.14319610595703],[128.68347167968773,35.14875030517584],[128.69013977050793,35.1490287780764],[128.69041442871128,35.14625167846691],[128.68763732910168,35.14347076416027],[128.68763732910168,35.14097213745117],[128.69264221191452,35.139026641845646],[128.69569396972702,35.138748168945256],[128.69735717773483,35.13735961914091],[128.69874572753952,35.132915496826286],[128.694580078125,35.129859924316634],[128.6981964111328,35.12819290161133],[128.6981964111328,35.12625122070318],[128.70097351074264,35.1237487792971],[128.70347595214855,35.1237487792971],[128.70291137695324,35.121250152588004],[128.70097351074264,35.121250152588004],[128.6976318359375,35.11347198486334],[128.69624328613293,35.1112518310548],[128.69264221191452,35.10874938964872],[128.68820190429733,35.109584808349666],[128.68624877929688,35.10763931274437],[128.68875122070312,35.106803894043026],[128.68763732910168,35.102916717529354],[128.69319152832043,35.097637176513615],[128.69596862792991,35.09708404541021],[128.70263671875023,35.09930419921875],[128.70152282714844,35.103748321533146],[128.7076416015625,35.10542678833019],[128.70846557617233,35.10736083984381],[128.71096801757847,35.10736083984381],[128.710693359375,35.10402679443354],[128.71458435058628,35.103473663330135],[128.7140350341797,35.095138549804915],[128.71902465820347,35.09541702270508],[128.72097778320312,35.094860076904524],[128.7243041992192,35.09708404541021],[128.72625732421875,35.09291839599638],[128.72930908203125,35.09375000000017],[128.7298583984375,35.0904159545899],[128.73236083984375,35.0904159545899],[128.73568725585983,35.09347152709961],[128.73847961425815,35.09875106811535],[128.74014282226597,35.09986114501953],[128.742919921875,35.09958267211914],[128.74458312988315,35.097637176513615],[128.75125122070324,35.09319305419922],[128.7540283203126,35.094306945800724],[128.75625610351562,35.09375000000017],[128.76402282714844,35.09402847290056],[128.7662506103518,35.097362518310604],[128.76541137695312,35.101249694824446],[128.76097106933594,35.101806640625],[128.76235961914062,35.10486221313488],[128.76513671875034,35.103473663330135],[128.76902770996094,35.103473663330135],[128.77069091796875,35.09958267211914],[128.77264404296898,35.09847259521496],[128.7745819091797,35.10041809082048],[128.77986145019543,35.102916717529354],[128.78097534179688,35.10541534423828],[128.78152465820358,35.11041641235346],[128.7848663330078,35.11402893066429],[128.78958129882812,35.11347198486334],[128.7884674072268,35.1112518310548],[128.7884674072268,35.10597229003906],[128.7909698486328,35.10152816772484],[128.7881927490239,35.09875106811535],[128.78875732421898,35.097362518310604],[128.79208374023472,35.097637176513615],[128.79624938964844,35.09958267211914],[128.80180358886753,35.09930419921875],[128.80207824707043,35.097915649414176],[128.80014038085938,35.09402847290056],[128.79458618164062,35.09375000000017],[128.7923583984376,35.09541702270508],[128.79042053222656,35.095138549804915],[128.7884674072268,35.092082977295036],[128.7837524414067,35.086528778076456],[128.7820892333989,35.08541488647472],[128.7820892333989,35.082637786865234],[128.7848663330078,35.07875061035162],[128.78764343261753,35.07986068725597],[128.79042053222656,35.07819366455084],[128.79570007324253,35.080417633056925],[128.79597473144543,35.082916259765625],[128.79875183105503,35.083473205566406],[128.79930114746094,35.089027404785156],[128.80319213867188,35.08958435058594],[128.80958557128906,35.08930587768555],[128.81263732910156,35.09069442749029],[128.81903076171875,35.09097290039068],[128.8215332031251,35.09263992309582],[128.8212432861328,35.09652709960943],[128.82347106933616,35.09569549560547],[128.82791137695312,35.09069442749029],[128.83207702636753,35.0879173278808],[128.83596801757835,35.08708190917969],[128.8370819091798,35.083194732666016],[128.84458923339844,35.082637786865234],[128.851806640625,35.082916259765625],[128.86846923828136,35.082916259765625],[128.86903381347668,35.08069610595709],[128.87458801269554,35.080139160156534],[128.8754119873047,35.07902908325218],[128.8804168701172,35.07930374145519],[128.88430786132824,35.07847213745123],[128.88374328613304,35.08208465576183],[128.88542175293014,35.0837516784668],[128.88681030273483,35.08736038208025],[128.88847351074264,35.089027404785156],[128.8887481689453,35.09597396850586],[128.88931274414062,35.09902954101574],[128.88958740234375,35.10819625854492],[128.89347839355514,35.112640380859375],[128.89457702636764,35.115417480469034],[128.89541625976562,35.121250152588004],[128.90124511718795,35.11902618408209],[128.9057006835941,35.117916107177734],[128.90541076660156,35.11680603027338],[128.90124511718795,35.11347198486334],[128.90014648437523,35.11152648925781],[128.90014648437523,35.102916717529354],[128.89903259277378,35.09847259521496],[128.89486694335938,35.08514022827154],[128.89486694335938,35.07847213745123],[128.91235351562523,35.07847213745123],[128.91264343261741,35.085971832275504],[128.91458129882812,35.0884704589846],[128.92152404785202,35.08986282348633],[128.92597961425815,35.092361450195426],[128.93124389648483,35.10263824462919],[128.93319702148438,35.109859466552905],[128.93763732910156,35.10902786254911],[128.93263244628906,35.095138549804915],[128.93235778808605,35.0904159545899],[128.93402099609375,35.08486175537115],[128.93791198730491,35.086250305175895],[128.9398651123047,35.08819580078119],[128.94236755371105,35.08541488647472],[128.9440307617192,35.08680725097685],[128.9462432861328,35.091526031494254],[128.9462432861328,35.094860076904524],[128.9473571777346,35.09652709960943],[128.94792175292991,35.101806640625],[128.94985961914062,35.106529235840014],[128.9559783935547,35.10597229003906],[128.95541381835983,35.103748321533146],[128.9556884765625,35.09958267211914],[128.95458984375034,35.092361450195426],[128.95320129394565,35.08819580078119],[128.9501342773442,35.08402633666998],[128.9501342773442,35.07958221435558],[128.95208740234375,35.07208251953131],[128.95320129394565,35.07041549682617],[128.95320129394565,35.06624984741234],[128.95429992675793,35.06430435180664],[128.95541381835983,35.05875015258806],[128.9573669433596,35.05291748046869],[128.96014404296875,35.04902648925787],[128.96791076660156,35.04652786254877],[128.96847534179688,35.04402923584007],[128.96624755859375,35.041526794433594],[128.96624755859375,35.039028167724894],[128.9640350341798,35.036251068115234],[128.9640350341798,35.03402709960932],[128.96542358398438,35.03208160400402],[128.96791076660156,35.03263854980497],[128.9682006835942,35.03680419921881],[128.97097778320324,35.03680419921881],[128.97457885742188,35.0406951904298],[128.97792053222702,35.04041671752924],[128.9743041992192,35.04375076293951],[128.9701385498048,35.044860839843864],[128.9698638916018,35.04652786254877],[128.9718017578125,35.048194885253906],[128.9743041992192,35.04735946655296],[128.97792053222702,35.048194885253906],[128.9795837402346,35.04680633544916],[128.9829101562501,35.04624938964861],[128.9823608398442,35.04986190795904],[128.98347473144543,35.053749084472884],[128.97764587402344,35.05486297607422],[128.9812469482422,35.0584716796875],[128.98069763183594,35.06069564819336],[128.98347473144543,35.06069564819336],[128.98707580566452,35.05819320678711],[128.99096679687534,35.057083129882926],[128.99346923828125,35.050415039062614],[128.992645263672,35.04902648925787],[128.992645263672,35.044860839843864],[128.99542236328148,35.045139312744425],[128.99902343750034,35.04375076293951],[129.0009765625,35.047637939453125],[129.00263977050793,35.0484733581543],[129.0018005371095,35.05152893066435],[128.99958801269543,35.051250457763786],[129.00070190429688,35.05569458007818],[128.998748779297,35.056804656982536],[128.99708557128906,35.06069564819336],[128.99597167968784,35.068473815918026],[128.99542236328148,35.076805114746094],[128.99403381347656,35.07819366455084],[128.99319458007824,35.08180618286127],[128.99542236328148,35.08235931396507],[128.9973602294922,35.07986068725597],[129.0018005371095,35.07930374145519],[129.0048675537114,35.074859619140796],[129.00457763671898,35.07069396972656],[129.00625610351562,35.07041549682617],[129.0065307617192,35.06735992431669],[129.0090332031251,35.06708145141613],[129.0106964111328,35.06430435180664],[129.0095825195317,35.06041717529297],[129.01347351074253,35.053749084472884],[129.01597595214844,35.05263900756853],[129.01625061035156,35.056526184082145],[129.0181884765626,35.05902862548845],[129.02346801757812,35.062637329101506],[129.02069091796898,35.06458282470703],[129.02096557617222,35.06986236572277],[129.01652526855503,35.07347106933605],[129.0167999267578,35.0759735107423],[129.01902770996094,35.077362060546875],[129.02291870117188,35.07458496093756],[129.025146484375,35.0765266418457],[129.0262451171876,35.08430480957037],[129.0250244140625,35.0864372253418],[129.02149963378906,35.09014129638672],[129.01649475097668,35.094589233398494],[129.0147399902346,35.09774017333979],[129.0155792236328,35.100612640380916],[129.02076721191406,35.10534286499029],[129.02117919921875,35.10650253295904],[129.03062438964855,35.10739135742193],[129.0406951904298,35.106094360351676],[129.04180908203125,35.109859466552734],[129.045135498047,35.11486053466808],[129.04791259765625,35.11458206176769],[129.04847717285156,35.11736297607433],[129.0504150390626,35.11930465698248],[129.0523681640626,35.11930465698248],[129.05458068847656,35.117637634277344],[129.05902099609386,35.12069320678722],[129.06040954589844,35.12291717529291],[129.06375122070358,35.12597274780279],[129.06680297851608,35.121807098388956],[129.069580078125,35.12263870239275],[129.0706939697269,35.12041473388683],[129.07041931152344,35.118194580078125],[129.071533203125,35.115970611572436],[129.0679168701172,35.11375045776373],[129.0676422119144,35.107082366943416],[129.069305419922,35.10514068603527],[129.07124328613327,35.10514068603527],[129.0762481689453,35.1023597717288],[129.07958984375045,35.103195190429744],[129.08514404296886,35.102916717529354],[129.09069824218795,35.103473663330135],[129.09013366699264,35.10819625854492],[129.09375000000045,35.106803894043026],[129.09375000000045,35.101249694824446],[129.0932006835941,35.09958267211914],[129.09846496582077,35.09930419921875],[129.09957885742188,35.09819412231457],[129.1029205322269,35.097915649414176],[129.10569763183594,35.09902954101574],[129.1059722900394,35.1023597717288],[129.10820007324264,35.1023597717288],[129.11013793945324,35.10041809082048],[129.11347961425804,35.1023597717288],[129.11596679687523,35.09986114501953],[129.11846923828125,35.09902954101574],[129.12263488769554,35.09930419921875],[129.12319946289097,35.09708404541021],[129.12652587890636,35.09708404541021],[129.12513732910156,35.09930419921875],[129.12570190429688,35.100971221923885],[129.12570190429688,35.106529235840014],[129.12680053710938,35.106803894043026],[129.1284790039066,35.11097335815441],[129.1276397705078,35.11375045776373],[129.12930297851597,35.118473052978516],[129.1273651123047,35.11958312988287],[129.12374877929688,35.126804351806754],[129.12208557128906,35.13152694702154],[129.11735534668014,35.13402938842785],[129.11180114746094,35.13347244262707],[129.11097717285168,35.13541793823259],[129.11375427246105,35.1370849609375],[129.11569213867233,35.13930511474621],[129.11791992187545,35.13986206054699],[129.11791992187545,35.14597320556652],[129.11514282226562,35.14680480957031],[129.11514282226562,35.14875030517584],[129.11680603027355,35.1515274047851],[129.11985778808605,35.1540260314942],[129.12263488769554,35.15458297729498],[129.12597656250023,35.152915954589844],[129.1306915283203,35.15263748168945],[129.13485717773438,35.15430450439459],[129.13542175292991,35.157081604003906],[129.1334686279297,35.15847396850597],[129.1276397705078,35.165138244629134],[129.12374877929688,35.16764068603521],[129.11985778808605,35.1754150390625],[129.11819458007812,35.17625045776367],[129.11735534668014,35.17874908447294],[129.11653137207054,35.18513870239286],[129.1145782470703,35.18763732910156],[129.11596679687523,35.188472747802734],[129.11903381347656,35.183193206787166],[129.11903381347656,35.18013763427729],[129.12181091308628,35.17430496215832],[129.12570190429688,35.16986083984375],[129.12680053710938,35.16736221313482],[129.13235473632847,35.162639617920036],[129.1334686279297,35.1609725952149],[129.13569641113293,35.1609725952149],[129.13874816894543,35.159027099609375],[129.1415252685547,35.15486145019537],[129.14569091796875,35.153194427490234],[129.14846801757824,35.15541839599615],[129.1498565673828,35.15486145019537],[129.1498565673828,35.151248931884766],[129.15263366699241,35.151248931884766],[129.15541076660156,35.157081604003906],[129.1606903076173,35.159027099609375],[129.16458129882812,35.159584045410156],[129.1693115234375,35.159305572509766],[129.17347717285168,35.156250000000114],[129.1781921386721,35.15486145019537],[129.18208312988293,35.15486145019537],[129.18431091308605,35.15597152709972],[129.18513488769543,35.15819549560541],[129.1879119873047,35.159584045410156],[129.19180297851574,35.159305572509766],[129.19430541992188,35.16069412231451],[129.1976318359375,35.16597366333008],[129.1979217529297,35.17013931274414],[129.19874572753906,35.171249389648494],[129.1979217529297,35.17680740356445],[129.20013427734398,35.179584503173885],[129.20513916015636,35.18013763427729],[129.2106933593751,35.18208312988281],[129.21235656738293,35.18041610717768],[129.2140350341797,35.18375015258795],[129.2137451171876,35.185695648193416],[129.21791076660168,35.185695648193416],[129.21875,35.18347167968756],[129.22125244140625,35.18347167968756],[129.2237548828125,35.18541717529308],[129.2237548828125,35.19041824340826],[129.22569274902366,35.19124984741222],[129.22708129882824,35.19569396972662],[129.2298583984375,35.1962509155274],[129.23069763183605,35.200416564941406],[129.2298583984375,35.20458221435547],[129.2254180908203,35.20735931396496],[129.22346496582043,35.2101402282716],[129.22346496582043,35.214305877685604],[129.224853515625,35.214305877685604],[129.22708129882824,35.2176399230957],[129.22792053222656,35.224029541015625],[129.23013305664074,35.224029541015625],[129.23013305664074,35.22180557250971],[129.2348632812501,35.2201385498048],[129.23902893066406,35.2201385498048],[129.2412567138672,35.22486114501959],[129.24041748046886,35.22652816772472],[129.2412567138672,35.229026794433594],[129.24569702148438,35.23041534423834],[129.24403381347668,35.235416412353516],[129.24652099609386,35.23708343505865],[129.24708557128918,35.239028930664176],[129.25013732910168,35.24013900756836],[129.24569702148438,35.24236297607422],[129.24513244628906,35.24375152587896],[129.25152587890625,35.244026184081974],[129.2537536621095,35.2459716796875],[129.2537536621095,35.25125122070324],[129.25209045410156,35.255695343017635],[129.25430297851585,35.258750915527344],[129.2537536621095,35.26041793823248],[129.24319458007812,35.26013946533209],[129.24069213867188,35.259304046630916],[129.2398681640626,35.25763702392578],[129.23568725585938,35.258750915527344],[129.23374938964855,35.262359619140625],[129.23541259765648,35.264305114746094],[129.2393035888673,35.26374816894537],[129.24374389648438,35.2640266418457],[129.24485778808594,35.26708221435558],[129.24374389648438,35.270694732666016],[129.24513244628906,35.27180480957037],[129.2540283203125,35.27152633666998],[129.2554168701172,35.27597045898443],[129.25596618652344,35.28013992309582],[129.2598571777345,35.282360076904354],[129.2598571777345,35.284862518310604],[129.2576446533203,35.28791809082031],[129.26124572753906,35.2912483215332],[129.2604217529298,35.29819488525385],[129.2598571777345,35.30791854858404],[129.2615203857422,35.309028625488395],[129.26235961914074,35.314582824707145],[129.264862060547,35.31874847412121],[129.2718048095703,35.32263946533203],[129.2765350341797,35.324028015136776],[129.28097534179688,35.32624816894531],[129.28402709960938,35.32624816894531],[129.28514099121094,35.323471069335994],[129.2876434326172,35.323471069335994],[129.28707885742188,35.31930541992193],[129.29096984863293,35.31819534301758],[129.29930114746094,35.31819534301758],[129.30264282226562,35.320415496826115],[129.30152893066406,35.32236099243164],[129.3020782470703,35.32847213745117],[129.30792236328136,35.329860687255916],[129.31320190429688,35.329303741455135],[129.31320190429688,35.33124923706066],[129.3148651123047,35.332637786865234],[129.31680297851562,35.338470458984375],[129.32014465332043,35.33763885498058],[129.32208251953136,35.340415954589844],[129.32208251953136,35.34513854980469],[129.32319641113293,35.34624862670904],[129.32763671875,35.3459739685058],[129.33264160156273,35.347084045410156],[129.33375549316418,35.350418090820426],[129.33403015136764,35.35458374023443],[129.33764648437545,35.35652923583996],[129.34042358398438,35.35652923583996],[129.34181213378906,35.35458374023443],[129.34458923339878,35.35347366333008],[129.34429931640625,35.35152816772478],[129.3473663330078,35.35152816772478],[129.35069274902378,35.35486221313482],[129.35569763183628,35.35402679443388],[129.35902404785168,35.35486221313482],[129.36152648925793,35.35680389404297],[129.3629150390625,35.359306335449446],[129.36068725585938,35.36541748046898],[129.35874938964878,35.36541748046898],[129.3562469482422,35.36875152587902],[129.35569763183628,35.3718070983889],[129.35153198242188,35.37263870239269],[129.3512573242191,35.3743057250976],[129.34541320800804,35.3743057250976],[129.34568786621105,35.37708282470709],[129.34429931640625,35.379859924316406],[129.34486389160156,35.381805419921875],[129.34764099121128,35.385139465332145],[129.34652709960938,35.38930511474615],[129.34930419921886,35.39152908325207],[129.3543090820316,35.39208221435547],[129.35597229003918,35.393749237060604],[129.35485839843773,35.396526336669865],[129.3562469482422,35.40291595458979],[129.3604125976566,35.405971527099666],[129.36318969726562,35.40680694580101],[129.3634796142578,35.41069412231445],[129.35597229003918,35.41069412231445],[129.3568115234375,35.414859771728516],[129.35569763183628,35.41624832153343],[129.35235595703136,35.417083740234375],[129.35153198242188,35.42097091674805],[129.35403442382812,35.42263793945335],[129.3531951904297,35.426528930664176],[129.35403442382812,35.42763900756836],[129.36097717285202,35.42763900756836],[129.36486816406273,35.42819595336931],[129.365966796875,35.43041610717802],[129.36819458007824,35.431526184081974],[129.36819458007824,35.43319320678711],[129.36430358886741,35.43652725219755],[129.36375427246094,35.43902587890625],[129.365966796875,35.440692901611385],[129.365966796875,35.44291687011747],[129.36430358886741,35.44430541992182],[129.36125183105491,35.440971374511776],[129.35847473144543,35.440692901611385],[129.35597229003918,35.43847274780285],[129.35374450683628,35.43902587890625],[129.35847473144543,35.44235992431652],[129.35902404785168,35.44763946533209],[129.35569763183628,35.44763946533209],[129.35403442382812,35.44597244262695],[129.34985351562545,35.44513702392601],[129.34625244140636,35.44791793823248],[129.34541320800804,35.450138092041186],[129.34458923339878,35.45763778686546],[129.34764099121128,35.45986175537115],[129.34597778320347,35.46625137329107],[129.34347534179688,35.46930694580095],[129.34181213378906,35.46930694580095],[129.33874511718773,35.473194122314396],[129.3420867919923,35.47402954101574],[129.3454132080078,35.470417022705135],[129.35125732421886,35.466804504394474],[129.35292053222668,35.46486282348633],[129.3531951904297,35.46236038208008],[129.35569763183594,35.45986175537115],[129.3626403808596,35.459026336670036],[129.36708068847668,35.46402740478521],[129.3726348876953,35.466804504394474],[129.373748779297,35.46958160400396],[129.3768005371095,35.4712486267091],[129.37986755371105,35.4712486267091],[129.3837432861328,35.47541809082031],[129.3837432861328,35.48097229003906],[129.38319396972656,35.4826393127442],[129.3884735107422,35.4868049621582],[129.39041137695312,35.485416412353516],[129.39041137695312,35.47708511352545],[129.39263916015636,35.47708511352545],[129.3917999267578,35.47986221313488],[129.39208984375,35.4862518310548],[129.38763427734386,35.48875045776373],[129.3851318359375,35.4926376342774],[129.3826446533203,35.49514007568365],[129.38291931152355,35.49763870239258],[129.38096618652355,35.49958419799805],[129.37290954589844,35.49958419799805],[129.37013244628918,35.49791717529297],[129.36625671386741,35.50041580200207],[129.3726348876953,35.50041580200207],[129.37847900390636,35.50291824340832],[129.3826446533203,35.502639770507926],[129.38485717773438,35.50125122070318],[129.38958740234386,35.505138397216854],[129.3851318359375,35.51041793823242],[129.38485717773438,35.51319503784191],[129.38681030273438,35.51625061035156],[129.38291931152355,35.517082214355526],[129.38153076171886,35.51819610595709],[129.3776397705078,35.5179176330567],[129.37570190429688,35.519859313964844],[129.37541198730491,35.52347183227545],[129.373748779297,35.5245819091798],[129.37541198730491,35.52736282348627],[129.3790283203125,35.52680587768555],[129.37709045410156,35.52958297729498],[129.3706970214845,35.534584045410156],[129.36846923828125,35.537918090820426],[129.365966796875,35.53985977172857],[129.36097717285168,35.54097366333008],[129.3562469482422,35.54513931274414],[129.35208129882812,35.54402923583996],[129.35069274902355,35.54763793945324],[129.35208129882847,35.5498619079591],[129.35542297363293,35.549304962158146],[129.36152648925793,35.54541778564453],[129.36791992187523,35.54569625854509],[129.37402343750023,35.54180526733427],[129.37402343750023,35.53958511352556],[129.37847900390636,35.53680419921869],[129.38041687011741,35.53430557250999],[129.38597106933628,35.528751373291016],[129.38792419433605,35.52791595459007],[129.3895874023442,35.52402877807623],[129.39375305175793,35.52069473266596],[129.3945770263672,35.517360687255916],[129.39707946777355,35.51374816894548],[129.39707946777355,35.50847244262707],[129.39625549316452,35.5040283203125],[129.3965301513672,35.50097274780279],[129.40069580078125,35.50125122070318],[129.40347290039074,35.496807098388786],[129.40736389160156,35.494026184082145],[129.40570068359375,35.49152755737305],[129.40513610839844,35.48875045776373],[129.4031982421875,35.485137939453125],[129.40431213378906,35.481529235839844],[129.4029235839845,35.48041534423828],[129.4029235839845,35.476249694824276],[129.40679931640625,35.47458267211914],[129.405975341797,35.47347259521496],[129.41014099121105,35.47097396850586],[129.41514587402355,35.47513961791992],[129.41514587402355,35.47958374023432],[129.4190216064453,35.481803894043026],[129.42152404785156,35.48041534423828],[129.4237518310547,35.48041534423828],[129.42597961425793,35.482082366943416],[129.42486572265636,35.48374938964855],[129.42903137207043,35.48402786254894],[129.4318084716797,35.48014068603527],[129.43540954589844,35.48014068603527],[129.43569946289074,35.48236083984381],[129.43902587890625,35.484859466552734],[129.44013977050793,35.4868049621582],[129.44013977050793,35.48958206176769],[129.44207763671875,35.49152755737305],[129.44624328613293,35.490417480468864],[129.44569396972656,35.493194580078125],[129.44097900390625,35.495971679687614],[129.43875122070324,35.494026184082145],[129.43569946289074,35.492671966552734],[129.43235778808594,35.4926376342774],[129.4304199218751,35.496528625488395],[129.43319702148438,35.49986267089844],[129.43679809570312,35.49958419799805],[129.44097900390625,35.50041580200207],[129.44375610351574,35.501804351806584],[129.44236755371116,35.50708389282232],[129.4326324462893,35.50708389282232],[129.43319702148438,35.50986099243164],[129.43708801269543,35.510692596435604],[129.438201904297,35.511806488037166],[129.444580078125,35.51041793823242],[129.4459686279297,35.51263809204113],[129.44708251953125,35.51902770996105],[129.44569396972656,35.522361755371094],[129.4479217529298,35.526248931884766],[129.444580078125,35.526248931884766],[129.44346618652344,35.52347183227545],[129.44013977050793,35.522914886474666],[129.4398651123047,35.52708435058588],[129.44236755371116,35.52680587768555],[129.44485473632824,35.528751373291016],[129.45069885253906,35.528472900390625],[129.45069885253906,35.53069305419933],[129.45208740234398,35.53374862670904],[129.45152282714866,35.53902816772461],[129.4532012939453,35.54152679443371],[129.45263671875,35.54458236694336],[129.45429992675793,35.54735946655285],[129.4556884765625,35.54708480834984],[129.4556884765625,35.55152893066406],[129.45875549316406,35.552360534668026],[129.45846557617188,35.5573616027832],[129.45903015136753,35.56013870239269],[129.45736694335972,35.561527252197436],[129.4581909179692,35.56486129760748],[129.45541381835938,35.56569290161144],[129.45486450195312,35.569862365722656],[129.4532012939453,35.57097244262701],[129.4540252685548,35.57736206054693],[129.4532012939453,35.57958221435547],[129.4565277099614,35.58013916015625],[129.4576416015626,35.582084655761946],[129.45736694335972,35.584583282470646],[129.46041870117222,35.583751678466854],[129.46485900878906,35.585693359375],[129.4637451171876,35.58902740478527],[129.46458435058594,35.59152603149437],[129.4637451171876,35.59375],[129.46485900878906,35.59569549560575],[129.46430969238293,35.60041809082037],[129.46458435058594,35.605140686035156],[129.46319580078148,35.605140686035156],[129.46208190918003,35.60847091674805],[129.45791625976562,35.60847091674805],[129.4593048095703,35.613750457763786],[129.4576416015626,35.61458206176758],[129.45291137695358,35.614028930664176],[129.44985961914074,35.61597061157232],[129.44985961914074,35.6209716796875],[129.44541931152366,35.622638702392635],[129.44346618652344,35.62569427490229],[129.44319152832043,35.62902832031256],[129.44180297851574,35.63013839721691],[129.4412536621095,35.63291549682623],[129.44346618652344,35.6348609924317],[129.4415283203125,35.639862060546875],[129.4415283203125,35.64430618286133],[129.44236755371116,35.64569473266607],[129.44708251953125,35.64541625976568],[129.4495849609375,35.64764022827154],[129.45236206054688,35.654582977294865],[129.45208740234398,35.66041564941406],[129.45375061035156,35.664028167724666],[129.4559783935548,35.66597366333019],[129.4593048095703,35.66541671752941],[129.46597290039062,35.6656951904298],[129.46624755859386,35.669582366943416],[129.4651336669923,35.66986083984381],[129.46458435058594,35.675140380859375],[129.46791076660156,35.67958450317383],[129.46929931640636,35.678195953369254],[129.47264099121094,35.6801376342774],[129.47291564941418,35.68264007568365],[129.47596740722668,35.689582824706974],[129.4751434326172,35.69208145141607],[129.476531982422,35.698192596435604],[129.47402954101585,35.69985961914074],[129.47264099121094,35.70291519165045],[129.47346496582043,35.70652770996105],[129.47541809082043,35.707637786865234],[129.4781951904297,35.7120819091798],[129.48013305664085,35.71180725097662],[129.48013305664085,35.71569442749029],[129.4812469482422,35.71736145019537],[129.48208618164074,35.72180557250982],[129.48208618164074,35.725418090820426],[129.4865264892578,35.730693817138615],[129.4862518310548,35.734306335449276],[129.4842987060547,35.74124908447277],[129.4842987060547,35.74347305297846],[129.48875427246105,35.74763870239269],[129.4912567138673,35.748748779296875],[129.49264526367188,35.751251220703125],[129.49542236328136,35.75319290161127],[129.4923553466798,35.7551383972168],[129.49208068847656,35.759860992431754],[129.4943084716798,35.75958251953119],[129.49542236328136,35.76430511474621],[129.4945831298828,35.76985931396496],[129.4976348876953,35.77097320556652],[129.49790954589855,35.77347183227539],[129.49403381347656,35.77763748168945],[129.4923553466798,35.78208160400402],[129.49180603027355,35.78791809082037],[129.49319458007812,35.790138244628906],[129.49542236328136,35.79124832153326],[129.4973602294923,35.790138244628906],[129.50152587890636,35.792640686035156],[129.50209045410168,35.7945823669433],[129.49958801269554,35.79819488525396],[129.49958801269554,35.80014038085943],[129.50347900390625,35.800971984863224],[129.5054168701172,35.804027557373104],[129.5040283203126,35.80541610717785],[129.50486755371116,35.80819320678711],[129.50874328613327,35.807361602783146],[129.51124572753918,35.80569458007841],[129.5131988525394,35.80680465698259],[129.5118103027345,35.809860229492244],[129.5115203857423,35.81375122070307],[129.5134735107422,35.81402969360363],[129.514862060547,35.81735992431652],[129.51235961914108,35.81763839721691],[129.5104217529297,35.821529388427734],[129.51069641113327,35.82430648803722],[129.5165252685547,35.83486175537115],[129.5212554931644,35.83708190917969],[129.5176391601566,35.84347152709961],[129.51986694335972,35.844860076904354],[129.5193023681644,35.84875106811518],[129.520965576172,35.851249694824276],[129.52346801757835,35.851249694824276],[129.52653503418014,35.854026794433594],[129.5248565673828,35.8556938171389],[129.52708435058605,35.85902786254894],[129.52708435058605,35.862915039062784],[129.53457641601562,35.8676376342774],[129.53541564941406,35.871528625488395],[129.53375244140636,35.87236022949219],[129.52597045898472,35.871807098388786],[129.52207946777344,35.87319564819336],[129.51902770996094,35.87291717529297],[129.5184783935548,35.87541580200207],[129.5193023681644,35.8790283203125],[129.5206909179691,35.88124847412121],[129.5243072509769,35.8815269470216],[129.52680969238304,35.880695343017635],[129.5273590087894,35.875137329101676],[129.52874755859375,35.87541580200207],[129.52819824218795,35.8815269470216],[129.53013610839855,35.883472442626896],[129.52986145019554,35.886528015136776],[129.5273590087894,35.886531829834155],[129.52569580078125,35.88791656494152],[129.5248565673828,35.892082214355526],[129.52597045898472,35.89597320556658],[129.5279235839845,35.897640228271484],[129.53013610839855,35.89708328247093],[129.53347778320335,35.898193359375284],[129.53457641601562,35.901248931884766],[129.53152465820312,35.904304504394815],[129.5262451171875,35.9073600769043],[129.5279235839845,35.90874862670904],[129.5276336669923,35.91069412231474],[129.52346801757835,35.914306640625],[129.5195770263672,35.91958236694336],[129.5184783935548,35.92291641235363],[129.5187530517578,35.92958450317394],[129.523193359375,35.93347167968756],[129.52569580078125,35.93402862548834],[129.52902221679722,35.930973052978686],[129.53125000000045,35.93152618408209],[129.52986145019554,35.93458175659174],[129.53375244140636,35.93569564819347],[129.53457641601562,35.941806793213004],[129.537078857422,35.94374847412115],[129.53958129882835,35.94430541992193],[129.54096984863327,35.94708251953119],[129.53958129882835,35.94902801513672],[129.5443115234375,35.94930648803711],[129.54957580566418,35.95180511474621],[129.5467987060547,35.953750610351506],[129.5479125976566,35.956806182861385],[129.5509796142578,35.95986175537104],[129.5509796142578,35.96125030517578],[129.5487518310547,35.96430587768566],[129.5501403808595,35.965972900390796],[129.5529174804691,35.96625137329096],[129.5559692382816,35.9676399230957],[129.55375671386764,35.97263717651373],[129.5545806884769,35.974582672119425],[129.55264282226574,35.97597122192377],[129.55264282226574,35.9795837402346],[129.55680847168014,35.980140686035156],[129.5570831298828,35.983196258545036],[129.55430603027344,35.98374938964844],[129.55264282226574,35.98541641235357],[129.553192138672,35.98708343505888],[129.55958557128918,35.98986053466797],[129.56846618652355,35.98958206176758],[129.56903076171886,35.992084503173885],[129.56707763671875,35.997638702392635],[129.57041931152378,35.997638702392635],[129.57069396972656,36.00208282470726],[129.5731964111328,36.00402832031256],[129.57569885253918,36.00430679321295],[129.57763671875023,36.0098609924317],[129.57736206054688,36.01124954223644],[129.5820770263672,36.0131950378418],[129.58180236816418,36.015140533447266],[129.58430480957043,36.01625061035162],[129.58041381835938,36.02264022827154],[129.57736206054688,36.02458190917969],[129.57736206054688,36.02624893188482],[129.5826416015625,36.02819442749035],[129.58236694335983,36.032360076904354],[129.57736206054688,36.032917022705135],[129.57763671875023,36.03541564941406],[129.5820770263672,36.03680419921898],[129.5820770263672,36.03819274902372],[129.5792999267578,36.03930664062506],[129.58125305175793,36.041526794433594],[129.58125305175793,36.0431938171389],[129.58375549316452,36.04541778564459],[129.58291625976562,36.047916412353516],[129.58041381835938,36.04930496215826],[129.57820129394543,36.04902648925787],[129.57763671875023,36.0570831298831],[129.5759735107422,36.06042098999052],[129.57513427734386,36.06402587890625],[129.5729217529297,36.06541824340832],[129.5729217529297,36.06708145141607],[129.5701446533203,36.068195343017635],[129.57124328613304,36.07819366455101],[129.56736755371128,36.079860687255916],[129.56459045410156,36.079860687255916],[129.56152343750023,36.07875061035156],[129.56152343750023,36.08208465576183],[129.55847167968773,36.08458328247093],[129.55874633789074,36.08736038208002],[129.55514526367233,36.08708190917963],[129.553192138672,36.085693359375284],[129.54930114746128,36.08625030517584],[129.5457000732422,36.08486175537132],[129.5448608398441,36.083194732666016],[129.54541015625045,36.076805114746094],[129.54458618164062,36.07513809204113],[129.54014587402378,36.07291793823242],[129.54042053222668,36.06735992431646],[129.53680419921886,36.0665283203125],[129.53596496582054,36.06291580200207],[129.53236389160156,36.062084197998104],[129.53208923339844,36.0595817565918],[129.53347778320335,36.05791854858404],[129.5304107666019,36.056526184082145],[129.52931213378906,36.05764007568365],[129.52597045898472,36.05764007568365],[129.52291870117222,36.0551376342774],[129.5223541259769,36.05180740356451],[129.5195770263672,36.050415039062614],[129.5187530517578,36.047637939453125],[129.514862060547,36.04569625854498],[129.5157012939453,36.04347229003929],[129.5120849609375,36.0406951904298],[129.50819396972668,36.0406951904298],[129.50430297851585,36.03763961791992],[129.50263977050827,36.0337486267091],[129.50347900390625,36.02958297729509],[129.50347900390625,36.02569580078125],[129.50097656250045,36.023750305175724],[129.49542236328136,36.02319335937517],[129.49542236328136,36.021251678467024],[129.49069213867222,36.017639160156364],[129.48818969726608,36.01652908325201],[129.48236083984398,36.01652908325201],[129.47485351562534,36.01347351074236],[129.47097778320358,36.01041793823248],[129.46597290039062,36.00819396972679],[129.46403503418003,36.00569534301769],[129.4606933593751,36.003749847412166],[129.45875549316406,36.003749847412166],[129.4568023681643,36.00152587890631],[129.4562530517578,35.99902725219738],[129.45791625976562,35.997360229492244],[129.4562530517578,35.99319458007824],[129.45236206054688,35.99124908447271],[129.44763183593784,35.99124908447271],[129.44207763671875,35.992362976074446],[129.43374633789062,35.994861602783146],[129.4229125976567,35.99958419799816],[129.4207000732422,35.99958419799816],[129.4209747314453,36.00263977050781],[129.41624450683605,36.006248474121094],[129.4223632812501,36.01013946533209],[129.4237518310547,36.012359619140625],[129.42263793945324,36.01402664184576],[129.41958618164074,36.01374816894537],[129.4179229736328,36.017639160156364],[129.4151458740239,36.01625061035162],[129.40957641601574,36.015972137451456],[129.40957641601574,36.01152801513683],[129.40818786621094,36.0098609924317],[129.4059753417971,36.01041793823248],[129.4059753417971,36.01430511474615],[129.40319824218784,36.0131950378418],[129.4012451171875,36.01458358764671],[129.39846801757812,36.01458358764671],[129.39625549316452,36.01180648803722],[129.3931884765626,36.012638092041016],[129.3951416015625,36.01902770996094],[129.39680480957043,36.02069473266607],[129.40097045898483,36.02069473266607],[129.4029235839846,36.02208328247099],[129.40513610839844,36.02569580078125],[129.40847778320347,36.02902603149414],[129.4112548828125,36.027362823486555],[129.41596984863315,36.02624893188482],[129.4223632812501,36.02624893188482],[129.4251403808596,36.026805877685604],[129.43180847168003,36.027084350585994],[129.43180847168003,36.03041839599621],[129.42652893066452,36.03208160400396],[129.4173583984375,36.03430557250988],[129.41235351562534,36.035972595215014],[129.40875244140625,36.035972595215014],[129.40570068359375,36.03736114501953],[129.40069580078125,36.03819274902372],[129.39707946777355,36.03541564941406],[129.39347839355491,36.0337486267091],[129.39125061035202,36.0293045043947],[129.3854217529297,36.0293045043947],[129.38180541992188,36.032638549804744],[129.3790283203125,36.038471221923885],[129.3759765625,36.0431938171389],[129.3759765625,36.050140380859375],[129.37791442871105,36.050971984863565],[129.37791442871105,36.056251525879134],[129.37957763671875,36.059307098388786],[129.3851318359375,36.06402587890625],[129.38931274414062,36.062362670898665],[129.39097595214855,36.06319427490246],[129.39653015136741,36.06291580200207],[129.39846801757812,36.06402969360357],[129.40069580078125,36.068473815918026],[129.40570068359375,36.07180404663109],[129.40791320800815,36.07152938842768],[129.40930175781284,36.07319259643583],[129.41235351562534,36.07180404663109],[129.41485595703125,36.07180404663109],[129.4193115234376,36.07458496093756],[129.4198608398442,36.0784721374514],[129.4173583984375,36.082359313964844],[129.4173583984375,36.08708190917963],[129.4212493896489,36.088195800781364],[129.4217987060548,36.0898628234865],[129.42625427246094,36.094581604003906],[129.43041992187534,36.09708404541021],[129.4309692382817,36.100418090820426],[129.43263244628952,36.103473663330135],[129.4312438964846,36.1118049621582],[129.42568969726574,36.11402893066406],[129.4223632812501,36.11652755737316],[129.4181976318364,36.11736297607433],[129.4179229736328,36.11958312988304],[129.41291809082065,36.12291717529308],[129.40235900878952,36.1281929016115],[129.39791870117233,36.13458251953142],[129.3987426757817,36.138195037841854],[129.39541625976562,36.13986206054716],[129.3959655761721,36.14263916015625],[129.39846801757812,36.14319610595703],[129.39791870117233,36.14541625976574],[129.39903259277344,36.150417327880916],[129.40180969238315,36.153751373291186],[129.39846801757812,36.15680694580084],[129.40097045898483,36.16041564941412],[129.398193359375,36.16125106811546],[129.40097045898483,36.16624832153326],[129.398193359375,36.168193817138786],[129.39735412597702,36.174026489257926],[129.39402770996105,36.179027557373104],[129.39402770996105,36.185138702392635],[129.38902282714878,36.18652725219738],[129.3887481689453,36.185417175293026],[129.38485717773438,36.185417175293026],[129.38041687011741,36.18791580200195],[129.37486267089855,36.19347381591808],[129.37152099609386,36.20152664184576],[129.37152099609386,36.20430374145525],[129.37374877929733,36.20763778686529],[129.3759765625,36.20763778686529],[129.38096618652355,36.20958328247082],[129.3826446533203,36.20958328247082],[129.38597106933628,36.214584350585994],[129.38624572753906,36.220695495605526],[129.38735961914097,36.22319412231445],[129.3840332031251,36.22513961791992],[129.382080078125,36.2281951904298],[129.38153076171886,36.23180389404308],[129.38430786132847,36.2329216003418],[129.3856964111328,36.235694885253906],[129.38597106933628,36.240970611572266],[129.37625122070347,36.246528625488224],[129.37652587890625,36.24791717529297],[129.37347412109375,36.25236129760759],[129.37347412109375,36.25430679321289],[129.37513732910156,36.25847244262695],[129.37625122070324,36.264583587646484],[129.37652587890625,36.269859313964844],[129.38125610351562,36.27430725097662],[129.38153076171886,36.27736282348633],[129.37957763671875,36.2779159545899],[129.37625122070324,36.28097152709961],[129.3745880126953,36.28597259521496],[129.37541198730491,36.289306640625],[129.37930297851574,36.29013824462896],[129.38014221191406,36.299861907958984],[129.37875366210938,36.30458450317394],[129.3776397705078,36.305694580078125],[129.38014221191406,36.30819320678722],[129.38014221191406,36.31597137451172],[129.3790283203125,36.3176383972168],[129.38153076171886,36.31874847412115],[129.38235473632824,36.32152938842785],[129.38180541992188,36.3270835876466],[129.3806915283203,36.32736206054699],[129.37957763671875,36.33097076416027],[129.3826446533203,36.3370819091798],[129.38235473632824,36.341251373291016],[129.3840332031251,36.34347152709972],[129.38681030273438,36.34347152709972],[129.38902282714855,36.34791564941412],[129.3881988525393,36.351806640625114],[129.3881988525393,36.35625076293957],[129.38597106933605,36.35736083984375],[129.38096618652355,36.357917785644474],[129.38125610351562,36.366806030273494],[129.38235473632824,36.367084503173885],[129.38235473632824,36.373195648193416],[129.38430786132812,36.373195648193416],[129.3837432861328,36.366527557373104],[129.38153076171886,36.35874938964844],[129.3856964111328,36.358196258545036],[129.38735961914062,36.35930633544922],[129.3915252685547,36.358470916748104],[129.3948669433596,36.3629150390625],[129.3951416015625,36.36624908447271],[129.39680480957043,36.36958312988281],[129.40069580078125,36.37513732910156],[129.40374755859375,36.3779182434082],[129.40625,36.381526947021484],[129.40652465820324,36.38541793823248],[129.40818786621094,36.38986206054693],[129.412078857422,36.38958358764654],[129.41485595703125,36.39152908325207],[129.41680908203148,36.39458084106457],[129.4173583984375,36.3976402282716],[129.42208862304688,36.40013885498047],[129.4254150390626,36.405693054199276],[129.4287567138672,36.40625],[129.43069458007812,36.41041564941406],[129.43069458007812,36.41485977172846],[129.43153381347668,36.41791534423834],[129.4334716796876,36.42097091674805],[129.43569946289074,36.422916412353516],[129.43679809570312,36.42680740356451],[129.4348602294922,36.434860229492244],[129.43374633789062,36.43569564819336],[129.43402099609386,36.440418243408146],[129.43569946289074,36.44180679321289],[129.43513488769543,36.44458389282238],[129.43708801269543,36.446250915527344],[129.43597412109375,36.452362060546875],[129.43763732910168,36.46347045898443],[129.438201904297,36.464027404785156],[129.4365234375001,36.47124862670904],[129.43374633789062,36.475971221923885],[129.4342803955078,36.48069381713867],[129.43624877929688,36.48125076293945],[129.43624877929688,36.48347091674816],[129.43959045410156,36.48514938354498],[129.44041442871094,36.4868049621582],[129.44319152832043,36.4868049621582],[129.44569396972656,36.48902893066412],[129.44485473632824,36.4912490844726],[129.4451446533203,36.49430465698248],[129.44680786132824,36.496528625488395],[129.44680786132824,36.504306793212834],[129.4479217529298,36.50569534301758],[129.4512481689453,36.50485992431646],[129.4532012939453,36.50624847412115],[129.45347595214855,36.50902938842785],[129.4481964111328,36.51013946533203],[129.4481964111328,36.51291656494146],[129.444305419922,36.51263809204107],[129.44485473632824,36.519027709960994],[129.44264221191406,36.52319335937506],[129.44207763671875,36.52736282348644],[129.44041442871094,36.53319549560558],[129.44013977050793,36.53874969482422],[129.44097900390625,36.54375076293957],[129.44097900390625,36.552360534668026],[129.43679809570312,36.55597305297863],[129.4298553466797,36.56486129760748],[129.42457580566406,36.56486129760748],[129.4237518310547,36.567359924316406],[129.41624450683605,36.57597351074219],[129.412353515625,36.58347320556646],[129.4112548828125,36.586807250976506],[129.40957641601574,36.59624862670893],[129.412078857422,36.60013961791998],[129.41542053222656,36.599029541015625],[129.41680908203148,36.60124969482433],[129.41680908203148,36.60541534423834],[129.41514587402355,36.607360839843864],[129.41542053222656,36.60930633544916],[129.41375732421898,36.610694885253906],[129.4126434326173,36.61541748046869],[129.4126434326173,36.622638702392635],[129.41458129882824,36.62652587890625],[129.41763305664074,36.630695343017635],[129.41708374023438,36.63652801513683],[129.4179229736328,36.6390266418457],[129.4240264892578,36.64236068725597],[129.4240264892578,36.645416259765625],[129.42930603027344,36.64958190917969],[129.43069458007812,36.65263748168951],[129.4304199218751,36.65597152709961],[129.43374633789062,36.66208267211914],[129.43513488769543,36.6668052673341],[129.4379119873047,36.67097091674816],[129.44319152832043,36.67569351196295],[129.45042419433605,36.67930603027338],[129.45208740234398,36.678470611572266],[129.45736694335938,36.680973052978516],[129.45957946777355,36.680416107177734],[129.46041870117188,36.67736053466808],[129.46319580078136,36.67680740356451],[129.4656982421876,36.67986297607433],[129.46485900878906,36.68236160278326],[129.4651336669923,36.686805725097656],[129.46847534179688,36.68847274780279],[129.46847534179688,36.69374847412121],[129.46986389160168,36.695415496826286],[129.47457885742188,36.69652938842785],[129.47764587402366,36.69930648803711],[129.47708129882835,36.70264053344738],[129.47569274902344,36.70375061035156],[129.47457885742188,36.70791625976557],[129.476531982422,36.709861755371094],[129.4731903076172,36.71458435058605],[129.47207641601562,36.7234725952149],[129.47735595703125,36.72569274902344],[129.47625732421875,36.73152923583996],[129.47735595703125,36.733470916748104],[129.47541809082043,36.73541641235357],[129.47068786621094,36.73708343505871],[129.47236633300793,36.74041748046881],[129.4687500000001,36.74652862548834],[129.46847534179688,36.751251220703125],[129.46763610839844,36.7518043518067],[129.46763610839844,36.75763702392584],[129.47152709960938,36.76069259643555],[129.47402954101585,36.76097106933594],[129.47764587402366,36.76486206054693],[129.47874450683594,36.76791763305664],[129.47735595703125,36.76847076416021],[129.47541809082043,36.77291488647461],[129.4731903076172,36.77402877807617],[129.47125244140625,36.77930450439453],[129.4651336669923,36.78458404541027],[129.46347045898438,36.78736114501959],[129.46319580078136,36.791805267333984],[129.4637451171876,36.79458236694347],[129.4623565673828,36.79735946655279],[129.45985412597656,36.79763793945318],[129.45791625976562,36.80180740356457],[129.4590301513673,36.806804656982536],[129.4576416015626,36.80819320678711],[129.45791625976562,36.81375122070324],[129.45541381835938,36.81652832031256],[129.45347595214855,36.81680679321295],[129.45236206054688,36.81986236572277],[129.45013427734375,36.82097244262695],[129.4459686279297,36.82624816894537],[129.44680786132824,36.8323593139649],[129.44485473632824,36.83486175537115],[129.43875122070324,36.83819580078119],[129.4365234375001,36.84097290039068],[129.4348602294922,36.841526031494084],[129.42903137207043,36.84819412231457],[129.4287567138672,36.85041809082031],[129.4270782470703,36.85235977172863],[129.42430114746105,36.85847091674816],[129.4237518310547,36.86097335815441],[129.42124938964855,36.86402893066412],[129.42041015625,36.86680603027338],[129.4207000732422,36.87069320678722],[129.4223632812501,36.874305725097656],[129.42152404785156,36.877639770507926],[129.4193115234376,36.87930679321289],[129.4159698486328,36.88486099243164],[129.41514587402355,36.89125061035156],[129.4190216064453,36.89374923706066],[129.4209747314453,36.89597320556652],[129.4209747314453,36.89902877807623],[129.4187469482423,36.90041732788097],[129.41680908203148,36.90430450439459],[129.41680908203148,36.906528472900504],[129.41542053222656,36.9084739685058],[129.4173583984375,36.91069412231451],[129.4156951904298,36.91652679443371],[129.4193115234376,36.91764068603521],[129.42041015625,36.92208480834961],[129.4190216064453,36.924026489257756],[129.4190216064453,36.927360534668026],[129.41763305664074,36.92874908447277],[129.4179229736328,36.93180465698242],[129.41958618164062,36.93208312988281],[129.42152404785156,36.93597412109381],[129.4209747314453,36.94291687011719],[129.41819763183605,36.94874954223633],[129.42013549804688,36.9506950378418],[129.41847229003906,36.95180511474615],[129.41847229003906,36.95430374145508],[129.4159698486328,36.95791625976574],[129.41514587402355,36.96374893188488],[129.4156951904298,36.96541595458979],[129.412078857422,36.96902847290045],[129.40708923339855,36.968471527099666],[129.41096496582043,36.97180557250971],[129.40957641601574,36.97597122192394],[129.40818786621094,36.977359771728516],[129.4090270996095,36.98097229003912],[129.41152954101574,36.982917785644645],[129.412078857422,36.985694885253906],[129.41514587402355,36.98986053466797],[129.41680908203148,36.98986053466797],[129.41986083984398,36.99347305297857],[129.4173583984375,36.99569320678711],[129.4173583984375,36.997917175293026],[129.4190216064453,37.00097274780285],[129.4193115234376,37.003749847412166],[129.41819763183605,37.00708389282221],[129.41680908203148,37.00847244262695],[129.41680908203148,37.01124954223644],[129.41485595703125,37.012916564941406],[129.41180419921875,37.01959991455078],[129.4098663330078,37.02264022827154],[129.40957641601574,37.02847290039068],[129.4112548828125,37.03125],[129.41375732421898,37.032917022705135],[129.41624450683605,37.032638549804744],[129.41763305664074,37.034862518310604],[129.41485595703125,37.03708267211914],[129.41514587402355,37.04013824462902],[129.4126434326173,37.04375076293945],[129.41485595703125,37.05430603027344],[129.41624450683605,37.055694580078125],[129.42041015625,37.056251525878906],[129.42152404785156,37.05791854858404],[129.4240264892578,37.05764007568365],[129.42486572265636,37.05402755737305],[129.4318084716797,37.05736160278326],[129.4304199218751,37.05986022949219],[129.4284667968751,37.06069564819336],[129.42930603027344,37.06291580200207],[129.4254150390626,37.06624984741211],[129.4240264892578,37.06624984741211],[129.41986083984398,37.06958389282232],[129.41375732421898,37.07097244262707],[129.40957641601574,37.07513809204113],[129.40625,37.07513809204113],[129.4031982421875,37.07680511474604],[129.40235900878918,37.07902908325195],[129.400146484375,37.07902908325195],[129.400146484375,37.082359313964844],[129.39569091796886,37.08347320556635],[129.3945770263672,37.084861755371094],[129.39402770996094,37.08930587768555],[129.38986206054688,37.0904159545899],[129.3865203857423,37.09319305419933],[129.3790283203125,37.10152816772461],[129.37652587890625,37.10152816772461],[129.3759765625,37.1043052673341],[129.37818908691406,37.10458374023443],[129.37677001953136,37.10763931274414],[129.37486267089855,37.10819625854492],[129.3745880126953,37.1129150390625],[129.37791442871105,37.11597061157238],[129.37957763671875,37.11597061157238],[129.38014221191406,37.11930465698242],[129.37709045410156,37.120140075683594],[129.37429809570324,37.12263870239269],[129.37208557128906,37.129581451416016],[129.37486267089855,37.13124847412115],[129.37541198730491,37.1343040466308],[129.37429809570324,37.13569259643555],[129.36903381347656,37.13791656494146],[129.36708068847668,37.140693664550724],[129.3673553466797,37.14263916015625],[129.365966796875,37.146251678466854],[129.36402893066418,37.146251678466854],[129.36207580566418,37.150138854980526],[129.36180114746094,37.1540260314942],[129.36013793945312,37.15458297729492],[129.3595886230471,37.15736007690441],[129.35708618164062,37.160972595214844],[129.3548583984376,37.16180419921881],[129.3512573242191,37.164859771728516],[129.35238647460983,37.155792236328125],[129.34654235839878,37.15099334716791],[129.33328247070324,37.145812988281364],[129.3272705078125,37.140075683593864],[129.31750488281284,37.12628173828148],[129.31259155273472,37.121215820312614],[129.30081176757812,37.1123046875],[129.29470825195312,37.10961914062517],[129.27969360351574,37.10671997070324],[129.273406982422,37.10418701171881],[129.268310546875,37.09930419921869],[129.2592773437501,37.087280273437614],[129.25460815429688,37.082092285156364],[129.2467041015626,37.07550048828125],[129.24279785156273,37.067810058593864],[129.24209594726608,37.05810546874994],[129.24530029296875,37.031921386718864],[129.24560546875,37.02139282226568],[129.2423095703126,37.01528930664068],[129.235809326172,37.01300048828131],[129.22769165039062,37.013702392578125],[129.21652221679688,37.01699829101568],[129.2069091796875,37.01788330078125],[129.18899536132812,37.017272949218864],[129.18118286132847,37.018280029296875],[129.17547607421898,37.02130126953119],[129.16552734375,37.029479980468864],[129.16009521484386,37.032989501953125],[129.15069580078125,37.0372009277346],[129.14471435546875,37.04132080078119],[129.13592529296886,37.048522949218864],[129.13040161132812,37.05178833007824],[129.11767578125,37.05688476562506],[129.11167907714855,37.056716918945426],[129.10479736328136,37.0535888671875],[129.09790039062523,37.04818725585932],[129.08587646484398,37.029479980468864],[129.0805664062501,37.02288818359375],[129.07330322265636,37.01910400390631],[129.06729125976562,37.02001953125],[129.059326171875,37.02191162109375],[129.05328369140636,37.024291992187614],[129.0443115234376,37.029296875000114],[129.03790283203125,37.03149414062506],[129.031494140625,37.033081054687614],[129.0029296875001,37.037109375000114],[128.98968505859375,37.03768920898449],[128.97930908203136,37.03570556640631],[128.9722900390625,37.0360107421875],[128.96429443359375,37.03839111328131],[128.95672607421875,37.04388427734381],[128.94805908203125,37.04920959472656],[128.93649291992188,37.050064086914176],[128.93011474609386,37.045104980468864],[128.9329833984376,37.035400390625114],[128.92852783203148,37.0308837890625],[128.92089843750023,37.02999877929693],[128.91290283203136,37.03009033203125],[128.8955078125,37.03131103515631],[128.8839111328126,37.032806396484375],[128.87512207031273,37.0352783203125],[128.8685302734375,37.03790283203125],[128.86151123046875,37.041503906250114],[128.85272216796875,37.04711914062506],[128.8450927734375,37.05133056640631],[128.83392333984398,37.05670166015631],[128.82550048828125,37.06030273437506],[128.8169860839845,37.06268310546869],[128.78289794921875,37.06848144531256],[128.7711181640625,37.07470703124994],[128.76438903808594,37.07503128051758],[128.75711059570324,37.07119750976568],[128.76831054687523,37.05572509765631],[128.78009033203125,37.041870117187614],[128.7797393798828,37.028564453125],[128.7727050781251,37.02587890624994],[128.76690673828125,37.0255126953125],[128.74667358398438,37.02520751953131],[128.7441406250001,37.01524353027344],[128.736297607422,37.00888061523449],[128.726318359375,37.008483886718864],[128.71658325195312,37.0098876953125],[128.69583129882835,37.02062988281256],[128.688720703125,37.02270507812506],[128.680908203125,37.0220947265625],[128.6605224609375,37.017272949218864],[128.65100097656273,37.014678955078125],[128.64468383789062,37.01654052734375]]],[[[129.0951385498047,35.08069610595709],[129.0920867919922,35.08069610595709],[129.08680725097656,35.076805114746094],[129.08624267578125,35.07458496093756],[129.08819580078136,35.07291793823265],[129.09124755859386,35.07374954223661],[129.0932006835941,35.07624816894531],[129.09541320800827,35.07624816894531],[129.0962524414066,35.07986068725597],[129.0951385498047,35.08069610595709]]],[[[129.05931091308616,35.101806640625],[129.0534667968751,35.101249694824446],[129.04875183105503,35.09958267211914],[129.04898071289062,35.09594726562506],[129.04737854003918,35.09024429321289],[129.04710388183616,35.08746719360357],[129.04487609863327,35.08628463745123],[129.03375244140648,35.08600616455084],[129.0362548828125,35.082916259765625],[129.039306640625,35.080417633056925],[129.04180908203125,35.080139160156534],[129.04319763183616,35.07847213745123],[129.04847717285156,35.074859619140796],[129.05014038085972,35.07291793823265],[129.05763244628906,35.06902694702143],[129.06402587890625,35.06930541992199],[129.06513977050827,35.067916870117244],[129.06541442871116,35.06458282470703],[129.0665283203125,35.062362670898494],[129.0690307617191,35.06069564819336],[129.07041931152344,35.0584716796875],[129.0726318359375,35.0584716796875],[129.0740203857422,35.06041717529297],[129.07681274414062,35.06041717529297],[129.07958984375045,35.05541610717779],[129.0818023681644,35.0551376342774],[129.08125305175804,35.05208206176758],[129.0823669433595,35.04986190795904],[129.085418701172,35.04902648925787],[129.09124755859386,35.05014038085943],[129.09347534179688,35.05208206176758],[129.09375000000045,35.05430603027344],[129.09652709960938,35.05819320678711],[129.09652709960938,35.059581756591854],[129.0932006835941,35.06124877929716],[129.09097290039085,35.06097412109375],[129.08624267578125,35.06486129760742],[129.0850830078125,35.07069396972656],[129.08013916015625,35.071529388427905],[129.0759735107423,35.07374954223661],[129.07652282714844,35.07791519165045],[129.07958984375045,35.07875061035162],[129.0806884765625,35.0765266418457],[129.08346557617222,35.077640533447266],[129.0792999267578,35.08097076416033],[129.07791137695335,35.08514022827154],[129.0790252685548,35.08736038208025],[129.07431030273472,35.09069442749029],[129.069305419922,35.09597396850586],[129.06208801269577,35.09847259521496],[129.05931091308616,35.101806640625]]]]},"properties":{"REGION":"영남"}},
{"type":"Feature","geometry":{"type":"Polygon","coordinates":[[[126.741249084473,36.01807022094755],[126.74708557128952,36.015693664551065],[126.75096893310581,36.015693664551065],[126.75653076171875,36.0131950378418],[126.75597381591808,36.01013946533209],[126.75430297851562,36.006526947021484],[126.75319671630905,36.00180435180687],[126.74903106689464,35.99375152587919],[126.74541473388695,35.99041748046875],[126.73958587646518,35.98708343505888],[126.73458099365234,35.98569488525396],[126.72846984863315,35.985973358154524],[126.72458648681686,35.98791503906267],[126.72041320800793,35.988750457763615],[126.71375274658226,35.99263763427746],[126.70652770996128,35.99458312988298],[126.70124816894565,35.99319458007824],[126.69319152832031,35.98736190795927],[126.68846893310581,35.98541641235357],[126.68069458007812,35.98347091674805],[126.67208099365257,35.98347091674805],[126.66652679443393,35.982639312744254],[126.66458129882812,35.98180389404314],[126.65625000000023,35.980693817138956],[126.6529159545903,35.980693817138956],[126.65097045898449,35.97930526733404],[126.64430236816418,35.97819519042969],[126.64097595214878,35.977085113525504],[126.63513946533214,35.97624969482433],[126.63291931152344,35.97513961791998],[126.62930297851562,35.97597122192377],[126.62819671630893,35.9779167175293],[126.62403106689453,35.97652816772472],[126.62458038330101,35.97347259521507],[126.61902618408214,35.97069549560558],[126.61846923828159,35.97652816772472],[126.61680603027344,35.9779167175293],[126.61125183105469,35.97905349731445],[126.60763549804688,35.97847366333025],[126.60597229003918,35.977085113525504],[126.5945816040039,35.976806640625114],[126.59097290039062,35.974304199219034],[126.58625030517601,35.97513961791998],[126.5840301513673,35.977359771728516],[126.57680511474632,35.977359771728516],[126.57624816894577,35.97597122192377],[126.57152557373047,35.97513961791998],[126.56069183349632,35.97513961791998],[126.54597473144543,35.973751068115234],[126.53958129882824,35.973751068115234],[126.53347015380905,35.97319412231468],[126.5256958007817,35.97319412231468],[126.5256958007817,35.97236251831072],[126.53347015380905,35.97236251831072],[126.53958129882824,35.97291564941412],[126.54597473144543,35.97291564941412],[126.5526351928711,35.97347259521507],[126.5529174804692,35.971248626708984],[126.55986022949253,35.971248626708984],[126.55819702148472,35.96958160400385],[126.55486297607433,35.97069549560558],[126.55014038085938,35.971248626708984],[126.54708099365268,35.96875],[126.5504150390625,35.9665260314942],[126.55430603027389,35.965415954589844],[126.55569458007812,35.96319580078131],[126.55541992187511,35.95986175537104],[126.5593032836914,35.959583282470874],[126.56153106689464,35.95847320556669],[126.56291961669922,35.95597076416021],[126.56708526611374,35.95569610595703],[126.56764221191418,35.95041656494146],[126.56485748291027,35.95013809204107],[126.56375122070312,35.9462509155274],[126.55097198486328,35.94458389282249],[126.53958129882824,35.94347381591814],[126.53819274902344,35.94430541992193],[126.53791809082065,35.947360992431584],[126.53541564941429,35.94930648803711],[126.53125000000034,35.94985961914068],[126.52819061279331,35.951248168945426],[126.52458190917969,35.950973510742415],[126.523475646973,35.95208358764677],[126.5229187011721,35.96319580078131],[126.52153015136719,35.95930480957048],[126.5223617553711,35.95180511474621],[126.52124786376953,35.95013809204107],[126.52153015136719,35.947639465332145],[126.52513885498081,35.94347381591814],[126.53041839599655,35.9426383972168],[126.53458404541016,35.9426383972168],[126.53485870361374,35.94097137451166],[126.53097534179688,35.93208312988304],[126.53013610839844,35.92874908447277],[126.52847290039062,35.92597198486328],[126.52708435058594,35.921527862548885],[126.53069305419922,35.92375183105497],[126.53291320800793,35.930137634277344],[126.53597259521496,35.936527252197266],[126.53736114501953,35.94041824340826],[126.53902435302746,35.942359924316406],[126.54597473144543,35.94347381591814],[126.55014038085938,35.94347381591814],[126.55486297607433,35.94430541992193],[126.56375122070312,35.94430541992193],[126.56708526611374,35.945415496826286],[126.57069396972668,35.945415496826286],[126.57430267333996,35.94430541992193],[126.57514190673828,35.9462509155274],[126.57930755615268,35.9462509155274],[126.58291625976608,35.94708251953119],[126.59347534179722,35.947917938232536],[126.59735870361374,35.945415496826286],[126.60263824462925,35.94569396972685],[126.61541748046909,35.942081451416016],[126.61653137207031,35.939582824707315],[126.61541748046909,35.9348602294923],[126.61096954345737,35.92958450317394],[126.61096954345737,35.92235946655285],[126.61013793945358,35.91819381713884],[126.61152648925827,35.90180587768555],[126.6129150390625,35.897361755371094],[126.6140289306644,35.89597320556658],[126.6145858764653,35.89069366455101],[126.61208343505871,35.889583587646655],[126.61152648925827,35.886806488037166],[126.61347198486328,35.885692596435604],[126.6223602294923,35.88541793823242],[126.6231918334961,35.886249542236385],[126.62763977050804,35.886806488037166],[126.63291931152344,35.88486099243164],[126.63874816894577,35.88486099243164],[126.64208221435547,35.88375091552729],[126.65152740478561,35.88375091552729],[126.65347290039074,35.88430404663109],[126.65902709960983,35.88430404663109],[126.66180419921875,35.88319396972673],[126.66819763183628,35.88319396972673],[126.67541503906273,35.8890266418457],[126.67541503906273,35.89097213745117],[126.68069458007812,35.89347076416027],[126.68597412109386,35.89374923706066],[126.69875335693371,35.889583587646655],[126.69985961914097,35.889583587646655],[126.70735931396507,35.886249542236385],[126.71013641357467,35.885692596435604],[126.7165298461914,35.885692596435604],[126.71930694580112,35.88513946533203],[126.72680664062534,35.886528015136776],[126.73152923583984,35.88986206054682],[126.73486328125,35.89014053344721],[126.7370834350586,35.89152908325195],[126.7434692382817,35.89180374145536],[126.74986267089844,35.89069366455101],[126.76541900634777,35.89014053344721],[126.76958465576172,35.889305114746264],[126.7754135131836,35.89430618286144],[126.78291320800781,35.901527404785156],[126.78624725341842,35.90319442749046],[126.79208374023438,35.904582977295206],[126.79624938964866,35.904582977295206],[126.79708099365246,35.90541839599615],[126.80187988281295,35.90570068359392],[126.80735778808616,35.90541839599615],[126.8104171752932,35.904026031494254],[126.81402587890625,35.904026031494254],[126.82069396972656,35.906806945800895],[126.82319641113304,35.906806945800895],[126.82875061035168,35.90847396850586],[126.83013916015625,35.904304504394645],[126.8237533569336,35.89875030517584],[126.81930541992188,35.89708328247076],[126.8106918334961,35.895137786865234],[126.805419921875,35.895137786865234],[126.80208587646496,35.89347076416027],[126.79930877685547,35.89069366455084],[126.79985809326172,35.885971069335994],[126.79624938964844,35.88319396972656],[126.79624938964844,35.8815269470216],[126.79875183105469,35.880416870117244],[126.79958343505871,35.87430572509771],[126.79597473144543,35.86986160278326],[126.79430389404297,35.869026184082145],[126.7898635864259,35.86458206176752],[126.77930450439453,35.86486053466808],[126.77735900878906,35.86430740356451],[126.77625274658203,35.8609733581543],[126.76569366455078,35.86152648925787],[126.75846862792969,35.86430740356451],[126.75569152832043,35.865970611572266],[126.75096893310558,35.865970611572266],[126.74263763427734,35.86708450317383],[126.73069763183605,35.86680603027344],[126.72902679443371,35.86486053466808],[126.7223587036134,35.86180496215826],[126.72013854980469,35.860137939453125],[126.71541595458984,35.8609733581543],[126.71375274658214,35.85957717895519],[126.7115249633789,35.860137939453125],[126.71069335937511,35.8576393127442],[126.70486450195312,35.857082366943416],[126.70319366455078,35.85597229003906],[126.69736480712902,35.85680389404308],[126.69736480712902,35.85291671752941],[126.69596862792991,35.851249694824276],[126.69264221191406,35.85208511352545],[126.68958282470703,35.84791564941406],[126.68458557128918,35.84319305419922],[126.68597412109375,35.84152603149414],[126.68985748291016,35.84097290039074],[126.69708251953125,35.84152603149414],[126.70014190673828,35.84069442749035],[126.70124816894531,35.83902740478521],[126.70486450195312,35.83791732788086],[126.70764160156261,35.83569335937494],[126.7156982421875,35.83263778686529],[126.72013854980469,35.830139160156364],[126.726806640625,35.8256950378418],[126.72958374023449,35.82180404663097],[126.73152923583984,35.82180404663097],[126.73347473144531,35.81847381591808],[126.73486328125,35.81847381591808],[126.73958587646484,35.815971374511776],[126.74346923828148,35.8154182434082],[126.75069427490234,35.81263732910156],[126.75263977050793,35.81097412109381],[126.76041412353516,35.80764007568371],[126.76374816894543,35.807083129882756],[126.76403045654297,35.80513763427746],[126.76763916015625,35.80347061157232],[126.7715301513673,35.80291748046875],[126.77764129638683,35.804306030273494],[126.78152465820312,35.80236053466797],[126.77764129638683,35.79986190795904],[126.77735900878906,35.79680633544922],[126.78069305419933,35.79375076293951],[126.78319549560558,35.793193817138786],[126.77958679199253,35.78763961791998],[126.77986145019531,35.78513717651373],[126.7820816040039,35.783473968506144],[126.78458404541027,35.775138854980526],[126.78347015380882,35.773193359375],[126.77847290039062,35.768749237060604],[126.7790298461914,35.763748168945426],[126.7787475585942,35.75652694702154],[126.77819824218761,35.75541687011719],[126.78236389160156,35.75319290161127],[126.78375244140648,35.754028320312614],[126.79069519043003,35.754581451416016],[126.79597473144577,35.75263977050787],[126.79736328125011,35.75041580200218],[126.80152893066406,35.74763870239269],[126.80208587646518,35.745418548583984],[126.79930877685547,35.7448616027832],[126.80014038085949,35.74791717529308],[126.79264068603516,35.75236129760748],[126.78763580322277,35.75069427490257],[126.78458404541027,35.74763870239269],[126.78291320800781,35.7473602294923],[126.77625274658203,35.751804351806925],[126.77513885498058,35.754306793213004],[126.7756958007817,35.757637023925895],[126.77375030517578,35.76152801513672],[126.77375030517578,35.76458358764677],[126.77180480957043,35.768749237060604],[126.76958465576172,35.771251678466854],[126.76985931396518,35.77291488647484],[126.76597595214889,35.77597045898449],[126.76403045654297,35.77652740478527],[126.75819396972679,35.780971527099666],[126.75653076171875,35.780971527099666],[126.75319671630905,35.78513717651373],[126.75041961669922,35.785972595214844],[126.74764251708984,35.78791809082037],[126.74458312988281,35.78736114501959],[126.73986053466808,35.78847122192394],[126.7381973266605,35.790138244628906],[126.73458099365234,35.79180526733421],[126.7326354980471,35.79180526733421],[126.72819519042969,35.79347229003912],[126.72097015380871,35.79347229003912],[126.71902465820312,35.792640686035156],[126.71375274658226,35.793193817138956],[126.71180725097702,35.7945823669433],[126.70375061035156,35.79680633544922],[126.70014190673828,35.798194885254134],[126.69541931152355,35.798194885254134],[126.69069671630893,35.795696258545036],[126.6843032836914,35.795696258545036],[126.68291473388672,35.7945823669433],[126.67485809326217,35.7945823669433],[126.66708374023438,35.79375076293951],[126.66486358642578,35.792915344238565],[126.65597534179733,35.792640686035156],[126.65125274658203,35.7920837402346],[126.64263916015659,35.795696258545036],[126.64041900634788,35.794860839843864],[126.63819122314464,35.79930496215849],[126.63153076171886,35.80014038085943],[126.63041687011764,35.79791641235357],[126.62596893310592,35.79430389404291],[126.62541961669933,35.79152679443365],[126.6220855712894,35.78569412231468],[126.62596893310592,35.7826385498048],[126.62680816650425,35.780418395996094],[126.6251373291019,35.77902603149437],[126.62680816650425,35.76430511474638],[126.62680816650425,35.76097106933594],[126.62791442871105,35.754581451416016],[126.62791442871105,35.749027252197266],[126.6223602294923,35.74375152587885],[126.61958312988281,35.742916107177905],[126.61680603027344,35.739582061767635],[126.61152648925827,35.73708343505854],[126.61013793945358,35.73569488525419],[126.61125183105469,35.73319625854492],[126.60736083984375,35.72930526733427],[126.60652923583996,35.72735977172857],[126.60069274902344,35.71847152709972],[126.59819793701206,35.716526031494425],[126.59541320800781,35.71236038208019],[126.59041595458996,35.71125030517584],[126.59069824218761,35.70930480957054],[126.58847045898472,35.707916259765796],[126.58541870117222,35.70847320556635],[126.58291625976608,35.7054176330567],[126.57624816894577,35.70069503784208],[126.57485961914108,35.69763946533203],[126.57569122314487,35.69458389282255],[126.57069396972668,35.69513702392595],[126.57069396972668,35.69097137451172],[126.5723648071289,35.690139770507926],[126.57069396972668,35.687637329101676],[126.56874847412155,35.687637329101676],[126.56791687011753,35.689861297607536],[126.56847381591797,35.693473815918196],[126.56069183349632,35.698471069335994],[126.55791473388683,35.698471069335994],[126.55430603027389,35.70264053344738],[126.55014038085938,35.70875167846674],[126.54819488525413,35.709861755371094],[126.54319763183639,35.716526031494425],[126.54069519042969,35.718750000000114],[126.53458404541016,35.72652816772461],[126.53263854980503,35.728473663330305],[126.53263854980503,35.73041534423845],[126.52958679199253,35.73180389404297],[126.52735900878952,35.734306335449276],[126.5254135131836,35.73458480834984],[126.52180480957031,35.73708343505854],[126.51930236816429,35.73597335815458],[126.5176391601567,35.7406959533692],[126.51625061035179,35.73902893066406],[126.5184707641605,35.73485946655285],[126.52041625976574,35.73263931274414],[126.51958465576195,35.72986221313482],[126.5254135131836,35.72624969482422],[126.52958679199253,35.72708511352556],[126.53263854980503,35.725418090820426],[126.53680419921875,35.719581604003906],[126.54264068603527,35.713470458984375],[126.54513549804699,35.7095832824707],[126.5495834350586,35.7054176330567],[126.55430603027389,35.69985961914074],[126.553749084473,35.69736099243164],[126.5504150390625,35.69652938842785],[126.54624938964889,35.69374847412121],[126.53680419921875,35.68902587890642],[126.53569793701195,35.69124984741211],[126.53347015380905,35.69069290161133],[126.53180694580124,35.68791580200224],[126.53291320800793,35.68624877929693],[126.53013610839844,35.68264007568365],[126.53125000000034,35.68069458007835],[126.52791595458984,35.67652893066412],[126.5268020629884,35.678195953369254],[126.52430725097702,35.678470611572266],[126.52124786376953,35.67708206176769],[126.5184707641605,35.67375183105463],[126.5184707641605,35.67069625854498],[126.5143051147461,35.66764068603527],[126.50986480712936,35.66541671752941],[126.50958251953125,35.663192749023494],[126.5045852661134,35.65930557251005],[126.50263977050815,35.6587486267091],[126.50235748291016,35.65597152709961],[126.4959716796875,35.657360076904354],[126.49153137207043,35.654304504394474],[126.48625183105469,35.65263748168957],[126.48652648925781,35.649307250976676],[126.48430633544967,35.64764022827154],[126.48041534423828,35.649028778076286],[126.48014068603516,35.6462516784668],[126.47736358642578,35.64374923706055],[126.47264099121105,35.643470764160156],[126.47097015380893,35.64236068725597],[126.46791839599643,35.643196105957145],[126.46485900878952,35.642639160156364],[126.46534729003906,35.63930511474632],[126.46319580078136,35.63791656494158],[126.45791625976562,35.63819503784197],[126.45652770996128,35.63597106933605],[126.46097564697266,35.6329154968264],[126.46875000000023,35.6323623657226],[126.46986389160156,35.628192901611385],[126.46624755859386,35.62708282470703],[126.46514129638672,35.62374877929699],[126.46763610839844,35.622081756591854],[126.46902465820324,35.619583129882756],[126.46430206298862,35.61819458007841],[126.46097564697266,35.616527557373104],[126.45986175537121,35.60930633544939],[126.46347045898483,35.60902786254883],[126.46236419677757,35.60680389404291],[126.46514129638672,35.60319519042986],[126.46485900878952,35.60013961791998],[126.46652984619152,35.5976371765139],[126.46847534179733,35.59930419921881],[126.47013854980514,35.60291671752947],[126.47430419921875,35.601806640625114],[126.476806640625,35.60347366333002],[126.48041534423828,35.602085113525675],[126.48097229003906,35.59819412231445],[126.48486328125011,35.5976371765139],[126.4856948852539,35.59541702270519],[126.4887466430664,35.595973968506144],[126.48513793945347,35.59125137329113],[126.48735809326217,35.590415954590014],[126.4881973266605,35.58819580078148],[126.4906921386721,35.587360382080135],[126.491249084473,35.5851402282716],[126.49514007568371,35.585693359375],[126.49903106689453,35.58541488647461],[126.49874877929733,35.58347320556646],[126.50263977050815,35.582084655761946],[126.50736236572277,35.58263778686535],[126.50653076171875,35.58013916015625],[126.5112533569336,35.578750610351676],[126.5120849609375,35.581806182861555],[126.51069641113315,35.58263778686535],[126.51403045654308,35.58680725097656],[126.51708221435558,35.58652877807617],[126.51708221435558,35.58291625976591],[126.51625061035179,35.5806961059572],[126.51902770996139,35.57930374145508],[126.5209732055664,35.57958221435547],[126.52986145019543,35.57902908325207],[126.53208160400413,35.58041763305664],[126.53180694580124,35.58263778686535],[126.53680419921875,35.58680725097656],[126.53902435302746,35.58625030517578],[126.54264068603527,35.587917327880916],[126.54374694824219,35.58680725097656],[126.54763793945358,35.58597183227539],[126.55569458007812,35.58541488647461],[126.55847167968761,35.58625030517578],[126.56069183349632,35.585693359375],[126.56458282470714,35.58819580078148],[126.57096862793003,35.58847045898449],[126.5723648071289,35.58958435058622],[126.57791900634777,35.589862823486385],[126.58180236816406,35.587917327880916],[126.59291839599632,35.587917327880916],[126.59402465820312,35.590415954590014],[126.59625244140636,35.59236145019531],[126.59625244140636,35.59402847290045],[126.59930419921886,35.59430694580084],[126.6040267944336,35.59069442749018],[126.60485839843795,35.58902740478527],[126.60375213623047,35.585693359375],[126.60986328125,35.58597183227539],[126.61235809326206,35.58958435058622],[126.61569213867199,35.59125137329113],[126.61875152587902,35.59430694580084],[126.62180328369152,35.592918395996094],[126.62430572509811,35.59375],[126.62680816650425,35.59069442749018],[126.63486480712925,35.5926399230957],[126.63708496093795,35.59541702270519],[126.63597106933594,35.5995826721192],[126.63791656494175,35.5995826721192],[126.64152526855469,35.595973968506144],[126.64458465576183,35.59402847290045],[126.64875030517578,35.593471527099666],[126.65125274658203,35.5951385498048],[126.65430450439453,35.59152603149437],[126.65930175781273,35.58902740478527],[126.65902709960983,35.5851402282716],[126.66374969482433,35.58486175537121],[126.66541290283203,35.58347320556646],[126.66791534423828,35.58347320556646],[126.67375183105469,35.58541488647461],[126.67319488525402,35.581806182861555],[126.66680908203136,35.578750610351676],[126.66486358642578,35.582084655761946],[126.66291809082054,35.58097076416021],[126.66374969482433,35.57764053344732],[126.66541290283203,35.57680511474638],[126.66652679443393,35.57347106933594],[126.67013549804688,35.57402801513672],[126.6729202270509,35.56874847412115],[126.66847229003906,35.566528320312614],[126.66847229003906,35.561248779296875],[126.66986083984386,35.55597305297846],[126.67319488525402,35.55291748046881],[126.67569732666038,35.54958343505854],[126.67652893066418,35.546806335449446],[126.67430877685547,35.54541778564453],[126.67375183105469,35.55014038085949],[126.67097473144531,35.552082061767635],[126.66486358642578,35.55458450317411],[126.65958404541038,35.55902862548834],[126.65625000000023,35.55958175659191],[126.65597534179733,35.56263732910179],[126.65374755859409,35.56486129760748],[126.65180206298828,35.56513977050787],[126.64958190917969,35.56874847412115],[126.64653015136719,35.57069396972662],[126.64291381835938,35.57152938842779],[126.6362533569336,35.57152938842779],[126.63486480712925,35.57430648803728],[126.63208007812545,35.57347106933594],[126.63153076171886,35.5718040466308],[126.62791442871105,35.57097244262701],[126.62708282470703,35.5693054199221],[126.6209716796875,35.567081451416016],[126.61680603027344,35.569862365722656],[126.61736297607422,35.55930709838873],[126.61125183105469,35.56013870239269],[126.6106948852539,35.555416107177905],[126.60791778564487,35.55125045776367],[126.60680389404297,35.545970916748104],[126.60208129882835,35.54180526733427],[126.60013580322266,35.54180526733427],[126.59791564941406,35.53847122192383],[126.59597015380882,35.537361145019645],[126.59625244140636,35.534584045410156],[126.59291839599632,35.531250000000114],[126.59263610839866,35.53430557250999],[126.5945816040039,35.53930664062517],[126.59291839599632,35.540695190429915],[126.58652496337902,35.54180526733427],[126.57736206054699,35.54180526733427],[126.57263946533237,35.543193817138615],[126.56847381591797,35.542915344238224],[126.56597137451172,35.543472290039176],[126.55958557128906,35.540416717529524],[126.55652618408203,35.53680419921869],[126.55208587646518,35.53680419921869],[126.54985809326172,35.535137176513956],[126.54985809326172,35.53319549560564],[126.54652404785156,35.531528472900504],[126.54513549804699,35.52930450439459],[126.54041290283203,35.525970458984375],[126.53652954101574,35.53013992309576],[126.53180694580124,35.5323600769043],[126.52958679199253,35.534584045410156],[126.52625274658214,35.53486251831055],[126.52486419677734,35.5323600769043],[126.51902770996139,35.5334739685058],[126.51403045654308,35.531528472900504],[126.5045852661134,35.526248931884766],[126.49791717529331,35.52097320556635],[126.49764251708996,35.51569366455078],[126.49819183349621,35.51458358764643],[126.50235748291016,35.51458358764643],[126.49624633789062,35.50986099243164],[126.49430847167991,35.51180648803734],[126.4901351928711,35.51235961914074],[126.4881973266605,35.516548156738395],[126.48652648925781,35.52180480957031],[126.48319244384766,35.52097320556635],[126.48374938964878,35.51819610595726],[126.48208618164097,35.51569366455078],[126.4798583984375,35.50902938842785],[126.47319793701217,35.50680541992216],[126.47208404541027,35.50291824340832],[126.47291564941406,35.502082824707145],[126.46597290039074,35.48958206176769],[126.46514129638672,35.48569488525385],[126.46291351318371,35.484584808349894],[126.46375274658203,35.47930526733393],[126.46041870117233,35.47930526733393],[126.45874786376999,35.475971221923885],[126.45652770996128,35.47458267211914],[126.45597076416038,35.472362518310604],[126.45097351074219,35.46597290039068],[126.4501419067384,35.46291732788103],[126.44708251953136,35.45958328247076],[126.44596862793014,35.45708465576166],[126.44291687011764,35.45319366455084],[126.44235992431675,35.450138092041186],[126.43708038330112,35.449859619140625],[126.43736267089855,35.44791793823248],[126.43514251708984,35.44513702392601],[126.43514251708984,35.443473815918026],[126.43235778808594,35.4404182434082],[126.43264007568393,35.43819427490229],[126.42903137207031,35.4359703063966],[126.42903137207031,35.43319320678711],[126.43125152587902,35.432083129882926],[126.43680572509788,35.43375015258789],[126.44319152832054,35.437362670898494],[126.44652557373058,35.43763732910173],[126.44930267334007,35.43680572509794],[126.44902801513717,35.431526184081974],[126.44736480712902,35.429306030273665],[126.44458007812545,35.42874908447271],[126.43541717529297,35.42986297607422],[126.43208312988281,35.42791748046892],[126.4295806884769,35.42791748046892],[126.4270858764653,35.426528930664176],[126.42402648925804,35.42986297607422],[126.41874694824219,35.426250457763786],[126.41819763183628,35.42458343505865],[126.41513824462925,35.42208480834955],[126.40791320800804,35.41847229003912],[126.40708160400425,35.41541671752947],[126.40958404541016,35.414859771728516],[126.40985870361328,35.41291809082037],[126.4081954956057,35.41069412231445],[126.40486145019554,35.40819549560575],[126.40486145019554,35.4051399230957],[126.40930175781295,35.39902877807617],[126.40763854980514,35.3976402282716],[126.40291595458984,35.40069580078148],[126.40180206298851,35.39708328247082],[126.4023590087894,35.39236068725586],[126.40347290039062,35.390972137451286],[126.40736389160156,35.39263916015625],[126.40763854980514,35.390415191650334],[126.40625000000045,35.38430404663097],[126.40902709960949,35.38069534301752],[126.41374969482456,35.38097381591791],[126.41596984863327,35.382637023926065],[126.41930389404297,35.38291549682623],[126.41986083984409,35.38124847412132],[126.4148635864259,35.37763977050787],[126.4134750366211,35.379028320312614],[126.40985870361328,35.37819290161144],[126.41097259521484,35.37486267089855],[126.41374969482456,35.373748779297046],[126.41735839843795,35.373748779297046],[126.41680908203159,35.370418548583984],[126.42152404785168,35.36791610717768],[126.42458343505871,35.36902618408203],[126.4270858764653,35.36847305297863],[126.4295806884769,35.36624908447277],[126.42847442626953,35.36375045776367],[126.43096923828159,35.35985946655285],[126.43291473388672,35.35985946655285],[126.43402862548862,35.36208343505871],[126.43930816650425,35.361251831054744],[126.44403076171886,35.361526489257756],[126.44652557373058,35.35819625854509],[126.44652557373058,35.355693817138786],[126.44403076171886,35.355415344238224],[126.43819427490234,35.35819625854509],[126.43402862548862,35.35736083984375],[126.4295806884769,35.35736083984375],[126.42680358886719,35.35985946655285],[126.42514038085949,35.35985946655285],[126.42180633544933,35.364582061767635],[126.4165267944336,35.36402893066406],[126.4134750366211,35.3629150390625],[126.41236114501964,35.364307403564624],[126.40875244140636,35.36541748046898],[126.40513610839855,35.365139007568416],[126.40402984619175,35.36819458007807],[126.40097045898472,35.3698616027832],[126.39680480957031,35.36930465698242],[126.39263916015659,35.36319351196289],[126.39263916015659,35.35985946655285],[126.39013671875,35.35652923583996],[126.3870849609375,35.35374832153349],[126.38652801513706,35.347637176513956],[126.3870849609375,35.34347152709972],[126.38541412353516,35.34180450439459],[126.38319396972668,35.33597183227545],[126.3812484741211,35.33347320556652],[126.37902832031295,35.332637786865405],[126.37735748291016,35.32680511474604],[126.37847137451206,35.32236099243164],[126.37847137451206,35.31958389282232],[126.37541961669956,35.314861297607536],[126.37625122070335,35.31097412109369],[126.37680816650425,35.30430603027338],[126.38014221191418,35.29902648925781],[126.37652587890636,35.30041503906256],[126.37374877929722,35.29902648925781],[126.37236022949253,35.29597091674816],[126.36985778808616,35.29291534423828],[126.37097167968761,35.29208374023449],[126.3718032836914,35.28736114501953],[126.3687515258789,35.28430557250982],[126.36736297607433,35.284862518310604],[126.35930633544922,35.28458404541021],[126.35763549804699,35.28374862670927],[126.35097503662132,35.28319549560547],[126.34986114501987,35.28597259521496],[126.34791564941418,35.285137176513615],[126.34458160400413,35.28569412231457],[126.33763885498092,35.28569412231457],[126.33513641357433,35.28374862670927],[126.33125305175781,35.27458190917969],[126.32958221435558,35.273750305175895],[126.3309707641605,35.27013778686546],[126.33458709716842,35.270416259765625],[126.34319305419922,35.27430725097685],[126.34735870361374,35.27430725097685],[126.34986114501987,35.27152633666998],[126.35069274902366,35.268196105957315],[126.3495864868164,35.26652908325201],[126.34708404541016,35.26652908325201],[126.34791564941418,35.26319503784174],[126.34513854980503,35.26124954223644],[126.34458160400413,35.259304046630916],[126.34180450439464,35.258750915527344],[126.33847045898472,35.25680541992182],[126.33902740478527,35.25402832031273],[126.33569335937511,35.253471374511776],[126.3365249633789,35.247638702392805],[126.33847045898472,35.24680709838884],[126.33791351318382,35.244026184081974],[126.33985900878906,35.24263763427763],[126.34014129638672,35.240695953369084],[126.33235931396518,35.238471984863395],[126.33069610595703,35.23485946655296],[126.32819366455078,35.23347091674805],[126.327919006348,35.22819519042963],[126.32514190673828,35.22874832153343],[126.32541656494163,35.23513793945335],[126.32236480712913,35.23652648925787],[126.31819152832065,35.24041748046892],[126.31819152832065,35.24375152587896],[126.31680297851574,35.244304656982536],[126.31485748291016,35.24930572509771],[126.31291961669945,35.249862670898494],[126.31291961669945,35.25263977050781],[126.31153106689453,35.253192901611385],[126.30764007568405,35.250415802001896],[126.30708312988293,35.2454185485841],[126.30458068847702,35.244304656982536],[126.3059692382817,35.24208450317383],[126.3026351928711,35.240695953369084],[126.3029174804692,35.23652648925787],[126.3006973266605,35.233196258545206],[126.3001403808596,35.23041534423834],[126.30152893066452,35.229305267333984],[126.30458068847702,35.230140686035156],[126.30819702148438,35.230140686035156],[126.31041717529308,35.22819519042963],[126.31346893310558,35.22708511352545],[126.31430816650436,35.22541809082054],[126.31458282470703,35.21986007690441],[126.31764221191406,35.21902847290062],[126.31903076171898,35.21708297729492],[126.31735992431686,35.212638854980696],[126.31764221191406,35.20847320556646],[126.32347106933639,35.20819473266607],[126.32958221435558,35.208751678466854],[126.33264160156261,35.20735931396513],[126.33403015136753,35.20430374145508],[126.33985900878906,35.206527709961165],[126.33958435058594,35.210693359375],[126.33597564697277,35.21541595458979],[126.33180236816429,35.21708297729492],[126.32958221435558,35.21930694580101],[126.3245849609375,35.22013854980497],[126.32514190673828,35.223472595214844],[126.33930206298874,35.22319412231445],[126.33875274658214,35.21958160400402],[126.3365249633789,35.21930694580101],[126.33569335937511,35.21736145019531],[126.34041595458984,35.212360382080135],[126.34152984619163,35.20986175537121],[126.34208679199253,35.20513916015642],[126.34458160400413,35.20597076416021],[126.34458160400413,35.208751678466854],[126.35291290283237,35.20819473266607],[126.35791778564487,35.20680618286133],[126.35763549804699,35.20264053344732],[126.36180877685592,35.20430374145508],[126.36653137207031,35.20402908325207],[126.36653137207031,35.20541763305681],[126.37541961669956,35.21152877807634],[126.37875366210938,35.209026336669865],[126.37763977050827,35.206249237060774],[126.37319183349632,35.200416564941406],[126.37319183349632,35.1987495422365],[126.36791992187511,35.19847106933594],[126.36763763427746,35.19541549682623],[126.37152862548874,35.19235992431658],[126.37124633789062,35.188751220703125],[126.36096954345737,35.18458175659191],[126.35680389404297,35.18513870239286],[126.3526382446289,35.18402862548851],[126.35375213623047,35.18208312988281],[126.35763549804699,35.18180465698242],[126.36013793945358,35.183193206787166],[126.36319732666061,35.179306030273494],[126.35986328125,35.17652893066423],[126.36096954345737,35.17291641235357],[126.35930633544922,35.16986083984375],[126.36069488525402,35.167915344238395],[126.3670806884769,35.16764068603521],[126.37124633789062,35.162361145019645],[126.37291717529342,35.1609725952149],[126.37347412109386,35.15847396850597],[126.37985992431675,35.15847396850597],[126.38346862792969,35.157081604003906],[126.38291931152344,35.153751373291016],[126.38319396972668,35.14986038208019],[126.3870849609375,35.14680480957031],[126.38680267333996,35.14319610595703],[126.38957977294922,35.14125061035156],[126.39180755615246,35.1370849609375],[126.3973617553711,35.13486099243164],[126.39986419677734,35.135692596435604],[126.40374755859375,35.13486099243164],[126.40625000000023,35.13124847412121],[126.41097259521484,35.11958312988287],[126.4151382446289,35.1156959533692],[126.41819763183594,35.109859466552734],[126.4231948852539,35.10625076293945],[126.42569732666038,35.107082366943416],[126.43069458007824,35.10736083984381],[126.43180847167991,35.10625076293945],[126.43597412109375,35.1051483154298],[126.44041442871105,35.10514068603527],[126.44652557373058,35.10597229003906],[126.44791412353516,35.1043052673341],[126.4504165649414,35.10486221313488],[126.45430755615257,35.101249694824276],[126.4615249633789,35.100971221923885],[126.46458435058594,35.10041809082031],[126.4634704589846,35.097362518310604],[126.46180725097668,35.0962486267091],[126.45986175537121,35.092082977295036],[126.45597076416016,35.08958435058594],[126.45347595214844,35.08958435058594],[126.45097351074219,35.0879173278808],[126.44680786132812,35.08708190917969],[126.4429168701173,35.08736038208008],[126.43680572509777,35.085971832275504],[126.43569183349621,35.0837516784668],[126.43930816650402,35.08402633666998],[126.44541931152355,35.080970764160156],[126.44763946533226,35.07875061035162],[126.45291900634766,35.077640533447266],[126.45458221435547,35.07624816894531],[126.45735931396507,35.0759735107423],[126.45207977294967,35.07069396972656],[126.44847106933628,35.065692901611385],[126.44486236572266,35.06152725219732],[126.44347381591808,35.05736160278332],[126.44069671630893,35.05597305297857],[126.43791961669933,35.05347061157249],[126.43069458007824,35.05236053466814],[126.42597198486328,35.04930496215826],[126.4243087768557,35.04902648925787],[126.41819763183628,35.04097366333019],[126.42041778564499,35.03680419921881],[126.42485809326183,35.03125000000023],[126.4254150390625,35.027637481689396],[126.42097473144554,35.02791595458996],[126.41708374023438,35.026805877685604],[126.41180419921886,35.02958297729492],[126.40513610839855,35.02819442749035],[126.40208435058605,35.02819442749035],[126.40125274658203,35.033195495605526],[126.40180206298851,35.04347229003912],[126.3995819091798,35.045139312744425],[126.3965301513673,35.04430389404308],[126.39597320556652,35.042083740234375],[126.39236450195335,35.042640686035156],[126.39097595214844,35.04458236694347],[126.39541625976585,35.04735946655296],[126.3965301513673,35.04875183105469],[126.40513610839855,35.050415039062614],[126.40902709960949,35.05263900756853],[126.4081954956057,35.053749084472884],[126.40291595458984,35.05152893066435],[126.39902496337902,35.05208206176758],[126.39902496337902,35.05402755737305],[126.40180206298851,35.05597305297857],[126.40374755859375,35.05597305297857],[126.40763854980514,35.059860229492415],[126.40763854980514,35.06291580200207],[126.40430450439453,35.065418243408374],[126.40347290039062,35.07097244262695],[126.4004135131836,35.071804046630916],[126.39680480957031,35.076805114746094],[126.3943023681644,35.07541656494135],[126.39319610595714,35.071804046630916],[126.39152526855469,35.07041549682617],[126.39152526855469,35.06763839721708],[126.39013671875,35.065971374511776],[126.38430786132858,35.068195343017635],[126.38569641113327,35.07013702392578],[126.38569641113327,35.07513809204096],[126.39097595214844,35.07986068725597],[126.39347076416061,35.08097076416033],[126.3973617553711,35.08097076416033],[126.40097045898472,35.07902908325218],[126.40125274658203,35.08152770996088],[126.3973617553711,35.083194732666016],[126.39263916015659,35.08235931396507],[126.3918075561528,35.086250305175895],[126.3879165649414,35.08680725097685],[126.38652801513706,35.08486175537115],[126.38069152832077,35.08152770996088],[126.38236236572266,35.07902908325218],[126.38180541992188,35.0759735107423],[126.37625122070335,35.07097244262695],[126.37236022949253,35.06291580200207],[126.36819458007812,35.062362670898494],[126.36624908447311,35.06486129760742],[126.36791992187511,35.06874847412104],[126.36791992187511,35.071804046630916],[126.3643035888673,35.07458496093756],[126.36791992187511,35.077640533447266],[126.36486053466842,35.07986068725597],[126.36152648925781,35.07819366455084],[126.36180877685592,35.074859619140796],[126.35819244384777,35.074306488037166],[126.35680389404297,35.076805114746094],[126.35097503662132,35.07958221435558],[126.34902954101608,35.07569503784191],[126.34708404541016,35.07569503784191],[126.34513854980503,35.07791519165045],[126.34430694580124,35.0837516784668],[126.34625244140625,35.08541488647472],[126.34930419921875,35.08541488647472],[126.35180664062511,35.08680725097685],[126.35236358642578,35.0904159545899],[126.35124969482456,35.09125137329107],[126.35041809082077,35.094860076904524],[126.35319519042969,35.09652709960943],[126.35346984863327,35.09986114501953],[126.35097503662132,35.101249694824446],[126.34902954101608,35.09624862670927],[126.34513854980503,35.09458160400396],[126.34319305419922,35.092082977295036],[126.33486175537132,35.09263992309582],[126.3309707641605,35.09375000000017],[126.33291625976562,35.09597396850586],[126.33597564697277,35.09708404541021],[126.33541870117222,35.10041809082048],[126.33569335937511,35.10402679443354],[126.3309707641605,35.10569381713867],[126.32986450195312,35.109584808349666],[126.33291625976562,35.11041641235346],[126.3334732055664,35.11375045776373],[126.33180236816429,35.115417480469034],[126.33985900878906,35.11736297607433],[126.34180450439464,35.121807098388956],[126.33902740478527,35.121807098388956],[126.34069061279342,35.12458419799805],[126.34041595458984,35.126525878906364],[126.34291839599655,35.12819290161133],[126.34263610839844,35.13069534301758],[126.34486389160168,35.132637023925724],[126.34680175781284,35.136528015136946],[126.34708404541016,35.139026641845646],[126.34458160400413,35.14125061035156],[126.34486389160168,35.14541625976557],[126.34569549560547,35.14680480957031],[126.34513854980503,35.15013885498075],[126.34541320800793,35.15458297729498],[126.34819793701206,35.15736007690447],[126.34652709960938,35.15986251831055],[126.34486389160168,35.159584045410156],[126.34180450439464,35.15458297729498],[126.33513641357433,35.14875030517584],[126.33069610595703,35.14847183227545],[126.32958221435558,35.15208435058605],[126.32624816894543,35.150417327881144],[126.32402801513672,35.147361755371094],[126.32624053955078,35.14596939086937],[126.33041381835938,35.144859313965014],[126.33125305175781,35.142082214355526],[126.32930755615268,35.138195037841854],[126.32624816894543,35.13430404663086],[126.32180786132858,35.13069534301758],[126.32152557373047,35.12791824340849],[126.31513977050815,35.12791824340849],[126.31153106689453,35.12874984741228],[126.30791473388672,35.127361297607536],[126.30847167968784,35.132915496826286],[126.30764007568405,35.13375091552746],[126.30902862548874,35.1370849609375],[126.30708312988293,35.138195037841854],[126.3012466430664,35.138748168945256],[126.29597473144531,35.138748168945256],[126.2926406860355,35.141803741455135],[126.29013824462936,35.141803741455135],[126.28874969482467,35.14041519165039],[126.2926406860355,35.138195037841854],[126.2906951904298,35.135692596435604],[126.2884750366211,35.13486099243164],[126.28152465820324,35.13458251953125],[126.27874755859375,35.1370849609375],[126.28041839599655,35.139026641845646],[126.27902984619186,35.142360687255916],[126.27458190917991,35.144859313965014],[126.27513885498081,35.147914886474666],[126.27458190917991,35.15069580078131],[126.2701416015625,35.150417327881144],[126.27124786376976,35.14625167846691],[126.2626419067384,35.14625167846691],[126.2612533569336,35.144584655761776],[126.25846862792991,35.14347076416027],[126.25624847412121,35.14097213745117],[126.257080078125,35.1370849609375],[126.25875091552757,35.13680648803711],[126.25930786132847,35.13402938842785],[126.2612533569336,35.13180541992193],[126.25736236572266,35.13069534301758],[126.25569152832065,35.13458251953125],[126.25319671630871,35.13486099243164],[126.25152587890625,35.132915496826286],[126.25125122070347,35.130138397217024],[126.24958038330112,35.126525878906364],[126.24764251708984,35.12513732910162],[126.24624633789074,35.121250152588004],[126.24652862548862,35.11958312988287],[126.24458312988281,35.118194580078125],[126.24736022949264,35.11375045776373],[126.25347137451217,35.1112518310548],[126.25263977050815,35.10763931274437],[126.25485992431686,35.10597229003906],[126.25930786132847,35.107082366943416],[126.25791931152378,35.103473663330135],[126.2612533569336,35.10152816772484],[126.2626419067384,35.09930419921875],[126.26708221435581,35.09930419921875],[126.2679138183596,35.09708404541021],[126.26403045654331,35.09652709960943],[126.257080078125,35.09680557250982],[126.25458526611328,35.09819412231457],[126.25096893310547,35.097362518310604],[126.24958038330112,35.09069442749029],[126.24958038330112,35.0879173278808],[126.24708557128906,35.08708190917969],[126.24597167968773,35.08430480957037],[126.24847412109375,35.08097076416033],[126.25180816650436,35.080139160156534],[126.25680541992188,35.080139160156534],[126.25846862792991,35.08124923706072],[126.26403045654331,35.082916259765625],[126.26625061035202,35.082916259765625],[126.26958465576172,35.08430480957037],[126.273193359375,35.083194732666016],[126.26374816894531,35.08180618286127],[126.25680541992188,35.07902908325218],[126.25846862792991,35.074028015137],[126.26041412353516,35.07208251953131],[126.26069641113281,35.06930541992199],[126.26208496093761,35.06763839721708],[126.2626419067384,35.06319427490246],[126.26403045654331,35.062084197998104],[126.26403045654331,35.059307098388615],[126.2629165649414,35.05791473388672],[126.26319122314499,35.05291748046869],[126.2684707641605,35.05291748046869],[126.26958465576172,35.05402755737305],[126.27541351318371,35.05347061157249],[126.27958679199219,35.05541610717779],[126.28152465820324,35.05736160278332],[126.28152465820324,35.06069564819336],[126.28514099121105,35.06152725219732],[126.29125213623058,35.059860229492415],[126.29319763183639,35.0584716796875],[126.2948608398442,35.0551376342774],[126.29430389404308,35.053195953369084],[126.29096984863315,35.05014038085943],[126.29208374023438,35.04930496215826],[126.295692443848,35.04986190795904],[126.30152893066452,35.04735946655296],[126.30236053466831,35.04347229003912],[126.30652618408214,35.047637939453125],[126.30735778808594,35.04958343505865],[126.31458282470703,35.05458450317383],[126.31375122070324,35.05791473388672],[126.31153106689453,35.059581756591854],[126.30652618408214,35.059307098388615],[126.30152893066452,35.06041717529297],[126.3009719848634,35.06180572509771],[126.303749084473,35.06430435180664],[126.30847167968784,35.06708145141613],[126.31208038330124,35.06735992431669],[126.31458282470703,35.068473815918026],[126.31513977050815,35.07208251953131],[126.31153106689453,35.074028015137],[126.31402587890625,35.077362060546875],[126.31208038330124,35.07930374145519],[126.30819702148438,35.08124923706072],[126.30541992187534,35.08430480957037],[126.30513763427734,35.085971832275504],[126.3026351928711,35.089027404785156],[126.30403137207043,35.0904159545899],[126.30930328369163,35.08402633666998],[126.31319427490246,35.08180618286127],[126.31708526611328,35.08208465576183],[126.31680297851574,35.08708190917969],[126.31847381591797,35.0884704589846],[126.32263946533237,35.08958435058594],[126.3268051147461,35.08930587768555],[126.33264160156261,35.08819580078119],[126.3334732055664,35.086250305175895],[126.3365249633789,35.0837516784668],[126.33847045898472,35.07847213745123],[126.34458160400413,35.07097244262695],[126.34458160400413,35.06874847412104],[126.34180450439464,35.065971374511776],[126.34014129638672,35.06319427490246],[126.33680725097656,35.06180572509771],[126.33486175537132,35.06375122070324],[126.33152770996139,35.062637329101506],[126.33152770996139,35.06097412109375],[126.3334732055664,35.05875015258806],[126.33597564697277,35.059860229492415],[126.34236145019543,35.059860229492415],[126.34708404541016,35.05875015258806],[126.34902954101608,35.05736160278332],[126.35180664062511,35.05347061157249],[126.35124969482456,35.05180740356474],[126.34735870361374,35.050971984863395],[126.34764099121116,35.04569625854498],[126.34930419921875,35.04402923584007],[126.35180664062511,35.03958511352545],[126.35597229003906,35.03819274902355],[126.35791778564487,35.03847122192394],[126.35652923584018,35.041805267333984],[126.3612518310548,35.042362213134766],[126.36264038085972,35.04375076293951],[126.3687515258789,35.044860839843864],[126.36930847168003,35.04652786254877],[126.37291717529342,35.04680633544916],[126.37374877929722,35.04458236694347],[126.38236236572266,35.04680633544916],[126.38430786132858,35.04291534423834],[126.3890304565432,35.0370826721192],[126.38930511474621,35.03430557250988],[126.39097595214844,35.030971527099666],[126.38986206054699,35.02402877807634],[126.3848648071289,35.02402877807634],[126.38430786132858,35.021526336670036],[126.37985992431675,35.01985931396513],[126.37264251708984,35.016250610351676],[126.36374664306652,35.009860992431754],[126.35930633544922,35.00819396972662],[126.35124969482456,35.00430679321295],[126.34569549560547,35.00208282470709],[126.33847045898472,34.99680709838867],[126.34263610839844,34.99680709838867],[126.34486389160168,34.9948616027832],[126.35013580322266,34.995140075683764],[126.35402679443382,34.992362976074276],[126.35791778564487,34.992362976074276],[126.35874938964889,34.98569488525396],[126.35763549804699,34.98402786254883],[126.35346984863327,34.98430633544922],[126.34986114501987,34.980972290039176],[126.34902954101608,34.97652816772455],[126.34347534179688,34.97263717651373],[126.33486175537132,34.971805572509766],[126.33180236816429,34.97041702270502],[126.32986450195312,34.96680450439459],[126.3268051147461,34.96763992309593],[126.32707977294922,34.97069549560558],[126.32125091552768,34.9734725952149],[126.32069396972656,34.977638244628906],[126.31791687011719,34.98152923584013],[126.31652832031284,34.97569274902344],[126.31541442871094,34.974582672119254],[126.31041717529308,34.974861145019645],[126.30902862548874,34.97569274902344],[126.31041717529308,34.97819519042969],[126.31153106689453,34.983470916748274],[126.31375122070324,34.98541641235357],[126.30625152587913,34.985973358154354],[126.30486297607422,34.98458480834961],[126.30486297607422,34.98208236694336],[126.3029174804692,34.97735977172874],[126.30180358886719,34.97652816772455],[126.2979202270509,34.97680664062494],[126.29763793945324,34.97291564941412],[126.29541778564453,34.968750000000284],[126.2948608398442,34.96458435058605],[126.2979202270509,34.960414886474666],[126.303749084473,34.95624923706083],[126.30680847168003,34.95569610595703],[126.30847167968784,34.95236206054699],[126.30819702148438,34.94930648803711],[126.31124877929688,34.94680404663086],[126.31346893310558,34.94680023193365],[126.32069396972656,34.94374847412115],[126.31708526611328,34.94124984741228],[126.31652832031284,34.9381942749024],[126.31180572509766,34.936527252197266],[126.30958557128929,34.93291854858421],[126.30569458007812,34.93264007568382],[126.30625152587913,34.9287490844726],[126.30867767333984,34.9281959533692],[126.31180572509766,34.9262504577639],[126.31291961669945,34.9287490844726],[126.31874847412155,34.93236160278326],[126.32041931152389,34.930973052978516],[126.32707977294922,34.930416107177734],[126.32986450195312,34.928470611572436],[126.3301391601567,34.92597198486334],[126.32763671875,34.92402648925781],[126.33125305175781,34.921806335449276],[126.3301391601567,34.91652679443371],[126.33569335937511,34.9168052673341],[126.33736419677734,34.915695190429744],[126.34402465820312,34.9148597717288],[126.34513854980503,34.915973663330135],[126.35069274902366,34.9168052673341],[126.35152435302746,34.92124938964872],[126.35291290283237,34.922084808349666],[126.35874938964889,34.92235946655268],[126.36096954345737,34.92013931274437],[126.36680603027366,34.92013931274437],[126.37041473388683,34.92402648925781],[126.36680603027366,34.92652893066429],[126.36624908447311,34.93208312988287],[126.36958312988281,34.93708419799805],[126.37374877929722,34.939582824707145],[126.37291717529342,34.94124984741228],[126.36958312988281,34.94208145141624],[126.36569213867222,34.94208145141624],[126.36569213867222,34.94402694702154],[126.36985778808616,34.94736099243181],[126.37124633789062,34.94985961914091],[126.3718032836914,34.954303741455135],[126.37513732910156,34.956527709960994],[126.37124633789062,34.95902633666992],[126.36846923828125,34.962917327880916],[126.36374664306652,34.96319580078131],[126.36152648925781,34.96180725097656],[126.3612518310548,34.96680450439459],[126.35930633544922,34.96847152709972],[126.36069488525402,34.971248626708984],[126.36680603027366,34.97236251831055],[126.36846923828125,34.974582672119254],[126.36902618408203,34.97735977172874],[126.36541748046875,34.980693817138786],[126.36624908447311,34.98569488525396],[126.36763763427746,34.98902893066423],[126.36791992187511,34.995693206787166],[126.37236022949253,34.99902725219721],[126.37374877929722,34.99874877929682],[126.37430572509766,34.99430465698242],[126.37374877929722,34.989860534668196],[126.37735748291016,34.989307403564396],[126.38014221191418,34.9879150390625],[126.38014221191418,34.97902679443365],[126.37930297851585,34.977638244628906],[126.37958526611351,34.971248626708984],[126.38375091552746,34.96819305419933],[126.38652801513706,34.96819305419933],[126.39097595214844,34.96680450439459],[126.39375305175781,34.96374893188471],[126.39375305175781,34.960414886474666],[126.39013671875,34.95513916015648],[126.3890304565432,34.948749542236555],[126.3879165649414,34.945693969726676],[126.38930511474621,34.94041824340849],[126.3948593139653,34.93708419799805],[126.39791870117222,34.93708419799805],[126.39847564697311,34.93458175659197],[126.3965301513673,34.933750152588175],[126.3943023681644,34.930694580078125],[126.39097595214844,34.92986297607433],[126.39069366455078,34.92652893066429],[126.39152526855469,34.921527862548885],[126.39402770996094,34.919029235840014],[126.39902496337902,34.91819381713867],[126.40486145019554,34.912918090820256],[126.40486145019554,34.90874862670904],[126.40291595458984,34.906528472900334],[126.40319824218795,34.904304504394645],[126.4004135131836,34.90208435058594],[126.40097045898472,34.9004173278808],[126.39597320556652,34.89764022827171],[126.39458465576172,34.89958190917986],[126.39152526855469,34.898750305176065],[126.39347076416061,34.895416259765625],[126.39347076416061,34.89374923706049],[126.39097595214844,34.89097213745123],[126.3890304565432,34.886806488037166],[126.39069366455078,34.884304046630916],[126.3879165649414,34.88236236572277],[126.38680267333996,34.87763977050798],[126.38819122314487,34.87763977050798],[126.39069366455078,34.88124847412104],[126.39458465576172,34.88541793823242],[126.40097045898472,34.88735961914057],[126.40486145019554,34.88735961914057],[126.40902709960949,34.8884735107423],[126.4112472534182,34.886806488037166],[126.40625000000045,34.88597106933622],[126.40486145019554,34.88513946533226],[126.39763641357422,34.88458251953131],[126.3943023681644,34.88180541992199],[126.3995819091798,34.880973815918026],[126.40208435058605,34.8795814514163],[126.40125274658203,34.877918243408146],[126.39847564697311,34.87625122070324],[126.39847564697311,34.874584197998104],[126.39541625976585,34.87319564819336],[126.3951416015625,34.86847305297857],[126.39708709716842,34.86819458007818],[126.39847564697311,34.86597061157249],[126.40347290039062,34.86486053466814],[126.40152740478561,34.86152648925787],[126.40374755859375,34.857360839844034],[126.40541839599643,34.857360839844034],[126.40680694580078,34.85097122192411],[126.40486145019554,34.84930419921881],[126.40486145019554,34.84763717651367],[126.4081954956057,34.84763717651367],[126.40958404541016,34.845695495605526],[126.41180419921886,34.845417022705135],[126.41180419921886,34.842639923095874],[126.40708160400425,34.842639923095874],[126.40513610839855,34.84347152709984],[126.39986419677734,34.84152603149414],[126.3995819091798,34.84013748168957],[126.39680480957031,34.83791732788086],[126.39375305175781,34.83763885498047],[126.39097595214844,34.83541488647461],[126.39263916015659,34.83319473266607],[126.39152526855469,34.830417633056584],[126.38764190673828,34.83180618286133],[126.38597106933616,34.82902908325224],[126.38402557373047,34.827915191650504],[126.38236236572266,34.82402801513666],[126.38319396972668,34.82180404663097],[126.37596893310592,34.82180404663097],[126.37319183349632,34.81735992431635],[126.36985778808616,34.8143043518067],[126.37069702148472,34.80875015258812],[126.36763763427746,34.807914733886776],[126.36458587646496,34.804862976074276],[126.36458587646496,34.80319595336914],[126.36235809326172,34.80097198486345],[126.3651351928711,34.79791641235357],[126.3643035888673,34.795970916748274],[126.36152648925781,34.795970916748274],[126.36235809326172,34.79180526733404],[126.3651351928711,34.79069519042969],[126.36819458007812,34.78652954101585],[126.36819458007812,34.78236007690424],[126.36902618408203,34.78069305419933],[126.37569427490234,34.78013992309593],[126.38430786132858,34.78180694580084],[126.38541412353516,34.784027099609375],[126.3912506103519,34.78819274902361],[126.39236450195335,34.78569412231451],[126.3890304565432,34.784027099609375],[126.39013671875,34.78180694580084],[126.39097595214844,34.77097320556652],[126.38986206054699,34.769584655761776],[126.38735961914108,34.77013778686535],[126.38541412353516,34.768749237060604],[126.38153076171875,34.768749237060604],[126.37875366210938,34.76625061035173],[126.37958526611351,34.76402664184582],[126.38402557373047,34.763473510742244],[126.38153076171875,34.75986099243181],[126.37875366210938,34.75986099243181],[126.37791442871094,34.757637023925895],[126.38097381591797,34.75597381591797],[126.38291931152366,34.75708389282232],[126.38291931152366,34.75902938842802],[126.3848648071289,34.760692596435774],[126.38625335693371,34.758193969726676],[126.38458251953125,34.75680541992193],[126.38458251953125,34.75291824340826],[126.38375091552746,34.74986267089844],[126.38097381591797,34.7526397705081],[126.3781967163086,34.752082824707145],[126.37958526611351,34.74819564819347],[126.37541961669956,34.749305725097656],[126.37152862548874,34.749027252197266],[126.36846923828125,34.74708175659197],[126.3687515258789,34.745418548583984],[126.36541748046875,34.74458312988287],[126.3629150390625,34.74208450317394],[126.36374664306652,34.73902893066406],[126.36958312988281,34.7368049621582],[126.37152862548874,34.7368049621582],[126.38680267333996,34.73152923583979],[126.3912506103519,34.73319625854492],[126.39375305175781,34.73319625854492],[126.3973617553711,34.73513793945324],[126.3973617553711,34.73652648925781],[126.39458465576172,34.73930740356445],[126.40069580078125,34.73958206176786],[126.4023590087894,34.73847198486351],[126.40652465820312,34.73902893066406],[126.40763854980514,34.74041748046881],[126.40680694580078,34.74375152587908],[126.41291809082077,34.74763870239252],[126.4148635864259,34.74514007568382],[126.41680908203159,34.74458312988287],[126.41874694824219,34.74180603027355],[126.42236328125,34.74152755737316],[126.42402648925804,34.743194580078125],[126.42819213867199,34.74402618408209],[126.4301376342778,34.74180603027355],[126.42903137207031,34.73791503906256],[126.43374633789074,34.7387504577639],[126.43541717529297,34.742637634277344],[126.43958282470703,34.743194580078125],[126.43763732910168,34.73986053466825],[126.43819427490234,34.73791503906256],[126.44152832031295,34.73958206176786],[126.44264221191406,34.74152755737316],[126.44541931152378,34.74097061157221],[126.4487533569336,34.742916107177734],[126.44985961914097,34.74041748046881],[126.44958496093773,34.737083435058594],[126.45263671875023,34.737083435058594],[126.45291900634788,34.73541641235363],[126.44958496093773,34.734027862548885],[126.45124816894531,34.73069381713867],[126.45458221435547,34.73069381713867],[126.4573593139653,34.728473663330135],[126.4615249633789,34.731250762939624],[126.46208190917991,34.734584808349666],[126.46458435058594,34.7362518310548],[126.46847534179733,34.7362518310548],[126.47180175781273,34.73819351196295],[126.4798583984375,34.73930740356445],[126.48791503906261,34.73930740356445],[126.49458312988293,34.73652648925781],[126.49791717529331,34.73597335815441],[126.49986267089844,34.733749389648494],[126.50319671630905,34.731803894043026],[126.50653076171875,34.73208236694359],[126.50541687011719,34.72624969482422],[126.50902557373047,34.72347259521496],[126.51319122314476,34.71847152709978],[126.51513671875,34.71819305419939],[126.515419006348,34.7154159545899],[126.51875305175781,34.71458435058594],[126.51958465576195,34.71291732788097],[126.52764129638672,34.70680618286144],[126.52902984619163,34.702083587646484],[126.53291320800793,34.698749542236385],[126.53375244140625,34.69541549682617],[126.53541564941429,34.69374847412121],[126.53624725341808,34.68875122070341],[126.53902435302746,34.68541717529297],[126.53874969482445,34.68264007568388],[126.54264068603527,34.682083129882926],[126.54792022705078,34.684307098388786],[126.55347442626953,34.684307098388786],[126.55569458007812,34.68264007568388],[126.56014251708984,34.68211746215826],[126.56208038330124,34.68291854858404],[126.56402587890648,34.681526184082145],[126.56236267089844,34.6776390075683],[126.55819702148472,34.672916412353516],[126.55680847168003,34.669860839844034],[126.55680847168003,34.6656951904298],[126.55874633789062,34.66069412231445],[126.56153106689464,34.658195495605526],[126.56430816650413,34.657360076904354],[126.56791687011753,34.65319442749035],[126.57569122314487,34.652362823486385],[126.57902526855469,34.65041732788086],[126.57875061035156,34.648750305175724],[126.58069610595737,34.646251678467024],[126.58458709716842,34.643196105957145],[126.59180450439453,34.64152908325201],[126.59347534179722,34.63874816894537],[126.60069274902344,34.6381950378418],[126.6137466430664,34.637916564941406],[126.61958312988281,34.63375091552757],[126.6231918334961,34.63236236572283],[126.61985778808594,34.6279182434082],[126.61653137207031,34.62819290161161],[126.61264038085949,34.62958145141596],[126.60708618164108,34.62958145141596],[126.6040267944336,34.63097381591808],[126.59764099121094,34.6304168701173],[126.585693359375,34.62985992431635],[126.57958221435547,34.63236236572283],[126.57680511474632,34.63263702392584],[126.57180786132858,34.63597106933588],[126.56874847412155,34.63569259643572],[126.56708526611374,34.637084960937614],[126.56263732910156,34.637084960937614],[126.55735778808639,34.63958358764654],[126.5495834350586,34.6398620605471],[126.55124664306663,34.64208221435564],[126.54985809326172,34.64569473266607],[126.54985809326172,34.64819335937517],[126.54792022705078,34.64986038208008],[126.53930664062534,34.648750305175724],[126.52986145019543,34.65097045898443],[126.52263641357445,34.651805877685604],[126.5206909179692,34.65041732788086],[126.5206909179692,34.64764022827177],[126.52263641357445,34.64569473266607],[126.52208709716831,34.6423606872558],[126.5229187011721,34.6398620605471],[126.52902984619163,34.63680648803722],[126.53208160400413,34.63847351074219],[126.53541564941429,34.63847351074219],[126.53708648681686,34.634860992431925],[126.53430938720703,34.63319396972662],[126.53291320800793,34.63013839721691],[126.52930450439464,34.62541580200195],[126.52458190917969,34.62486267089855],[126.5237503051759,34.62736129760765],[126.52014160156261,34.63097381591808],[126.51680755615268,34.63263702392584],[126.51457977294967,34.63263702392584],[126.5120849609375,34.634029388427734],[126.50986480712936,34.63652801513683],[126.5045852661134,34.637084960937614],[126.49847412109375,34.637084960937614],[126.4968032836914,34.63847351074219],[126.49263763427734,34.63847351074219],[126.48958587646484,34.640972137451456],[126.48097229003906,34.640415191650504],[126.4798583984375,34.63902664184576],[126.47708129882847,34.640415191650504],[126.47458648681686,34.643470764160156],[126.47125244140625,34.64263916015619],[126.46819305419922,34.640972137451456],[126.46569061279331,34.64430618286133],[126.46291351318371,34.64513778686529],[126.460693359375,34.64736175537138],[126.46041870117233,34.65041732788086],[126.45541381835938,34.649028778076115],[126.45097351074219,34.65152740478521],[126.4518051147461,34.6587486267091],[126.44791412353516,34.65902709960949],[126.44403076171886,34.65597152709984],[126.44097137451183,34.65597152709984],[126.43653106689453,34.65986251831066],[126.43180847168014,34.66208267211937],[126.43180847168014,34.664028167724666],[126.42903137207031,34.667083740234375],[126.43680572509788,34.672916412353516],[126.43791961669933,34.67486190795921],[126.43653106689453,34.675971984863565],[126.43680572509788,34.67902755737305],[126.44125366210938,34.68569564819336],[126.44680786132847,34.68986129760759],[126.44791412353516,34.6920814514163],[126.45124816894531,34.69124984741211],[126.45458221435547,34.692916870117244],[126.45625305175793,34.696250915527514],[126.45625305175793,34.69847106933622],[126.44930267334007,34.69958496093756],[126.44541931152378,34.70430374145519],[126.44430541992188,34.70430374145519],[126.44069671630893,34.696804046630916],[126.43846893310547,34.695972442627124],[126.43597412109375,34.69958496093756],[126.43569183349643,34.7015266418457],[126.43291473388672,34.7009735107423],[126.43319702148483,34.696804046630916],[126.43152618408203,34.69430541992199],[126.4273605346682,34.69486236572277],[126.42485809326183,34.692638397216854],[126.4254150390625,34.690971374511946],[126.42819213867199,34.68819427490246],[126.4270858764653,34.68624877929693],[126.42458343505871,34.68847274780285],[126.4220809936528,34.68819427490246],[126.41764068603538,34.684581756592024],[126.41263580322266,34.68597412109375],[126.41180419921886,34.68875122070341],[126.41319274902344,34.692638397216854],[126.41319274902344,34.69569396972656],[126.4112472534182,34.69847106933622],[126.40736389160156,34.69847106933622],[126.40791320800804,34.7034721374514],[126.40569305419933,34.7054176330567],[126.4023590087894,34.7054176330567],[126.40152740478561,34.70902633666998],[126.398193359375,34.71291732788097],[126.3920822143557,34.70875167846697],[126.38986206054699,34.71180725097662],[126.3870849609375,34.71180725097662],[126.38652801513706,34.70875167846697],[126.38513946533237,34.70708465576183],[126.3870849609375,34.70569610595709],[126.38957977294956,34.70624923706049],[126.39069366455078,34.70458221435575],[126.39375305175781,34.7034721374514],[126.39680480957031,34.704860687256144],[126.39680480957031,34.702362060547046],[126.39986419677734,34.69791793823242],[126.4023590087894,34.696250915527514],[126.40208435058605,34.69430541992199],[126.40513610839855,34.692916870117244],[126.40458679199264,34.68986129760759],[126.40069580078125,34.68819427490246],[126.3993072509769,34.68597412109375],[126.39680480957031,34.690971374511946],[126.39152526855469,34.693473815918026],[126.38874816894577,34.696250915527514],[126.38735961914108,34.6940269470216],[126.39097595214844,34.692638397216854],[126.39263916015659,34.6895828247072],[126.3948593139653,34.687637329101676],[126.39291381835949,34.684581756592024],[126.3948593139653,34.68264007568388],[126.3943023681644,34.67958450317383],[126.39569091796909,34.67680740356451],[126.39319610595714,34.67430496215826],[126.39479827880905,34.672916412353516],[126.39375305175781,34.669582366943644],[126.39041900634811,34.66819381713873],[126.38735961914108,34.669582366943644],[126.38458251953125,34.66485977172846],[126.38652801513706,34.66263961791992],[126.38402557373047,34.66180419921881],[126.38014221191418,34.6662483215332],[126.37958526611351,34.66930389404308],[126.38069152832077,34.67097091674799],[126.37735748291016,34.672916412353516],[126.37708282470714,34.67486190795921],[126.37985992431675,34.675415039062614],[126.38097381591797,34.678749084472656],[126.37791442871094,34.67930603027344],[126.37763977050827,34.681251525879134],[126.37541961669956,34.68264007568388],[126.37403106689464,34.681251525879134],[126.37430572509766,34.6776390075683],[126.37791442871094,34.66847229003929],[126.37930297851585,34.66319274902372],[126.3804168701173,34.661251068115405],[126.37958526611351,34.658473968505916],[126.37708282470714,34.658195495605526],[126.37763977050827,34.65541839599604],[126.38236236572266,34.655693054199446],[126.38208007812545,34.65319442749035],[126.38597106933616,34.65097045898443],[126.38652801513706,34.64708328247082],[126.38957977294956,34.64764022827177],[126.39319610595714,34.65319442749035],[126.39541625976585,34.65430450439453],[126.39708709716842,34.65708160400419],[126.3995819091798,34.655139923095646],[126.4023590087894,34.65486145019548],[126.40374755859375,34.65597152709984],[126.40319824218795,34.65930557250988],[126.40652465820312,34.660972595215014],[126.40541839599643,34.66291809082031],[126.40597534179699,34.66541671752941],[126.40763854980514,34.666805267333984],[126.41596984863327,34.666526794433594],[126.4148635864259,34.66347122192411],[126.41541290283214,34.65930557250988],[126.41874694824219,34.661251068115405],[126.42069244384788,34.65986251831066],[126.42292022705078,34.66013717651367],[126.4220809936528,34.65708160400419],[126.41986083984409,34.65486145019548],[126.42041778564499,34.649581909179915],[126.41764068603538,34.642917633056754],[126.4231948852539,34.643196105957145],[126.4265289306644,34.6448593139649],[126.42903137207031,34.6448593139649],[126.43180847168014,34.63874816894537],[126.43235778808594,34.634582519531534],[126.43402862548862,34.632083892822266],[126.43653106689453,34.62541580200195],[126.43902587890625,34.62541580200195],[126.44208526611328,34.6268043518067],[126.44208526611328,34.628471374512],[126.44458007812545,34.6304168701173],[126.44513702392578,34.634029388427734],[126.4501419067384,34.63375091552757],[126.4518051147461,34.632083892822266],[126.45041656494152,34.63013839721691],[126.4501419067384,34.62374877929699],[126.45207977294967,34.62152862548828],[126.45069122314499,34.61819458007824],[126.45097351074219,34.61486053466797],[126.45236206054688,34.61180496215832],[126.45541381835938,34.608196258545036],[126.4573593139653,34.608196258545036],[126.46125030517612,34.6129150390625],[126.46514129638672,34.614028930664006],[126.46680450439453,34.611526489257926],[126.47125244140625,34.61236190795927],[126.47319793701217,34.61486053466797],[126.47624969482467,34.617084503173885],[126.48402404785156,34.617362976074276],[126.48486328125011,34.616806030273494],[126.4854202270509,34.61236190795927],[126.48263549804688,34.61069488525396],[126.48263549804688,34.607917785644645],[126.48097229003906,34.602638244628906],[126.47763824462936,34.60041809082037],[126.47319793701217,34.599029541015625],[126.47097015380893,34.599029541015625],[126.46514129638672,34.59430694580084],[126.46236419677757,34.59430694580084],[126.460693359375,34.59236145019554],[126.45708465576172,34.590415954589844],[126.45347595214878,34.590415954589844],[126.44958496093773,34.58902740478527],[126.45041656494152,34.58514022827143],[126.44985961914097,34.58375167846708],[126.44097137451183,34.59013748168945],[126.43680572509788,34.59040832519531],[126.43486022949264,34.58958435058605],[126.43125152587902,34.5931930541995],[126.4270858764653,34.5931930541995],[126.42013549804688,34.59597396850597],[126.41735839843795,34.59819412231451],[126.41513824462925,34.59736251831072],[126.4134750366211,34.599304199218864],[126.40875244140636,34.60069274902361],[126.4081954956057,34.602359771728516],[126.41069793701206,34.60402679443365],[126.40958404541016,34.60708236694353],[126.40680694580078,34.60708236694353],[126.40486145019554,34.605415344238395],[126.40208435058605,34.605415344238395],[126.3943023681644,34.60847091674805],[126.3920822143557,34.60985946655279],[126.3879165649414,34.60902786254883],[126.38735961914108,34.61208343505871],[126.38541412353516,34.61319351196306],[126.38069152832077,34.617362976074276],[126.37763977050827,34.617362976074276],[126.37374877929722,34.61486053466797],[126.37486267089844,34.611526489257926],[126.37236022949253,34.60680389404314],[126.3718032836914,34.60430526733404],[126.36902618408203,34.605140686035384],[126.36958312988281,34.61180496215832],[126.36846923828125,34.61319351196306],[126.37069702148472,34.616806030273494],[126.36902618408203,34.61791610717785],[126.3651351928711,34.61624908447271],[126.3643035888673,34.61763763427746],[126.36680603027366,34.62097167968773],[126.36347198486351,34.62152862548828],[126.35874938964889,34.62513732910156],[126.35597229003906,34.62486267089855],[126.35319519042969,34.625972747802905],[126.35319519042969,34.62902832031256],[126.35541534423828,34.63013839721691],[126.35541534423828,34.63513946533209],[126.35458374023449,34.637638092041016],[126.35624694824219,34.64208221435564],[126.35597229003906,34.64597320556646],[126.35458374023449,34.64736175537138],[126.35430908203148,34.65124893188482],[126.35124969482456,34.65347290039074],[126.34680175781284,34.65541839599604],[126.34263610839844,34.65486145019548],[126.34124755859398,34.658195495605526],[126.33819580078148,34.65708160400419],[126.33208465576183,34.658195495605526],[126.3290252685548,34.65930557250988],[126.32930755615268,34.66208267211937],[126.32736206054688,34.663749694824276],[126.32736206054688,34.666526794433594],[126.32875061035179,34.66791534423834],[126.33125305175781,34.66764068603533],[126.33235931396518,34.6701393127442],[126.33486175537132,34.672359466552734],[126.33458709716842,34.675415039062614],[126.33069610595703,34.67958450317383],[126.33235931396518,34.683750152587834],[126.33152770996139,34.6895828247072],[126.3331909179692,34.6915283203125],[126.33264160156261,34.69569396972656],[126.33403015136753,34.69708251953148],[126.34069061279342,34.696250915527514],[126.34847259521496,34.70069503784191],[126.34986114501987,34.702362060547046],[126.34986114501987,34.70680618286144],[126.34735870361374,34.710971832275675],[126.34458160400413,34.71180725097662],[126.34319305419922,34.71430587768555],[126.33847045898472,34.71847152709978],[126.33264160156261,34.719028472900334],[126.33069610595703,34.72069549560547],[126.33125305175781,34.725139617919865],[126.3301391601567,34.72624969482422],[126.33007812500034,34.73319625854492],[126.327919006348,34.734584808349666],[126.32707977294922,34.737361907959155],[126.32263946533237,34.73819351196295],[126.32208251953148,34.74097061157221],[126.31735992431686,34.74180603027355],[126.31735992431686,34.74458312988287],[126.31958007812534,34.74569320678722],[126.32041931152389,34.748470306396484],[126.31847381591797,34.75041580200201],[126.31430816650436,34.746250152588175],[126.30958557128929,34.746250152588175],[126.30764007568405,34.74708175659197],[126.30652618408214,34.749305725097656],[126.31069183349655,34.752361297607706],[126.30902862548874,34.75381851196312],[126.30791473388672,34.75708389282232],[126.303749084473,34.758193969726676],[126.29930877685581,34.76235961914068],[126.29513549804688,34.76235961914068],[126.29013824462936,34.760971069336165],[126.28541564941406,34.757637023925895],[126.2840270996096,34.74819564819347],[126.28291320800815,34.74569320678722],[126.28041839599655,34.743194580078125],[126.27764129638695,34.73541641235363],[126.27430725097702,34.727916717529354],[126.27430725097702,34.72458267211931],[126.27764129638695,34.7198600769043],[126.2740249633789,34.716804504394645],[126.2740249633789,34.71180725097662],[126.2679138183596,34.7059707641601],[126.26708221435581,34.70291519165045],[126.2648620605471,34.70291519165045],[126.2626419067384,34.707637786865234],[126.25958251953136,34.70430374145519],[126.26013946533249,34.701805114746094],[126.25875091552757,34.70041656494152],[126.25902557373058,34.69569396972656],[126.25791931152378,34.693195343017635],[126.26013946533249,34.69180679321289],[126.25902557373058,34.6895828247072],[126.26013946533249,34.687637329101676],[126.26208496093761,34.687637329101676],[126.2626419067384,34.68541717529297],[126.2598648071289,34.68347167968767],[126.25736236572266,34.68347167968767],[126.25458526611328,34.678195953369254],[126.25680541992188,34.67652893066412],[126.25902557373058,34.6734733581543],[126.25930786132847,34.669860839844034],[126.25514221191406,34.667083740234375],[126.25514221191406,34.664028167724666],[126.25875091552757,34.65958404541027],[126.26235961914097,34.657638549804744],[126.26235961914097,34.65625],[126.25930786132847,34.65430450439453],[126.2598648071289,34.649581909179915],[126.2612533569336,34.64541625976568],[126.25930786132847,34.64458465576172],[126.25930786132847,34.64263916015619],[126.2626419067384,34.63847351074219],[126.26652526855469,34.637638092041016],[126.27180480957043,34.63291549682623],[126.27486419677746,34.631805419921875],[126.2818069458009,34.631526947021484],[126.28430175781284,34.63013839721691],[126.28680419921875,34.631526947021484],[126.28624725341797,34.63347244262718],[126.28791809082065,34.63569259643572],[126.28986358642578,34.63541793823248],[126.2923583984375,34.63291549682623],[126.29347229003929,34.62985992431635],[126.2926406860355,34.628471374512],[126.28902435302734,34.62708282470726],[126.28819274902355,34.625694274902344],[126.28874969482467,34.622360229492244],[126.28430938720726,34.623195648193416],[126.28041839599655,34.62180709838867],[126.28347015380905,34.61875152587919],[126.28347015380905,34.617084503173885],[126.2809753417971,34.61541748046875],[126.27958679199219,34.61236190795927],[126.27986145019565,34.61013793945318],[126.28208160400436,34.607639312744084],[126.28458404541027,34.60930633544922],[126.28624725341797,34.60680389404314],[126.2848587036134,34.60458374023443],[126.28291320800815,34.60458374023443],[126.28319549560547,34.60013961791998],[126.27958679199219,34.59875106811546],[126.27986145019565,34.5951385498048],[126.28319549560547,34.5951385498048],[126.28541564941406,34.5931930541995],[126.28791809082065,34.59375],[126.2906951904298,34.59180450439459],[126.2937469482423,34.59402847290045],[126.29402923584018,34.596248626708984],[126.29763793945324,34.59430694580084],[126.29708099365268,34.592395782470874],[126.29902648925781,34.59013748168945],[126.30680847168003,34.58986282348644],[126.30986022949253,34.587917327880916],[126.31291961669945,34.587360382080135],[126.31291961669945,34.58569335937523],[126.30958557128929,34.581806182861385],[126.30541992187534,34.58013916015625],[126.303749084473,34.578750610351506],[126.30486297607422,34.575695037841854],[126.30791473388672,34.576248168945426],[126.30764007568405,34.573192596435774],[126.31097412109375,34.56958389282232],[126.31597137451195,34.566806793213004],[126.31874847412155,34.56791687011719],[126.31930541992199,34.56930541992193],[126.32763671875,34.56874847412115],[126.32986450195312,34.56958389282232],[126.33403015136753,34.572917938232536],[126.33958435058594,34.57125091552763],[126.34930419921875,34.567359924316406],[126.35375213623047,34.56791687011719],[126.35541534423828,34.5656929016115],[126.36013793945358,34.564025878906364],[126.36235809326172,34.561248779296875],[126.36819458007812,34.55930709838873],[126.36985778808616,34.560974121093864],[126.37541961669956,34.55875015258795],[126.37596893310592,34.560974121093864],[126.37791442871094,34.56208419799805],[126.38263702392601,34.561805725097656],[126.38430786132858,34.55902862548834],[126.38847351074219,34.55958175659174],[126.38847351074219,34.557640075683594],[126.38680267333996,34.555973052978686],[126.38375091552746,34.55486297607433],[126.38430786132858,34.552639007568416],[126.3870849609375,34.55291748046881],[126.38874816894577,34.55152893066406],[126.38847351074219,34.54875183105497],[126.38513946533237,34.54541778564453],[126.38430786132858,34.54264068603544],[126.38153076171875,34.54264068603544],[126.37902832031295,34.53902816772461],[126.37985992431675,34.537361145019474],[126.3848648071289,34.534862518310774],[126.3870849609375,34.532081604003906],[126.38957977294956,34.532081604003906],[126.39152526855469,34.53402709960943],[126.3948593139653,34.53430557250982],[126.39791870117222,34.53708267211931],[126.40013885498092,34.53680419921892],[126.40347290039062,34.53958511352539],[126.4023590087894,34.54486083984375],[126.40458679199264,34.546806335449276],[126.40791320800804,34.54791641235363],[126.41208648681675,34.54791641235363],[126.41625213623047,34.546249389648494],[126.4179153442384,34.54875183105497],[126.4179153442384,34.552360534668026],[126.41596984863327,34.5531959533692],[126.41625213623047,34.55708312988304],[126.42013549804688,34.555973052978686],[126.42097473144554,34.55708312988304],[126.4254150390625,34.555694580078125],[126.42763519287121,34.55708312988304],[126.42930603027344,34.555416107177734],[126.43486022949264,34.55486297607433],[126.43708038330112,34.552360534668026],[126.43985748291038,34.552360534668026],[126.44097137451183,34.54847335815441],[126.43846893310547,34.544303894043196],[126.43846893310547,34.53874969482422],[126.43597412109375,34.53597259521513],[126.43985748291038,34.53597259521513],[126.43985748291038,34.538192749023665],[126.44486236572266,34.539306640625],[126.44736480712902,34.537361145019474],[126.45069122314499,34.537918090820426],[126.45041656494152,34.5418052673341],[126.45680236816418,34.54264068603544],[126.45903015136741,34.544303894043196],[126.46180725097702,34.54402923583979],[126.46319580078136,34.53958511352539],[126.46541595459007,34.53708267211931],[126.46013641357422,34.53319549560547],[126.45986175537121,34.53097152709955],[126.45402526855469,34.52875137329124],[126.44958496093773,34.52819442749029],[126.44625091552757,34.52680587768555],[126.44291687011764,34.52680587768555],[126.44208526611328,34.52180480957037],[126.44958496093773,34.52180480957037],[126.45402526855469,34.52236175537132],[126.45708465576172,34.523471832275675],[126.45708465576172,34.520416259765625],[126.45958709716831,34.51958465576183],[126.46208190917991,34.520694732666016],[126.46402740478516,34.51680374145536],[126.46791839599643,34.511249542236385],[126.47041320800781,34.50875091552729],[126.47069549560547,34.5065269470216],[126.46624755859386,34.50430679321289],[126.460693359375,34.5040283203125],[126.45625305175793,34.50152587890625],[126.4573593139653,34.49874877929693],[126.45930480957043,34.496528625488395],[126.46236419677757,34.49763870239258],[126.46236419677757,34.4926376342774],[126.45986175537121,34.490695953369254],[126.46347045898483,34.487640380859375],[126.46430206298862,34.485416412353516],[126.46624755859386,34.48458480834972],[126.46319580078136,34.482082366943644],[126.45569610595749,34.482082366943644],[126.45541381835938,34.47708511352545],[126.4576416015625,34.47541809082031],[126.4584732055664,34.47152709960949],[126.46208190917991,34.46930694580078],[126.46458435058594,34.46902847290039],[126.46708679199264,34.470973968505916],[126.46986389160156,34.470973968505916],[126.47125244140625,34.46958160400396],[126.47180938720726,34.4668045043947],[126.47430419921875,34.464862823486555],[126.47235870361362,34.46263885498047],[126.46763610839844,34.461807250976676],[126.46875000000023,34.459026336670036],[126.46791839599643,34.45680618286133],[126.47097015380893,34.455417633056754],[126.47458648681686,34.452640533447266],[126.47624969482467,34.44930648803722],[126.47430419921875,34.4473609924317],[126.46930694580112,34.44819259643549],[126.46708679199264,34.45180511474615],[126.46430206298862,34.45430374145525],[126.45958709716831,34.449584960937614],[126.45375061035168,34.449584960937614],[126.45541381835938,34.446804046631144],[126.45791625976562,34.447082519531534],[126.45958709716831,34.44513702392584],[126.46208190917991,34.44513702392584],[126.46485900878952,34.44180679321295],[126.46680450439453,34.44069290161161],[126.47319793701217,34.43180465698259],[126.47597503662121,34.429862976074446],[126.47569274902355,34.42736053466797],[126.48319244384766,34.42541503906267],[126.48180389404308,34.429306030273494],[126.48180389404308,34.43208312988298],[126.48319244384766,34.43402862548828],[126.48735809326217,34.435138702392635],[126.49180603027355,34.43430709838867],[126.49458312988293,34.43152618408203],[126.4968032836914,34.43152618408203],[126.49930572509766,34.435417175293026],[126.50624847412155,34.43986129760742],[126.50875091552734,34.43958282470726],[126.51152801513717,34.43763732910156],[126.51374816894565,34.434860229492244],[126.51374816894565,34.4334716796875],[126.51097106933605,34.432361602783146],[126.50791931152355,34.42847061157232],[126.50819396972656,34.426250457763615],[126.51069641113315,34.424026489257926],[126.5134735107423,34.420417785644645],[126.51597595214889,34.41347122192377],[126.51403045654308,34.41347122192377],[126.51041412353527,34.41069412231468],[126.50736236572277,34.40708160400385],[126.50846862792969,34.40652847290045],[126.50791931152355,34.40124893188488],[126.50485992431686,34.400417327880916],[126.50319671630905,34.40430450439476],[126.49485778808605,34.40680694580084],[126.492919921875,34.408748626708984],[126.4870834350586,34.4076385498048],[126.48958587646484,34.4051399230957],[126.48902893066452,34.40236282348661],[126.49097442626976,34.399581909179744],[126.48930358886719,34.397083282470874],[126.4901351928711,34.39541625976574],[126.49458312988293,34.394306182861385],[126.49319458007812,34.39208221435547],[126.49541473388672,34.38958358764677],[126.49847412109375,34.388195037841854],[126.49764251708996,34.385417938232536],[126.49624633789062,34.38458251953119],[126.491249084473,34.38597106933594],[126.48652648925781,34.38597106933594],[126.48513793945347,34.388195037841854],[126.48236083984386,34.385139465332145],[126.47875213623058,34.38624954223633],[126.47486114501976,34.38347244262724],[126.47097015380893,34.38458251953119],[126.47097015380893,34.382637023925895],[126.47624969482467,34.38124847412115],[126.476806640625,34.379859924316406],[126.47347259521484,34.379028320312614],[126.47430419921875,34.376804351806925],[126.47846984863315,34.376804351806925],[126.48152923584007,34.37597274780296],[126.48152923584007,34.374305725097656],[126.47708129882847,34.37291717529308],[126.47763824462936,34.3698616027832],[126.48041534423828,34.367916107177734],[126.48319244384766,34.36708450317394],[126.48652648925781,34.36402893066406],[126.48180389404308,34.364860534668026],[126.48041534423828,34.361804962158374],[126.47791290283226,34.364860534668026],[126.47597503662121,34.36375045776367],[126.48069763183628,34.359027862548885],[126.47846984863315,34.355972290039006],[126.47541809082065,34.355972290039006],[126.47319793701217,34.359027862548885],[126.46875000000023,34.36347198486328],[126.46458435058594,34.36152648925781],[126.46541595459007,34.35763931274414],[126.47180175781273,34.35374832153332],[126.47069549560547,34.349861145019474],[126.47180938720726,34.34819412231474],[126.47513580322277,34.350139617920036],[126.47708129882847,34.34847259521513],[126.47875213623058,34.349582672119084],[126.47958374023438,34.3543052673341],[126.48458099365257,34.35402679443371],[126.48930358886719,34.35652923583996],[126.4906921386721,34.359584808349666],[126.49624633789062,34.359027862548885],[126.49764251708996,34.35708236694336],[126.49958038330112,34.359584808349666],[126.50125122070324,34.359584808349666],[126.50180816650436,34.36402893066406],[126.50541687011719,34.36597061157238],[126.50986480712936,34.36597061157238],[126.5206909179692,34.36041641235363],[126.51958465576195,34.35763931274414],[126.52153015136719,34.356803894043196],[126.52153015136719,34.352916717529354],[126.51958465576195,34.351806640625],[126.52208709716831,34.34875106811529],[126.52180480957031,34.34597396850603],[126.52041625976574,34.343750000000114],[126.5256958007817,34.338470458984375],[126.52708435058594,34.33347320556658],[126.52486419677734,34.33180618286144],[126.52513885498081,34.329582214355526],[126.52124786376953,34.3265266418457],[126.52014160156261,34.323471069335994],[126.51680755615268,34.323471069335994],[126.51513671875,34.32069396972673],[126.51291656494186,34.32069396972673],[126.51235961914097,34.31874847412121],[126.51486206054688,34.31680679321289],[126.51819610595703,34.31569290161133],[126.51958465576195,34.31097412109392],[126.51513671875,34.306526184082145],[126.51708221435558,34.303470611572266],[126.51708221435558,34.29819488525408],[126.51625061035179,34.29486083984381],[126.52124786376953,34.29569625854498],[126.52180480957031,34.292083740234546],[126.5256958007817,34.291805267334155],[126.5287475585942,34.2931938171389],[126.52847290039062,34.29680633544933],[126.53013610839844,34.30097198486334],[126.53291320800793,34.30097198486334],[126.53708648681686,34.303749084472656],[126.54041290283203,34.30263900756847],[126.54458618164108,34.302917480468864],[126.54513549804699,34.30430603027344],[126.54985809326172,34.3095817565918],[126.55124664306663,34.31430435180681],[126.5529174804692,34.31680679321289],[126.55764007568382,34.32125091552729],[126.56180572509777,34.32263946533203],[126.56458282470714,34.32236099243164],[126.56541442871094,34.32069396972673],[126.57069396972668,34.32041549682634],[126.57986450195358,34.320972442626896],[126.58180236816406,34.32013702392578],[126.58652496337902,34.31986236572294],[126.58902740478561,34.318195343017635],[126.58958435058616,34.31652450561552],[126.59291839599632,34.31375122070318],[126.59597015380882,34.312362670898665],[126.59930419921886,34.312084197998274],[126.60208129882835,34.315139770507926],[126.60569763183616,34.314861297607365],[126.60541534423851,34.317638397216854],[126.6009750366211,34.31930541992199],[126.60263824462925,34.32236099243164],[126.60236358642601,34.32597351074247],[126.60346984863327,34.327083587646655],[126.6031951904298,34.329860687255916],[126.60430908203125,34.33208465576183],[126.60013580322266,34.335693359375284],[126.6040267944336,34.3398628234865],[126.60874938964866,34.341526031494254],[126.60791778564487,34.34513854980469],[126.60430908203125,34.3448600769043],[126.60208129882835,34.34902954101568],[126.60346984863327,34.350139617920036],[126.60736083984375,34.349582672119084],[126.61042022705078,34.353195190429744],[126.61513519287121,34.3543052673341],[126.6148605346682,34.356803894043196],[126.6201400756836,34.358470916748104],[126.61902618408214,34.36680603027355],[126.6201400756836,34.37097167968756],[126.61846923828159,34.374027252197266],[126.62069702148472,34.37763977050787],[126.62041473388672,34.379306793213004],[126.6148605346682,34.37874984741222],[126.6137466430664,34.382637023925895],[126.6118087768557,34.385417938232536],[126.61347198486328,34.388195037841854],[126.61624908447311,34.38958358764677],[126.6209716796875,34.39319610595703],[126.62180328369152,34.39569473266613],[126.62069702148472,34.39930725097656],[126.61653137207031,34.40069580078131],[126.617919921875,34.40263748168945],[126.62347412109375,34.40791702270519],[126.62735748291061,34.40263748168945],[126.62985992431675,34.40375137329096],[126.63041687011764,34.40652847290045],[126.63319396972656,34.40819549560558],[126.63458251953136,34.411251068115234],[126.63847351074219,34.411529541015625],[126.64125061035168,34.40958404541033],[126.6448593139653,34.40958404541033],[126.64458465576183,34.412082672119425],[126.64791870117199,34.41319274902338],[126.64653015136719,34.417915344238395],[126.6501388549807,34.4195823669433],[126.6501388549807,34.42235946655279],[126.65208435058594,34.42263793945318],[126.65597534179733,34.420696258545036],[126.65930175781273,34.42152786254883],[126.66069793701183,34.425971984863224],[126.66486358642578,34.42680740356457],[126.66847229003906,34.42235946655279],[126.67346954345749,34.4195823669433],[126.67346954345749,34.41652679443365],[126.67680358886719,34.41597366333025],[126.67819213867188,34.42152786254883],[126.67485809326217,34.42458343505888],[126.67402648925781,34.42763900756836],[126.67624664306652,34.42791748046875],[126.67819213867188,34.426250457763615],[126.68096923828159,34.426528930664176],[126.68374633789062,34.429306030273494],[126.69013977050781,34.43208312988298],[126.68930816650402,34.434860229492244],[126.69902801513717,34.4404182434082],[126.70486450195347,34.440147399902344],[126.70930480957031,34.43930435180687],[126.7115249633789,34.4404182434082],[126.7115249633789,34.44235992431652],[126.71791839599621,34.44569396972679],[126.72041320800793,34.44597244262718],[126.72347259521496,34.4429168701173],[126.7273635864259,34.44597244262718],[126.73486328125,34.45458221435541],[126.73847198486328,34.459304809570426],[126.73986053466808,34.46208190917969],[126.74263763427768,34.46513748168957],[126.74624633789074,34.470417022705135],[126.74903106689464,34.473472595215014],[126.74764251708984,34.47541809082031],[126.74764251708984,34.47763824462902],[126.74485778808639,34.4781951904298],[126.74236297607445,34.48041534423834],[126.7393035888673,34.48430633544933],[126.73902893066429,34.48625183105486],[126.74097442626953,34.488193511963175],[126.7487487792971,34.490970611572266],[126.75514221191429,34.49236297607439],[126.75736236572266,34.490970611572266],[126.76013946533203,34.49236297607439],[126.75846862793003,34.493751525879134],[126.75986480712936,34.4970817565918],[126.76486206054699,34.49819564819336],[126.76597595214889,34.50069427490246],[126.76152801513695,34.502639770507756],[126.76069641113315,34.50680541992199],[126.76041412353516,34.51235961914074],[126.75930786132824,34.51625061035156],[126.75986480712936,34.5184707641601],[126.75875091552746,34.52430725097662],[126.76097106933594,34.52513885498058],[126.76457977294945,34.52486038208002],[126.76625061035156,34.526248931884766],[126.77041625976608,34.52680587768555],[126.77263641357422,34.525695800781364],[126.77291870117188,34.529304504394645],[126.76985931396518,34.5279159545899],[126.76847076416027,34.529304504394645],[126.76513671875034,34.53041839599615],[126.76403045654297,34.53430557250982],[126.76597595214889,34.53597259521513],[126.76486206054699,34.53958511352539],[126.76763916015648,34.54124832153332],[126.76763916015648,34.54291534423828],[126.76486206054699,34.544303894043196],[126.76597595214889,34.54735946655285],[126.76569366455078,34.549861907959155],[126.76819610595737,34.55347061157221],[126.76791381835949,34.555694580078125],[126.76541900634777,34.557640075683594],[126.76652526855469,34.55958175659174],[126.76597595214889,34.56208419799805],[126.76652526855469,34.567085266113395],[126.76652526855469,34.572639465331974],[126.76736450195358,34.57402801513672],[126.76763916015648,34.57819366455095],[126.76902770996139,34.58347320556652],[126.76902770996139,34.587917327880916],[126.7701416015625,34.58930587768566],[126.76930236816406,34.59458160400385],[126.7715301513673,34.597084045410156],[126.77124786376987,34.607917785644645],[126.76985931396518,34.60985946655279],[126.7701416015625,34.61597061157232],[126.7754135131836,34.62014007568354],[126.77708435058639,34.62014007568354],[126.77958679199253,34.622638702392635],[126.78041839599632,34.626251220703296],[126.78069305419933,34.631248474121094],[126.78263854980503,34.631805419921875],[126.7820816040039,34.62541580200195],[126.77986145019531,34.62041854858393],[126.77791595459018,34.61902618408203],[126.7790298461914,34.61208343505871],[126.77930450439453,34.60347366333008],[126.78180694580124,34.59791564941412],[126.7790298461914,34.597084045410156],[126.77791595459018,34.59458160400385],[126.78097534179722,34.58986282348644],[126.78569793701172,34.58930587768566],[126.78874969482422,34.58652877807617],[126.78986358642624,34.58041763305664],[126.78624725341842,34.57791519165039],[126.78819274902344,34.572639465331974],[126.79374694824253,34.569862365722884],[126.79541778564487,34.567359924316406],[126.79374694824253,34.564304351806754],[126.78930664062534,34.56013870239269],[126.78930664062534,34.55875015258795],[126.79235839843784,34.557640075683594],[126.79235839843784,34.55625152587908],[126.78930664062534,34.55347061157221],[126.79096984863293,34.552360534668026],[126.79235839843784,34.54791641235363],[126.79569244384766,34.546806335449276],[126.79069519043003,34.54124832153332],[126.78986358642624,34.53597259521513],[126.79152679443405,34.53374862670904],[126.79180908203125,34.5273628234865],[126.78958129882812,34.52430725097662],[126.79013824462913,34.51958465576183],[126.78874969482422,34.51819610595709],[126.78680419921898,34.51235961914074],[126.79041290283214,34.511528015136776],[126.79180908203125,34.50930404663109],[126.78902435302734,34.50736236572294],[126.79291534423874,34.50180435180681],[126.79264068603516,34.49930572509771],[126.79069519043003,34.496250152587834],[126.79319763183616,34.49486160278349],[126.79208374023438,34.49180603027344],[126.79235839843784,34.48958206176752],[126.79541778564487,34.488193511963175],[126.79680633544956,34.484859466552734],[126.79680633544956,34.479862213134936],[126.79597473144577,34.4787483215332],[126.79069519043003,34.47847366333019],[126.78652954101562,34.476249694824276],[126.78569793701172,34.46902847290039],[126.78958129882812,34.46708297729509],[126.79486083984375,34.467361450195256],[126.79930877685547,34.46875],[126.80263519287132,34.467922210693416],[126.8076400756836,34.46847152709961],[126.80791473388672,34.4662513732913],[126.80652618408237,34.46347045898443],[126.80652618408237,34.460971832275334],[126.80458068847656,34.458751678467024],[126.80458068847656,34.45624923706055],[126.80708312988281,34.45458221435541],[126.81097412109375,34.45458221435541],[126.81319427490246,34.4523620605471],[126.81541442871116,34.4523620605471],[126.81541442871116,34.450138092041016],[126.81819152832031,34.44819259643549],[126.82653045654297,34.44930648803722],[126.82847595214866,34.44763946533209],[126.83180236816418,34.44874954223644],[126.83625030517578,34.4523620605471],[126.83819580078159,34.450138092041016],[126.8420867919923,34.44763946533209],[126.84402465820335,34.44819259643549],[126.84402465820335,34.4506950378418],[126.84625244140625,34.450416564941406],[126.84625244140625,34.44819259643549],[126.85208129882812,34.44569396972679],[126.85624694824264,34.44180679321295],[126.85958099365234,34.44208145141596],[126.86235809326206,34.43930435180687],[126.86291503906295,34.43597412109381],[126.8645858764653,34.43402862548828],[126.86653137207054,34.434860229492244],[126.86708068847668,34.438194274902514],[126.8726425170903,34.43736267089872],[126.87735748291061,34.4329185485841],[126.87985992431652,34.429862976074446],[126.87985992431652,34.42763900756836],[126.88153076171875,34.42319488525396],[126.88346862793014,34.42152786254883],[126.88541412353538,34.42152786254883],[126.88541412353538,34.42791748046875],[126.88708496093795,34.429306030273494],[126.88708496093795,34.43430709838867],[126.88541412353538,34.43680572509777],[126.88236236572288,34.43930435180687],[126.88180541992233,34.443748474121094],[126.88014221191418,34.4473609924317],[126.87430572509811,34.4523620605471],[126.87069702148449,34.45402908325201],[126.87152862548828,34.45624923706055],[126.8751373291019,34.45680618286133],[126.88124847412143,34.45652770996094],[126.89152526855514,34.45652770996094],[126.89319610595749,34.459026336670036],[126.89514160156273,34.455970764160156],[126.8998641967778,34.455970764160156],[126.90152740478538,34.455139160156364],[126.91097259521507,34.45402908325201],[126.91986083984375,34.45402908325201],[126.92375183105491,34.453193664551065],[126.92597198486328,34.45152664184576],[126.92652893066406,34.44847106933588],[126.92958068847656,34.446804046631144],[126.9331970214846,34.446804046631144],[126.93541717529331,34.44791793823248],[126.9390258789067,34.44791793823248],[126.9390258789067,34.45097351074236],[126.94736480712936,34.45652770996094],[126.94596862792991,34.46069335937517],[126.94208526611362,34.461528778076286],[126.94097137451172,34.46291732788086],[126.94097137451172,34.470417022705135],[126.93875122070312,34.473194122314624],[126.93763732910202,34.47791671752941],[126.94041442871105,34.48041534423834],[126.94097137451172,34.48374938964855],[126.9393081665039,34.48875045776373],[126.93653106689476,34.49180603027344],[126.93763732910202,34.49291610717779],[126.94097137451172,34.48986053466791],[126.94208526611362,34.485694885253906],[126.94736480712936,34.48041534423834],[126.94958496093784,34.47541809082031],[126.95430755615234,34.473194122314624],[126.95375061035156,34.470417022705135],[126.95708465576217,34.46875],[126.95791625976597,34.470138549804744],[126.960975646973,34.470417022705135],[126.9679183959961,34.47763824462902],[126.97180938720714,34.47486114501953],[126.975135803223,34.47430419921898],[126.975135803223,34.470695495605526],[126.97846984863293,34.470695495605526],[126.97597503662155,34.47402954101557],[126.97597503662155,34.47569274902372],[126.97958374023438,34.4781951904298],[126.97819519043003,34.479305267333984],[126.97875213623058,34.48180389404325],[126.97791290283214,34.485416412353516],[126.97624969482422,34.488471984863565],[126.9715270996096,34.48875045776373],[126.96986389160202,34.49180603027344],[126.96708679199219,34.491249084472656],[126.96375274658203,34.49569320678728],[126.96736145019531,34.5040283203125],[126.9693069458009,34.505138397216854],[126.96763610839889,34.50791549682617],[126.96819305419945,34.50986099243164],[126.97486114501964,34.50986099243164],[126.97846984863293,34.51041793823242],[126.97708129882812,34.5140266418457],[126.9743041992192,34.5140266418457],[126.9720840454105,34.51819610595709],[126.97180175781261,34.52180480957037],[126.97347259521484,34.52291488647472],[126.9720840454105,34.52486038208002],[126.97013854980469,34.52486038208002],[126.96763610839889,34.52291488647472],[126.96263885498058,34.52513885498058],[126.9631958007817,34.5279159545899],[126.96013641357467,34.53041839599615],[126.96263885498058,34.53458404541021],[126.96819305419945,34.540695190429744],[126.97458648681663,34.54347229003923],[126.97791290283214,34.54319381713884],[126.98097229003929,34.54013824462896],[126.98874664306686,34.53958511352539],[126.98819732666027,34.543750762939396],[126.98596954345703,34.546249389648494],[126.98596954345703,34.54791641235363],[126.99013519287155,34.55347061157221],[126.98652648925815,34.555973052978686],[126.98819732666027,34.560974121093864],[126.99319458007858,34.56236267089861],[126.9973602294923,34.56236267089861],[127.0018081665039,34.557640075683594],[127.0018081665039,34.555694580078125],[127.00402832031261,34.555137634277344],[127.00541687011753,34.55708312988304],[127.00375366210972,34.56069564819347],[127.00680541992222,34.5656929016115],[127.00541687011753,34.566528320312614],[127.00541687011753,34.570415496826286],[127.00263977050781,34.570415496826286],[127.00041961669933,34.567081451416016],[126.9973602294923,34.56597137451166],[126.99569702148438,34.567359924316406],[126.98958587646518,34.567359924316406],[126.98764038085949,34.56902694702154],[126.98458099365246,34.56902694702154],[126.97958374023438,34.572917938232536],[126.98041534423874,34.57513809204107],[126.98291778564453,34.57513809204107],[126.98486328125034,34.57736206054716],[126.98819732666027,34.578750610351506],[126.99236297607422,34.58235931396496],[126.99375152587913,34.58680725097656],[126.99375152587913,34.59180450439459],[126.992919921875,34.59375],[126.99652862548828,34.596805572509766],[126.999305725098,34.59763717651373],[126.99958038330078,34.601806640625114],[126.99791717529308,34.60430526733404],[127.00291442871139,34.60486221313499],[127.00430297851562,34.6065292358399],[127.00680541992222,34.605140686035384],[127.00902557373092,34.605693817138786],[127.00846862793003,34.60874938964844],[127.00708007812511,34.60985946655279],[127.00291442871139,34.61041641235357],[126.99541473388672,34.61347198486345],[126.99375152587913,34.61513900756836],[126.9951400756836,34.617362976074276],[126.9951400756836,34.62208175659208],[126.99263763427768,34.623195648193416],[126.99124908447277,34.62208175659208],[126.98764038085949,34.62208175659208],[126.98542022705078,34.62347030639643],[126.98124694824253,34.62374877929699],[126.98041534423874,34.62458419799816],[126.97541809082043,34.62430572509777],[126.97291564941452,34.623195648193416],[126.9709701538086,34.62069320678734],[126.9662475585942,34.623195648193416],[126.96902465820324,34.62652587890631],[126.97347259521484,34.62652969360346],[126.97875213623058,34.62763977050781],[126.98652648925815,34.6279182434082],[126.98986053466797,34.626251220703296],[126.9959716796875,34.6268043518067],[127.00125122070312,34.625972747802905],[127.00624847412132,34.62458419799816],[127.01319122314464,34.62430572509777],[127.01486206054688,34.62541580200195],[127.01847076416016,34.62486267089855],[127.0209732055664,34.62763977050781],[127.02375030517578,34.62902832031256],[127.02847290039108,34.628749847412166],[127.03013610839889,34.62958526611334],[127.03291320800781,34.63430404663097],[127.03847503662132,34.63652801513683],[127.04319763183594,34.63680648803722],[127.04430389404342,34.63541793823248],[127.04708099365234,34.63541793823248],[127.0495834350586,34.63874816894537],[127.05319213867188,34.64180374145525],[127.05513763427746,34.6448593139649],[127.0562515258789,34.64819335937517],[127.06375122070335,34.652084350585994],[127.06208038330078,34.65291595458996],[127.06208038330078,34.657638549804744],[127.06735992431652,34.66347122192411],[127.07180786132812,34.66208267211937],[127.07736206054699,34.66541671752941],[127.08097076416016,34.6656951904298],[127.08680725097668,34.669860839844034],[127.09541320800804,34.6701393127442],[127.0979156494144,34.67152786254894],[127.0984725952153,34.67402648925787],[127.10041809082031,34.675971984863565],[127.10541534423862,34.67680740356451],[127.10958099365234,34.67930603027344],[127.11096954345703,34.68097305297857],[127.11013793945312,34.68541717529297],[127.11264038085938,34.68819427490246],[127.11402893066406,34.6920814514163],[127.11680603027378,34.69486236572277],[127.12875366210983,34.70319366455084],[127.13180541992233,34.701805114746094],[127.13486480712902,34.7015266418457],[127.14013671875023,34.696250915527514],[127.14263916015625,34.692916870117244],[127.15152740478516,34.69374847412121],[127.15208435058628,34.692638397216854],[127.15652465820347,34.69235992431646],[127.1587524414067,34.6915283203125],[127.16708374023483,34.6915283203125],[127.16986083984375,34.692916870117244],[127.1781921386721,34.69180679321289],[127.18514251709018,34.69458389282238],[127.18763732910179,34.69708251953148],[127.18958282470703,34.70041656494152],[127.1906967163086,34.70402908325195],[127.1943054199221,34.70569610595709],[127.19819641113293,34.70652770996105],[127.19819641113293,34.70958328247076],[127.19985961914062,34.711250305176065],[127.20041656494163,34.713748931884766],[127.20291900634766,34.71513748168951],[127.20652770996094,34.71847152709978],[127.20597076416016,34.722362518310604],[127.20903015136719,34.725139617919865],[127.20930480957065,34.727916717529354],[127.21097564697277,34.72902679443371],[127.21125030517578,34.73347091674833],[127.21013641357445,34.734027862548885],[127.20986175537155,34.73791503906256],[127.21208190917969,34.7406959533692],[127.2179183959961,34.745418548583984],[127.21930694580078,34.74791717529308],[127.22291564941429,34.7506942749024],[127.22374725341808,34.752361297607706],[127.22846984863281,34.75708389282232],[127.23236083984398,34.75847244262707],[127.23902893066418,34.75902938842802],[127.24291992187511,34.760139465331974],[127.24541473388706,34.75958251953142],[127.24541473388706,34.757106781005916],[127.24986267089889,34.75041580200201],[127.25180816650402,34.748748779296875],[127.2531967163086,34.74430465698248],[127.2531967163086,34.74180603027355],[127.25458526611351,34.73847198486351],[127.26041412353561,34.73263931274414],[127.26208496093761,34.73152923583979],[127.26486206054722,34.731803894043026],[127.26569366455124,34.73569488525402],[127.27041625976585,34.73847198486351],[127.27124786376964,34.7412490844726],[127.27569580078125,34.73958206176786],[127.27735900878918,34.74041748046881],[127.27958679199219,34.7387504577639],[127.27735900878918,34.7368049621582],[127.27847290039108,34.734027862548885],[127.28152465820358,34.734306335449276],[127.28402709960949,34.73597335815441],[127.28736114501964,34.73569488525402],[127.28986358642601,34.73041534423828],[127.29319763183605,34.731250762939624],[127.29402923583984,34.734306335449276],[127.29541778564453,34.73569488525402],[127.29541778564453,34.73930740356445],[127.29792022705078,34.743473052978516],[127.30041503906295,34.743194580078125],[127.30403137207077,34.74958419799805],[127.30819702148438,34.74986267089844],[127.30958557128918,34.752361297607706],[127.31236267089878,34.75291824340826],[127.32485961914074,34.752082824707145],[127.32736206054733,34.7506942749024],[127.32653045654297,34.742916107177734],[127.32680511474643,34.733749389648494],[127.32847595214855,34.7293052673341],[127.32875061035168,34.725692749023665],[127.33125305175804,34.72208404541021],[127.33125305175804,34.71847152709978],[127.33291625976562,34.71458435058594],[127.33458709716808,34.713195800781364],[127.34041595459007,34.713748931884766],[127.3429183959961,34.7154159545899],[127.34458160400402,34.70958328247076],[127.34152984619152,34.708473205566406],[127.33458709716808,34.708473205566406],[127.33208465576183,34.70680618286144],[127.33041381835983,34.70319366455084],[127.33041381835983,34.69985961914057],[127.32819366455112,34.696804046630916],[127.32819366455112,34.69541549682617],[127.32569122314453,34.693195343017635],[127.32763671875023,34.690139770507756],[127.32541656494152,34.68791580200207],[127.32236480712902,34.687362670898494],[127.32041931152344,34.68347167968767],[127.31791687011719,34.68236160278349],[127.31819152832054,34.68069458007818],[127.32041931152344,34.67902755737305],[127.319580078125,34.6734733581543],[127.32013702392578,34.67069625854498],[127.31375122070312,34.66458511352545],[127.31236267089878,34.66597366333019],[127.30403137207077,34.6662483215332],[127.30041503906295,34.66764068603533],[127.29680633544933,34.66819381713873],[127.29541778564453,34.666805267333984],[127.29096984863281,34.66791534423834],[127.2862472534182,34.666805267333984],[127.2859725952153,34.669860839844034],[127.28097534179699,34.67180633544933],[127.2781982421875,34.67375183105486],[127.27847290039108,34.67652893066412],[127.28013610839866,34.677917480468864],[127.28013610839866,34.681526184082145],[127.28097534179699,34.68291854858404],[127.28041839599621,34.687637329101676],[127.28569793701172,34.6920814514163],[127.28291320800827,34.693473815918026],[127.2859725952153,34.69486236572277],[127.2859725952153,34.69763946533203],[127.28402709960949,34.698749542236385],[127.28097534179699,34.698749542236385],[127.28152465820358,34.70430374145519],[127.28041839599621,34.71014022827171],[127.27735900878918,34.710971832275675],[127.27847290039108,34.7154159545899],[127.28097534179699,34.7173614501956],[127.28069305419956,34.719028472900334],[127.27735900878918,34.719581604004134],[127.27430725097668,34.719028472900334],[127.27513885498047,34.716522216796875],[127.27041625976585,34.71208190917986],[127.26513671875011,34.713470458984375],[127.26319122314453,34.716804504394645],[127.2598648071289,34.71236038208002],[127.2562484741211,34.71208190917986],[127.25458526611351,34.71041488647472],[127.25096893310547,34.71041488647472],[127.25096893310547,34.70875167846697],[127.25347137451172,34.708194732666016],[127.25430297851608,34.70569610595709],[127.25180816650402,34.70430374145519],[127.25069427490268,34.7059707641601],[127.24819183349632,34.70624923706049],[127.24764251709018,34.702362060547046],[127.24458312988327,34.70013809204113],[127.24069213867188,34.70069503784191],[127.23958587646496,34.696804046630916],[127.24180603027366,34.69486236572277],[127.24153137207077,34.6920814514163],[127.23958587646496,34.6915283203125],[127.23625183105503,34.692638397216854],[127.23847198486374,34.68875122070341],[127.24120330810558,34.68875122070341],[127.2437515258789,34.68680572509771],[127.24291992187511,34.68291854858404],[127.24153137207077,34.681526184082145],[127.23458099365234,34.6801376342774],[127.23263549804722,34.67736053466791],[127.23097229003906,34.673194885253906],[127.23069763183594,34.669860839844034],[127.22958374023472,34.66875076293968],[127.22985839843761,34.664028167724666],[127.22652435302768,34.661251068115405],[127.22875213623092,34.65958404541027],[127.2276382446289,34.657638549804744],[127.2276382446289,34.65402603149414],[127.22235870361328,34.65319442749035],[127.1979141235355,34.64819335937517],[127.1943054199221,34.64374923706055],[127.18958282470703,34.643196105957145],[127.18763732910179,34.63902664184576],[127.1859741210942,34.6381950378418],[127.1848602294923,34.634029388427734],[127.18319702148438,34.632083892822266],[127.17652893066406,34.62985992431635],[127.17485809326195,34.62736129760765],[127.17319488525436,34.62736129760765],[127.17180633544945,34.622917175293026],[127.17375183105469,34.62180709838867],[127.1729202270509,34.61819458007824],[127.17097473144565,34.61763763427746],[127.17152404785202,34.613750457763615],[127.1729202270509,34.6129150390625],[127.1729202270509,34.60985946655279],[127.17152404785202,34.60874938964844],[127.17263793945324,34.605140686035384],[127.16902923583996,34.60402679443365],[127.16791534423862,34.60152816772472],[127.17208099365246,34.59486007690424],[127.16902923583996,34.5926399230957],[127.164306640625,34.590415954589844],[127.1587524414067,34.591251373291186],[127.15791320800781,34.59236145019554],[127.15041351318371,34.59430694580084],[127.15069580078136,34.59819412231451],[127.14875030517578,34.60069274902361],[127.14736175537121,34.596248626708984],[127.14541625976597,34.59597396850597],[127.1451416015625,34.59180450439459],[127.14291381835983,34.58874893188488],[127.14569091796875,34.58708190917997],[127.14569091796875,34.584861755371264],[127.14180755615234,34.58041763305664],[127.13847351074264,34.578750610351506],[127.13486480712902,34.579029083251896],[127.13375091552757,34.57652664184582],[127.13625335693393,34.57485961914068],[127.13541412353516,34.572639465331974],[127.12930297851562,34.572917938232536],[127.12403106689499,34.56902694702154],[127.12347412109409,34.566528320312614],[127.12069702148438,34.56541824340826],[127.1201400756836,34.5631942749024],[127.11736297607467,34.5631942749024],[127.11624908447266,34.56069564819347],[127.11430358886764,34.55958175659174],[127.11486053466808,34.5531959533692],[127.11374664306675,34.54875183105497],[127.11235809326183,34.546249389648494],[127.11513519287143,34.54569625854492],[127.11902618408249,34.54208374023449],[127.12236022949219,34.540695190429744],[127.1215286254884,34.5298614501956],[127.1298599243164,34.5279159545899],[127.13375091552757,34.526527404785156],[127.13708496093773,34.523193359375284],[127.14347076416027,34.523193359375284],[127.14458465576217,34.52375030517584],[127.1540298461914,34.52458190917963],[127.16291809082043,34.52486038208002],[127.16458129882812,34.525970458984375],[127.16819763183594,34.525970458984375],[127.16902923583996,34.52208328247093],[127.17180633544945,34.520137786865234],[127.17375183105469,34.52125167846697],[127.1759719848634,34.52458190917963],[127.17375183105469,34.525695800781364],[127.17402648925815,34.5273628234865],[127.17958068847656,34.53125],[127.17958068847656,34.53458404541021],[127.1826400756836,34.535137176513786],[127.1834716796875,34.531528472900504],[127.19541931152344,34.532081604003906],[127.19958496093784,34.52708435058594],[127.19958496093784,34.52458190917963],[127.20347595214844,34.52458190917963],[127.20458221435558,34.52180480957037],[127.20764160156284,34.52152633666998],[127.20874786376953,34.520137786865234],[127.20874786376953,34.517360687255916],[127.21208190917969,34.51652908325195],[127.21125030517578,34.520137786865234],[127.20930480957065,34.520137786865234],[127.20930480957065,34.526527404785156],[127.21152496337936,34.53319549560547],[127.20874786376953,34.53319549560547],[127.20764160156284,34.537361145019474],[127.20819091796875,34.539306640625],[127.20652770996094,34.54124832153332],[127.20819091796875,34.54319381713884],[127.21069335937534,34.539306640625],[127.21125030517578,34.53708267211931],[127.21430206298828,34.53430557250982],[127.22041320800793,34.53347396850586],[127.22291564941429,34.53041839599615],[127.22597503662132,34.52875137329124],[127.22624969482433,34.52541732788097],[127.23069763183594,34.525695800781364],[127.23347473144543,34.52486038208002],[127.23291778564464,34.52208328247093],[127.23041534423874,34.51958465576183],[127.23069763183594,34.51819610595709],[127.23430633544922,34.51819610595709],[127.23902893066418,34.51708221435575],[127.2437515258789,34.514583587646655],[127.24485778808616,34.51569366455101],[127.24485778808616,34.51874923706066],[127.2437515258789,34.520694732666016],[127.24736022949219,34.52208328247093],[127.25180816650402,34.52180480957037],[127.25569152832031,34.520694732666016],[127.25736236572311,34.51902770996105],[127.2581939697269,34.51541519165045],[127.26180267333996,34.51263809204113],[127.26430511474632,34.51263809204113],[127.26985931396484,34.50986099243164],[127.27375030517601,34.505695343017635],[127.27375030517601,34.50347137451172],[127.27569580078125,34.502361297607365],[127.28097534179699,34.502361297607365],[127.28347015380871,34.4970817565918],[127.27847290039108,34.49569320678728],[127.2823638916019,34.4926376342774],[127.27375030517601,34.49319458007818],[127.27347564697266,34.48958206176752],[127.27124786376964,34.48930740356451],[127.26875305175827,34.48736190795921],[127.27014160156295,34.48458480834972],[127.26847076416016,34.48125076293945],[127.27263641357456,34.48097229003929],[127.27430725097668,34.4787483215332],[127.27680206298851,34.4787483215332],[127.27791595458996,34.4806938171389],[127.28097534179699,34.4806938171389],[127.28069305419956,34.47847366333019],[127.2859725952153,34.47735977172863],[127.29013824462902,34.47513961791992],[127.29208374023472,34.473194122314624],[127.2915267944336,34.470973968505916],[127.29902648925804,34.470695495605526],[127.30124664306675,34.469860076904354],[127.29985809326183,34.4668045043947],[127.29708099365234,34.46374893188482],[127.3023605346682,34.46374893188482],[127.30486297607456,34.46291732788086],[127.30374908447266,34.459304809570426],[127.30652618408214,34.458751678467024],[127.3090286254884,34.46263885498047],[127.3106918334961,34.46041488647478],[127.3106918334961,34.45791625976568],[127.31708526611328,34.45458221435541],[127.31680297851562,34.45375061035162],[127.3106918334961,34.45402908325201],[127.3101425170903,34.455139160156364],[127.30541992187545,34.45430374145525],[127.30569458007835,34.45208358764671],[127.30430603027344,34.45097351074236],[127.30513763427734,34.44874954223644],[127.3120803833009,34.449859619140625],[127.3143081665039,34.44791793823248],[127.3143081665039,34.44486236572283],[127.31986236572311,34.44486236572283],[127.31819152832054,34.44208145141596],[127.32707977294922,34.441249847412166],[127.33152770996105,34.44263839721691],[127.33208465576183,34.444026947021484],[127.33513641357433,34.444026947021484],[127.33875274658249,34.44597244262718],[127.34041595459007,34.44847106933588],[127.34014129638717,34.450138092041016],[127.33736419677757,34.450138092041016],[127.33708190918014,34.4523620605471],[127.33902740478516,34.45375061035162],[127.33763885498058,34.4573593139649],[127.33291625976562,34.455696105957145],[127.33291625976562,34.459026336670036],[127.32902526855514,34.45986175537138],[127.32680511474643,34.46208190917969],[127.32291412353561,34.46291732788086],[127.32013702392578,34.46041488647478],[127.3184738159182,34.461807250976676],[127.32096862792969,34.464305877685604],[127.319580078125,34.468193054199446],[127.32263946533203,34.46958160400396],[127.32707977294922,34.468193054199446],[127.32707977294922,34.4662513732913],[127.33125305175804,34.46652603149414],[127.33125305175804,34.464305877685604],[127.33763885498058,34.467361450195256],[127.33652496337925,34.470695495605526],[127.33125305175804,34.47402954101557],[127.32680511474643,34.473472595215014],[127.32569122314453,34.476249694824276],[127.33180236816418,34.47541809082031],[127.33319091796875,34.479026794433594],[127.33625030517578,34.4801406860351],[127.34180450439499,34.4801406860351],[127.33958435058628,34.48347091674799],[127.34152984619152,34.484859466552734],[127.34069824218773,34.48930740356451],[127.34375000000023,34.487640380859375],[127.34319305419967,34.48347091674799],[127.34764099121128,34.48430633544933],[127.3495864868164,34.48180389404325],[127.34708404541038,34.4801406860351],[127.34680938720749,34.47763824462902],[127.35041809082043,34.4781951904298],[127.35402679443371,34.48374938964855],[127.35430908203136,34.48680496215826],[127.35319519042991,34.488193511963175],[127.3548583984375,34.49180603027344],[127.35986328125023,34.49208450317383],[127.36291503906273,34.48958206176752],[127.36291503906273,34.488193511963175],[127.36680603027355,34.48680496215826],[127.36541748046875,34.48402786254894],[127.36763763427734,34.48125076293945],[127.37041473388717,34.4801406860351],[127.37347412109386,34.4801406860351],[127.37791442871128,34.48736190795921],[127.3798599243164,34.48736190795921],[127.37930297851597,34.48347091674799],[127.3818054199221,34.48236083984381],[127.38346862792969,34.48625183105486],[127.38735961914062,34.48374938964855],[127.39125061035202,34.488193511963175],[127.39069366455112,34.490417480468864],[127.38680267333984,34.490695953369254],[127.3870849609375,34.49347305297874],[127.38513946533226,34.49763870239258],[127.3815307617192,34.49902725219732],[127.3815307617192,34.50043869018566],[127.3781967163086,34.5040283203125],[127.3854141235355,34.50430679321289],[127.38819122314476,34.5065269470216],[127.3879165649414,34.50930404663109],[127.39125061035202,34.50986099243164],[127.39263916015625,34.50875091552729],[127.39180755615246,34.505973815918026],[127.39291381835983,34.50485992431646],[127.39819335937534,34.505138397216854],[127.40402984619186,34.50485992431646],[127.40513610839855,34.50624847412121],[127.40486145019565,34.50875091552729],[127.40819549560558,34.51291656494152],[127.4045867919923,34.5140266418457],[127.40597534179688,34.51874923706066],[127.4076385498048,34.51958465576183],[127.41402435302768,34.51958465576183],[127.4148635864259,34.520416259765625],[127.41847229003952,34.51819610595709],[127.41819763183594,34.51541519165045],[127.42208099365234,34.51374816894531],[127.42597198486374,34.51374816894531],[127.42541503906284,34.511806488037166],[127.42958068847679,34.511806488037166],[127.43096923828125,34.51291656494152],[127.43041992187534,34.51514053344721],[127.42819213867188,34.51514053344721],[127.42597198486374,34.51708221435575],[127.42263793945312,34.517360687255916],[127.42208099365234,34.51930618286144],[127.43013763427746,34.5184707641601],[127.43069458007824,34.520416259765625],[127.42624664306663,34.520694732666016],[127.42485809326172,34.523471832275675],[127.42375183105503,34.529304504394645],[127.42708587646496,34.53069305419939],[127.42736053466808,34.53430557250982],[127.42958068847679,34.537361145019474],[127.43235778808594,34.537361145019474],[127.43402862548828,34.534862518310774],[127.43597412109398,34.535137176513786],[127.43624877929699,34.537639617919865],[127.43514251709018,34.540695190429744],[127.42958068847679,34.54152679443371],[127.42708587646496,34.540973663330135],[127.42708587646496,34.54402923583979],[127.43152618408203,34.54347229003923],[127.43402862548828,34.54569625854492],[127.43819427490268,34.54819488525402],[127.43819427490268,34.549861907959155],[127.43430328369186,34.55180740356445],[127.43208312988315,34.55180740356445],[127.42763519287155,34.54791641235363],[127.42680358886753,34.55152893066406],[127.43013763427746,34.552639007568416],[127.43096923828125,34.555137634277344],[127.42680358886753,34.555137634277344],[127.42375183105503,34.552639007568416],[127.4201354980471,34.552360534668026],[127.4201354980471,34.54819488525402],[127.4179153442384,34.54791641235363],[127.4168090820317,34.5531959533692],[127.41847229003952,34.555694580078125],[127.41541290283203,34.55652618408209],[127.41319274902389,34.558471679687784],[127.40985870361328,34.555973052978686],[127.40569305419967,34.557640075683594],[127.40069580078125,34.558193206787394],[127.39986419677734,34.56041717529308],[127.39541625976574,34.55875015258795],[127.39013671875,34.55902862548834],[127.3870849609375,34.55736160278343],[127.38208007812511,34.55652618408209],[127.37625122070347,34.55430603027355],[127.3818054199221,34.560970306396484],[127.38014221191452,34.56347274780296],[127.367919921875,34.56291580200201],[127.367919921875,34.564025878906364],[127.3768081665039,34.564304351806754],[127.38097381591831,34.564861297607706],[127.3870849609375,34.564304351806754],[127.39236450195324,34.56541824340826],[127.39514160156284,34.56347274780296],[127.3979187011721,34.56347274780296],[127.39930725097656,34.56541824340826],[127.40486145019565,34.56930541992193],[127.40402984619186,34.572639465331974],[127.40708160400436,34.57513809204107],[127.4087524414067,34.57791519165039],[127.4084701538086,34.58013916015625],[127.40597534179688,34.58069610595703],[127.40374755859375,34.57819366455095],[127.40041351318405,34.57764053344755],[127.39597320556686,34.57347106933594],[127.39458465576195,34.573192596435774],[127.39458465576195,34.57764053344755],[127.39208221435581,34.581527709960994],[127.3848648071289,34.581806182861385],[127.37236022949241,34.581527709960994],[127.36875152587936,34.57986068725586],[127.36513519287143,34.57680511474621],[127.35597229003952,34.5770835876466],[127.35624694824241,34.57847213745134],[127.36458587646484,34.57819366455095],[127.36708068847656,34.57986068725586],[127.367919921875,34.58263778686535],[127.35819244384766,34.58625030517578],[127.36458587646484,34.58597183227562],[127.37152862548828,34.584583282470874],[127.37625122070347,34.58597183227562],[127.3826370239259,34.58569335937523],[127.38625335693371,34.58652877807617],[127.38819122314476,34.58902740478527],[127.39097595214844,34.58625030517578],[127.39402770996094,34.58625030517578],[127.39680480957065,34.58874893188488],[127.39485931396496,34.591251373291186],[127.39375305175815,34.59569549560558],[127.39902496337936,34.59013748168945],[127.40125274658226,34.590694427490234],[127.4084701538086,34.590694427490234],[127.4118041992192,34.58819580078131],[127.41569519042969,34.58819580078131],[127.41430664062511,34.584583282470874],[127.41819763183594,34.58263778686535],[127.42180633544922,34.58375167846708],[127.42292022705124,34.58597183227562],[127.42736053466808,34.584861755371264],[127.42763519287155,34.587917327880916],[127.43013763427746,34.587360382080135],[127.43374633789074,34.58819580078131],[127.43458557128906,34.58569335937523],[127.43319702148449,34.58235931396496],[127.43736267089889,34.581527709960994],[127.43819427490268,34.579582214355696],[127.44041442871139,34.579582214355696],[127.44430541992188,34.57680511474621],[127.44652557373058,34.57819366455095],[127.44513702392578,34.57986068725586],[127.44763946533203,34.58097076416021],[127.44875335693382,34.579303741455305],[127.45236206054722,34.58041763305664],[127.45207977294933,34.58263778686535],[127.45680236816406,34.58375167846708],[127.45680236816406,34.58652877807617],[127.45430755615234,34.58874893188488],[127.45625305175793,34.590415954589844],[127.46152496337913,34.590972900390796],[127.45986175537155,34.58874893188488],[127.46180725097668,34.58625030517578],[127.46125030517624,34.58069610595703],[127.46514129638706,34.578750610351506],[127.46875000000011,34.578750610351506],[127.47180175781261,34.57680511474621],[127.47264099121139,34.57430648803711],[127.47569274902389,34.57513809204107],[127.47652435302768,34.579303741455305],[127.4809722900394,34.57847213745134],[127.48208618164062,34.575695037841854],[127.48596954345703,34.57347106933594],[127.48819732666016,34.57374954223633],[127.48708343505882,34.5770835876466],[127.4856948852539,34.57847213745134],[127.48791503906261,34.582084655761776],[127.49180603027344,34.582084655761776],[127.4943084716798,34.58514022827143],[127.49680328369175,34.585414886474666],[127.49541473388706,34.58902740478527],[127.50375366210949,34.592918395996094],[127.5081939697269,34.59180450439459],[127.50846862792969,34.59430694580084],[127.50624847412121,34.59430694580084],[127.50624847412121,34.605415344238395],[127.49986267089866,34.61347198486345],[127.49708557128918,34.61541748046875],[127.49874877929688,34.62014007568354],[127.49680328369175,34.62041854858393],[127.49458312988327,34.625694274902344],[127.49458312988327,34.62819290161161],[127.49652862548851,34.631805419921875],[127.49346923828136,34.63430404663097],[127.49069213867222,34.63263702392584],[127.48764038085972,34.63375091552757],[127.48430633544933,34.63624954223627],[127.4812469482423,34.63513946533209],[127.47458648681652,34.63541793823248],[127.47264099121139,34.637638092041016],[127.46791839599632,34.637084960937614],[127.46375274658237,34.63958358764654],[127.46097564697266,34.640415191650504],[127.46152496337913,34.642917633056754],[127.45903015136753,34.64513778686529],[127.45930480957043,34.64764022827177],[127.46319580078125,34.649028778076115],[127.46624755859375,34.64597320556646],[127.46763610839866,34.64208221435564],[127.47013854980469,34.640972137451456],[127.47374725341797,34.640693664550895],[127.47347259521518,34.643196105957145],[127.476806640625,34.64791488647461],[127.4790267944336,34.64597320556646],[127.4840240478519,34.64402770996094],[127.48625183105503,34.6423606872558],[127.49124908447266,34.6423606872558],[127.49180603027344,34.6448593139649],[127.49013519287132,34.64791488647461],[127.48764038085972,34.649581909179915],[127.48735809326183,34.651805877685604],[127.4809722900394,34.651805877685604],[127.476806640625,34.6537513732913],[127.47374725341797,34.65430450439453],[127.47513580322277,34.6587486267091],[127.47264099121139,34.66013717651367],[127.47041320800827,34.66013717651367],[127.4695816040039,34.66208267211937],[127.47097015380882,34.663749694824276],[127.47763824462902,34.6656951904298],[127.47513580322277,34.66819381713873],[127.47791290283237,34.6701393127442],[127.47791290283237,34.67180633544933],[127.47319793701172,34.673194885253906],[127.46875000000011,34.67069625854498],[127.46375274658237,34.67041778564459],[127.46291351318405,34.669029235839844],[127.46375274658237,34.666526794433594],[127.46847534179699,34.66458511352545],[127.46624755859375,34.66236114501976],[127.46458435058616,34.66236114501976],[127.46069335937534,34.66430664062506],[127.45708465576172,34.66236114501976],[127.45680236816406,34.66847229003929],[127.45375061035156,34.66791534423834],[127.45375061035156,34.66541671752941],[127.44875335693382,34.66236114501976],[127.44513702392578,34.66208267211937],[127.44652557373058,34.66458511352545],[127.44680786132812,34.67069625854498],[127.44930267334018,34.67069625854498],[127.44763946533203,34.67402648925787],[127.44097137451172,34.6751403808596],[127.44041442871139,34.67680740356451],[127.43569183349655,34.6776390075683],[127.43430328369186,34.67458343505865],[127.42819213867188,34.67430496215826],[127.42680358886753,34.67652893066412],[127.43291473388695,34.67902755737305],[127.42903137207065,34.68069458007818],[127.42736053466808,34.683750152587834],[127.42514038085938,34.68569564819336],[127.42402648925793,34.69235992431646],[127.41874694824219,34.690692901611555],[127.4179153442384,34.693473815918026],[127.41041564941429,34.69708251953148],[127.40652465820347,34.696804046630916],[127.4076385498048,34.69985961914057],[127.40291595458984,34.70013809204113],[127.40235900878906,34.70291519165045],[127.40680694580078,34.702083587646484],[127.4076385498048,34.70458221435575],[127.40486145019565,34.704860687256144],[127.40041351318405,34.707916259765625],[127.3979187011721,34.70652770996105],[127.39569091796875,34.707359313964844],[127.39375305175815,34.70986175537132],[127.38957977294922,34.71208190917986],[127.38903045654331,34.7173614501956],[127.39125061035202,34.71763992309599],[127.39125061035202,34.7198600769043],[127.38847351074241,34.7198600769043],[127.38652801513672,34.72180557250982],[127.38402557373081,34.72180557250982],[127.38346862792969,34.72347259521496],[127.38041687011719,34.725692749023665],[127.37791442871128,34.725139617919865],[127.3798599243164,34.72902679443371],[127.37930297851597,34.733749389648494],[127.37763977050781,34.73597335815441],[127.37486267089878,34.737361907959155],[127.37319183349621,34.74180603027355],[127.3781967163086,34.74736022949213],[127.38097381591831,34.75125122070335],[127.38680267333984,34.75125122070335],[127.38986206054733,34.7526397705081],[127.39680480957065,34.75680541992193],[127.40013885498047,34.75986099243181],[127.40291595458984,34.76847076416044],[127.39541625976574,34.77293014526373],[127.39319610595703,34.77597045898432],[127.39013671875,34.77458190917997],[127.38652801513672,34.77458190917997],[127.38375091552734,34.775417327880916],[127.37124633789097,34.77763748168945],[127.37124633789097,34.77986145019554],[127.37652587890636,34.77930450439459],[127.38680267333984,34.7790260314942],[127.38680267333984,34.78263854980463],[127.38847351074241,34.78513717651373],[127.38764190673862,34.787639617920206],[127.38986206054733,34.788471221924],[127.39236450195324,34.79152679443365],[127.39597320556686,34.789859771728516],[127.39514160156284,34.79652786254883],[127.4018020629884,34.799026489257926],[127.40625,34.801807403564396],[127.41097259521518,34.801528930664006],[127.41402435302768,34.80374908447271],[127.41735839843761,34.807640075683764],[127.41735839843761,34.80902862548828],[127.42180633544922,34.80847167968773],[127.42292022705124,34.810417175293026],[127.42736053466808,34.81180572509777],[127.42597198486374,34.815971374512],[127.42292022705124,34.813194274902344],[127.4201354980471,34.81180572509777],[127.4168090820317,34.81180572509777],[127.41402435302768,34.813472747802734],[127.41152954101574,34.813472747802734],[127.40985870361328,34.816249847412394],[127.40569305419967,34.81486129760765],[127.4009704589846,34.81680679321295],[127.3979187011721,34.81680679321295],[127.39541625976574,34.8143043518067],[127.39236450195324,34.8143043518067],[127.39152526855491,34.81735992431635],[127.3870849609375,34.822639465332315],[127.3848648071289,34.822082519531364],[127.3826370239259,34.82708358764654],[127.37652587890636,34.828193664550895],[127.37541961669967,34.82958221435564],[127.36653137207065,34.830696105957145],[127.36291503906273,34.83263778686529],[127.36208343505893,34.834304809570426],[127.35847473144531,34.834304809570426],[127.35763549804733,34.83625030517595],[127.36152648925781,34.837360382080305],[127.36486053466797,34.835693359375],[127.37014007568371,34.83514022827177],[127.37319183349621,34.83625030517595],[127.37763977050781,34.83625030517595],[127.38069152832031,34.837360382080305],[127.38375091552734,34.836528778076115],[127.38652801513672,34.834304809570426],[127.3898620605471,34.828472137451286],[127.3929138183596,34.82736206054693],[127.39624786376953,34.825138092041016],[127.40374755859375,34.8256950378418],[127.40791320800781,34.82764053344732],[127.41097259521484,34.827663421630916],[127.41708374023438,34.830417633056584],[127.41708374023438,34.83291625976568],[127.42041778564464,34.83208465576172],[127.42652893066418,34.833751678466854],[127.42791748046875,34.83541488647461],[127.43291473388672,34.83541488647461],[127.43541717529297,34.84180450439453],[127.43597412109375,34.84736251831066],[127.43736267089866,34.848472595214844],[127.44180297851574,34.84791564941406],[127.43985748291027,34.84458160400402],[127.43958282470703,34.84125137329113],[127.44180297851574,34.837360382080135],[127.44708251953148,34.83597183227539],[127.44985961914062,34.83597183227539],[127.45069122314453,34.839305877685604],[127.45625305175793,34.84069442749035],[127.4615249633789,34.84069442749035],[127.46458435058594,34.84180450439453],[127.46514129638672,34.84375],[127.46708679199219,34.84458160400402],[127.47319793701172,34.84458160400402],[127.48596954345703,34.839862823486385],[127.48680877685558,34.84236145019531],[127.49124908447266,34.84458160400402],[127.49236297607433,34.84652709960949],[127.49263763427734,34.85263824462885],[127.4901351928711,34.855140686035156],[127.4901351928711,34.857639312744254],[127.49291992187511,34.857639312744254],[127.49402618408214,34.860694885253906],[127.49346923828136,34.863193511963004],[127.48958587646484,34.863471984863395],[127.49097442626964,34.86597061157232],[127.49041748046886,34.87319564819336],[127.49263763427734,34.874862670898494],[127.50013732910168,34.87402725219732],[127.50541687011719,34.87430572509771],[127.50846862792969,34.87652587890625],[127.51319122314464,34.87625122070324],[127.51513671875,34.878471374511946],[127.51708221435592,34.8790283203125],[127.51736450195312,34.8676376342774],[127.51819610595703,34.86597061157249],[127.5220870971682,34.86208343505865],[127.5220870971682,34.85874938964838],[127.52347564697266,34.85514068603533],[127.52291870117199,34.84986114501976],[127.52569580078136,34.84430694580078],[127.53125000000045,34.84125137329113],[127.53763580322288,34.84125137329113],[127.5412521362307,34.84347152709984],[127.54319763183594,34.84208297729492],[127.54291534423828,34.83791732788086],[127.54041290283249,34.837081909179915],[127.5370864868164,34.830417633056584],[127.5329208374028,34.8287467956543],[127.53069305419956,34.82624816894537],[127.52625274658214,34.82319259643572],[127.52458190918014,34.819862365722656],[127.52375030517578,34.81569290161144],[127.52430725097656,34.80902862548828],[127.52625274658214,34.80902862548828],[127.52791595458984,34.81097412109381],[127.53152465820335,34.80680465698242],[127.5359725952153,34.80708312988281],[127.5390243530278,34.80541610717785],[127.5434722900394,34.80541610717785],[127.5434722900394,34.80902862548828],[127.54569244384811,34.810138702392635],[127.54985809326172,34.80958175659208],[127.55152893066418,34.80791854858393],[127.55430603027355,34.80875015258812],[127.55735778808605,34.80708312988281],[127.56041717529308,34.80319595336914],[127.56041717529308,34.80097198486345],[127.55819702148438,34.79930496215832],[127.55819702148438,34.79680633544922],[127.56069183349643,34.79375076293974],[127.56541442871128,34.79236221313482],[127.56735992431652,34.789585113525504],[127.5670852661134,34.78541564941412],[127.56903076171909,34.78291702270519],[127.57180786132812,34.781250000000284],[127.56903076171909,34.77986145019554],[127.56180572509766,34.77958297729498],[127.55874633789062,34.77680587768566],[127.56597137451217,34.77652740478527],[127.5687484741211,34.77736282348644],[127.57208251953159,34.77375030517601],[127.57514190673862,34.768749237060604],[127.57291412353538,34.76625061035173],[127.57347106933628,34.763748168945426],[127.57152557373047,34.76152801513672],[127.57208251953159,34.75986099243181],[127.57514190673862,34.75986099243181],[127.57597351074241,34.76152801513672],[127.57958221435581,34.76124954223633],[127.58125305175781,34.76514053344755],[127.58347320556652,34.76736068725609],[127.58597564697277,34.7645835876466],[127.58875274658226,34.75902938842802],[127.59041595458984,34.75736236572271],[127.58985900878906,34.754306793213004],[127.58569335937523,34.75097274780279],[127.58736419677734,34.749027252197266],[127.58902740478527,34.7506942749024],[127.59124755859375,34.75097274780279],[127.59652709960938,34.74680709838873],[127.60013580322266,34.74652862548834],[127.6026382446289,34.74375152587908],[127.59430694580078,34.74375152587908],[127.59263610839855,34.74486160278343],[127.58847045898483,34.74486160278343],[127.58458709716797,34.746250152588175],[127.58291625976574,34.74514007568382],[127.58403015136764,34.73986053466825],[127.57819366455112,34.73902893066406],[127.57986450195324,34.73597335815441],[127.57930755615257,34.73319625854492],[127.57597351074241,34.731250762939624],[127.56819152832031,34.728473663330135],[127.56625366210938,34.72874832153332],[127.56513977050781,34.73097229003923],[127.56208038330078,34.72902679443371],[127.56430816650402,34.72652816772461],[127.56375122070347,34.72402954101591],[127.56180572509766,34.722637176513786],[127.55652618408203,34.72041702270508],[127.55513763427734,34.719028472900334],[127.55069732666038,34.719306945800895],[127.55180358886764,34.71597290039068],[127.54819488525402,34.71291732788097],[127.54875183105514,34.71041488647472],[127.55486297607433,34.711250305176065],[127.55596923828125,34.70958328247076],[127.55458068847668,34.7059707641601],[127.55569458007812,34.70458221435575],[127.55291748046875,34.7009735107423],[127.55403137207054,34.70013809204113],[127.55819702148438,34.702640533447436],[127.55819702148438,34.707359313964844],[127.56291961669967,34.70875167846697],[127.56319427490257,34.70513916015631],[127.56236267089878,34.7034721374514],[127.56513977050781,34.70069503784191],[127.56680297851597,34.70041656494152],[127.56819152832031,34.7034721374514],[127.57208251953159,34.7034721374514],[127.57319641113293,34.702083587646484],[127.57736206054733,34.7009735107423],[127.57736206054733,34.699028015136776],[127.58069610595703,34.69569396972656],[127.57986450195324,34.69430541992199],[127.57569122314499,34.69819259643583],[127.57208251953159,34.699306488037166],[127.56735992431652,34.699306488037166],[127.56291961669967,34.69847106933622],[127.56153106689499,34.69985961914057],[127.55874633789062,34.70013809204113],[127.55652618408203,34.69708251953148],[127.55680847168014,34.69513702392578],[127.55291748046875,34.69374847412121],[127.55097198486362,34.690139770507756],[127.55014038085983,34.68291473388672],[127.55236053466797,34.67902755737305],[127.55652618408203,34.67708206176775],[127.55902862548828,34.678749084472656],[127.56236267089878,34.67708206176775],[127.56180572509766,34.67152786254894],[127.55569458007812,34.67124938964838],[127.55263519287143,34.669582366943644],[127.55263519287143,34.666805267333984],[127.55097198486362,34.66597366333019],[127.55097198486362,34.66291809082031],[127.55374908447288,34.65958404541027],[127.55486297607433,34.65708160400419],[127.55735778808605,34.65708160400419],[127.55958557128906,34.658473968505916],[127.56375122070347,34.65458297729509],[127.56513977050781,34.65152740478521],[127.56680297851597,34.65069580078125],[127.56986236572288,34.64569473266607],[127.5701370239259,34.643196105957145],[127.5743026733403,34.6398620605471],[127.5743026733403,34.63569259643572],[127.57707977294922,34.63263702392584],[127.58041381835983,34.63013839721691],[127.58291625976574,34.63013839721691],[127.58291625976574,34.63236236572283],[127.58125305175781,34.63319396972662],[127.57930755615257,34.637638092041016],[127.57680511474621,34.6398620605471],[127.57680511474621,34.64263916015619],[127.57514190673862,34.6448593139649],[127.5754165649414,34.648750305175724],[127.57680511474621,34.65013885498047],[127.58041381835983,34.65152740478521],[127.58597564697277,34.65152740478521],[127.58958435058605,34.652084350585994],[127.59236145019565,34.65013885498047],[127.59708404541016,34.649028778076115],[127.60597229003952,34.64458465576172],[127.6106948852539,34.6448593139649],[127.6129150390625,34.64430618286133],[127.61763763427746,34.64014053344749],[127.62014007568405,34.63958358764654],[127.62097167968784,34.63680648803722],[127.62625122070347,34.63263702392584],[127.62430572509777,34.62958526611334],[127.62763977050815,34.62930679321295],[127.63097381591808,34.63236236572283],[127.63430786132824,34.63236236572283],[127.63597106933639,34.63069534301769],[127.6348648071289,34.6268043518067],[127.63735961914074,34.625972747802905],[127.64541625976562,34.62708282470726],[127.64597320556663,34.628749847412166],[127.64458465576172,34.631526947021484],[127.64541625976562,34.63263702392584],[127.63847351074219,34.63652801513683],[127.63430786132824,34.637638092041016],[127.6348648071289,34.64152908325201],[127.6406936645509,34.643196105957145],[127.6345825195317,34.64597320556646],[127.6406936645509,34.64597320556646],[127.64097595214844,34.64819335937517],[127.6426391601567,34.649307250976676],[127.64236450195312,34.65124893188482],[127.63903045654331,34.651805877685604],[127.6376419067384,34.648750305175724],[127.63569641113281,34.648750305175724],[127.63402557373058,34.65069580078125],[127.62985992431686,34.65097045898443],[127.6312484741211,34.65319442749035],[127.6290283203125,34.65458297729509],[127.63069152832065,34.65652847290039],[127.63402557373058,34.657638549804744],[127.63735961914074,34.65708160400419],[127.6354141235355,34.66069412231445],[127.6354141235355,34.66263961791992],[127.632080078125,34.66513824462902],[127.63375091552768,34.667362213134936],[127.632362365723,34.67097091674799],[127.6290283203125,34.672359466552734],[127.62958526611328,34.675415039062614],[127.62708282470726,34.675693511963004],[127.62513732910156,34.677917480468864],[127.62319183349655,34.675971984863565],[127.62124633789074,34.6801376342774],[127.61846923828125,34.68291473388672],[127.61985778808594,34.684028625488224],[127.62347412109375,34.68041610717779],[127.62625122070347,34.68236160278349],[127.6281967163086,34.67930603027344],[127.63069152832065,34.679367065429744],[127.6348648071289,34.68291854858404],[127.63874816894531,34.68291854858404],[127.6376419067384,34.68486022949219],[127.62985992431686,34.684028625488224],[127.62875366210938,34.68597030639654],[127.6237487792971,34.687362670898494],[127.62319183349655,34.690692901611555],[127.6245803833009,34.69235992431646],[127.62430572509777,34.69430541992199],[127.62763977050815,34.69486236572277],[127.62708282470726,34.696804046630916],[127.62291717529297,34.70041656494152],[127.61819458007824,34.7009735107423],[127.61458587646496,34.70402908325195],[127.61708068847702,34.70624923706049],[127.61402893066452,34.70708465576183],[127.61708068847702,34.70958328247076],[127.61930847167969,34.70958328247076],[127.6206970214846,34.707359313964844],[127.62264251708984,34.708194732666016],[127.62264251708984,34.716526031494254],[127.62735748291027,34.71847152709978],[127.62847137451217,34.71597290039068],[127.62735748291027,34.713195800781364],[127.62763977050815,34.710971832275675],[127.63430786132824,34.710693359375114],[127.63957977294945,34.7054176330567],[127.6426391601567,34.70708465576183],[127.6426391601567,34.71014022827171],[127.63735961914074,34.71597290039068],[127.63513946533203,34.719028472900334],[127.63957977294945,34.71847152709978],[127.64125061035202,34.726806640625],[127.64680480957043,34.73208236694359],[127.64847564697266,34.7362518310548],[127.65152740478516,34.737640380859546],[127.65041351318405,34.73930740356445],[127.65069580078125,34.74180603027355],[127.65402984619186,34.74569320678722],[127.65902709960949,34.74569320678722],[127.65847015380905,34.74986267089844],[127.65597534179699,34.75041580200201],[127.65736389160156,34.754859924316406],[127.66180419921898,34.75652694702154],[127.66180419921898,34.751804351806754],[127.66263580322277,34.75041580200201],[127.6673583984375,34.74819564819347],[127.67152404785179,34.748748779296875],[127.6762466430664,34.74569320678722],[127.67514038085972,34.743194580078125],[127.67708587646484,34.74152755737316],[127.68096923828148,34.74097061157221],[127.68235778808594,34.73847198486351],[127.67847442626964,34.7368049621582],[127.67819213867222,34.734584808349666],[127.68235778808594,34.73208236694359],[127.68569183349655,34.73347091674833],[127.68875122070358,34.73208236694359],[127.6923599243164,34.7293052673341],[127.69680786132858,34.72708511352539],[127.6987533569336,34.72402954101591],[127.70041656494152,34.72347259521496],[127.69819641113281,34.72041702270508],[127.70236206054722,34.72069549560547],[127.70513916015625,34.72013854980469],[127.70903015136753,34.72319412231457],[127.71347045898472,34.72319412231457],[127.72180175781295,34.725418090820256],[127.72597503662121,34.72874832153332],[127.7318038940432,34.728473663330135],[127.73319244384811,34.72986221313488],[127.73263549804699,34.73319625854492],[127.7345809936528,34.73819351196295],[127.73958587646484,34.737083435058594],[127.7479171752932,34.7368049621582],[127.75125122070335,34.73569488525402],[127.75263977050827,34.737640380859546],[127.75569152832077,34.73819351196295],[127.7576370239259,34.743473052978516],[127.75263977050827,34.74375152587908],[127.74986267089844,34.74652862548834],[127.74930572509766,34.749305725097656],[127.75347137451206,34.75374984741205],[127.74986267089844,34.75541687011719],[127.74986267089844,34.758193969726676],[127.75402832031295,34.76319885253923],[127.75347137451206,34.76569366455078],[127.75152587890636,34.76597213745134],[127.7509689331057,34.77013778686535],[127.74514007568393,34.775417327880916],[127.74569702148449,34.7790260314942],[127.74764251708984,34.78069305419933],[127.7509689331057,34.780418395996094],[127.75125122070335,34.78180694580084],[127.75402832031295,34.78486251831055],[127.75597381591797,34.78486251831055],[127.75708007812545,34.789859771728516],[127.75569152832077,34.79236221313482],[127.7562484741211,34.79652786254883],[127.76013946533249,34.80097198486345],[127.76430511474621,34.80097198486345],[127.7668075561528,34.79958343505871],[127.76902770996094,34.80014038085966],[127.7698593139653,34.804862976074276],[127.76902770996094,34.807361602783374],[127.76652526855469,34.808193206787166],[127.76819610595703,34.81180572509777],[127.77041625976574,34.81402587890631],[127.76736450195324,34.81763839721674],[127.7693023681644,34.82013702392584],[127.77291870117233,34.819583892822266],[127.77458190918014,34.82097244262701],[127.77402496337902,34.82291793823248],[127.7693023681644,34.822639465332315],[127.76763916015659,34.82430648803722],[127.76875305175781,34.82597351074219],[127.76819610595703,34.8323593139649],[127.77458190918014,34.837360382080305],[127.77541351318393,34.84402847290039],[127.78263854980514,34.84375000000023],[127.78291320800804,34.84486007690458],[127.77541351318393,34.845138549804744],[127.77541351318393,34.84791564941406],[127.77236175537143,34.85263824462885],[127.77597045898483,34.85208511352545],[127.77625274658203,34.8537483215332],[127.77986145019554,34.85347366333019],[127.77847290039062,34.857639312744425],[127.77625274658203,34.857639312744425],[127.77291870117233,34.86152648925787],[127.77097320556652,34.86180496215826],[127.76875305175781,34.86430740356451],[127.76541900634811,34.86486053466814],[127.75930786132812,34.86486053466814],[127.75653076171909,34.863193511963004],[127.7531967163086,34.86236190795904],[127.75208282470714,34.860137939453125],[127.74402618408203,34.85847091674822],[127.74263763427734,34.857360839844034],[127.74375152587925,34.85097122192411],[127.74041748046875,34.85235977172846],[127.73764038085972,34.854583740234375],[127.73319244384811,34.854862213134766],[127.73208618164085,34.85291671752941],[127.72736358642578,34.854305267333984],[127.72513580322266,34.85708236694347],[127.72597503662121,34.85902786254877],[127.73124694824219,34.8609733581543],[127.72736358642578,34.86402893066435],[127.72624969482456,34.86208343505865],[127.72347259521496,34.860694885253906],[127.72180175781295,34.857639312744425],[127.71847534179688,34.85874938964838],[127.71208190918003,34.85874938964838],[127.7084732055664,34.85930633544933],[127.7040252685548,34.85902786254877],[127.70153045654342,34.85625076293968],[127.69930267334018,34.85930633544933],[127.69486236572277,34.86402893066435],[127.69430541992199,34.85819625854498],[127.69763946533237,34.85652923584007],[127.70041656494152,34.8537483215332],[127.69819641113281,34.848751068115405],[127.69541931152389,34.84458160400419],[127.69374847412132,34.84375000000023],[127.69069671630882,34.84041595458996],[127.68680572509766,34.83874893188482],[127.68541717529297,34.84013748168957],[127.68125152587913,34.83763885498047],[127.67847442626964,34.83819580078125],[127.67458343505882,34.83291625976568],[127.67041778564453,34.82958221435564],[127.66319274902389,34.824584960937614],[127.65763854980469,34.82597351074219],[127.65374755859375,34.82958221435564],[127.64902496337913,34.830970764160384],[127.64597320556663,34.830970764160384],[127.64819335937534,34.827915191650504],[127.64375305175793,34.828193664550895],[127.64375305175793,34.83208465576172],[127.6393051147461,34.83180618286133],[127.63874816894531,34.82930374145508],[127.63903045654331,34.822082519531364],[127.63680267334018,34.82291793823248],[127.62930297851597,34.828472137451286],[127.6290283203125,34.830970764160384],[127.62680816650436,34.83458328247082],[127.62708282470726,34.83902740478521],[127.63263702392578,34.83874893188482],[127.63597106933639,34.839305877685604],[127.63513946533203,34.84125137329113],[127.63680267334018,34.84402847290039],[127.63652801513695,34.84624862670893],[127.63180541992188,34.845138549804744],[127.62958526611328,34.84680557250988],[127.62763977050815,34.84430694580078],[127.62097167968784,34.84486007690458],[127.61819458007824,34.84819412231445],[127.61763763427746,34.85013961792015],[127.61208343505871,34.85235977172846],[127.61013793945312,34.85013961792015],[127.60624694824219,34.85208511352545],[127.60346984863281,34.854862213134766],[127.6023635864259,34.85708236694347],[127.60485839843761,34.859859466552734],[127.60346984863281,34.86125183105469],[127.6009750366211,34.8609733581543],[127.59764099121128,34.86597061157249],[127.59541320800815,34.86680603027344],[127.59041595458984,34.87263870239258],[127.59041595458984,34.87708282470703],[127.59124755859375,34.87985992431669],[127.58985900878906,34.884304046630916],[127.58458709716797,34.88874816894531],[127.58180236816452,34.889583587646484],[127.5743026733403,34.889305114746094],[127.57653045654297,34.89236068725597],[127.57653045654297,34.89402770996088],[127.58069610595703,34.89458465576183],[127.58458709716797,34.890140533447266],[127.58680725097656,34.890140533447266],[127.58875274658203,34.89236068725597],[127.59097290039074,34.89208221435558],[127.5920867919923,34.889862060546875],[127.59152984619152,34.88763809204096],[127.59625244140636,34.88791656494152],[127.59152984619152,34.8929176330567],[127.5920867919923,34.89458465576183],[127.5951385498048,34.89652633666998],[127.59847259521484,34.8962516784668],[127.59735870361328,34.89125061035162],[127.59986114501976,34.88735961914057],[127.6040267944336,34.886806488037166],[127.60485839843761,34.8884735107423],[127.60319519042969,34.890140533447266],[127.60346984863281,34.895973205566406],[127.59902954101562,34.89736175537115],[127.59874725341808,34.898750305175895],[127.60375213623058,34.901527404785156],[127.61208343505871,34.89319610595709],[127.6129150390625,34.89430618286144],[127.60485839843761,34.90180587768555],[127.6054153442384,34.90347290039068],[127.60124969482433,34.90763854980469],[127.59902954101562,34.91069412231457],[127.59236145019531,34.91764068603527],[127.59041595458984,34.91875076293945],[127.58319091796875,34.919029235839844],[127.58152770996094,34.91847229003906],[127.5781936645509,34.91986083984381],[127.57875061035202,34.92263793945307],[127.58347320556652,34.92680740356445],[127.58597564697277,34.925140380859546],[127.59208679199241,34.924861907958984],[127.59902954101597,34.92597198486334],[127.5995864868164,34.92986297607433],[127.5995864868164,34.936527252197266],[127.60180664062511,34.9381942749024],[127.60346984863281,34.94152832031244],[127.60346984863281,34.94374847412115],[127.5995864868164,34.94625091552746],[127.5995864868164,34.95180511474621],[127.6054153442384,34.94902801513672],[127.60791778564476,34.94625091552746],[127.60652923583984,34.94208145141624],[127.60708618164062,34.939304351806754],[127.6051406860355,34.93791580200201],[127.6045837402346,34.93208312988287],[127.6051406860355,34.92736053466825],[127.60708618164062,34.9237518310548],[127.61152648925793,34.92097091674833],[127.61347198486362,34.92097091674833],[127.61430358886741,34.918750762939624],[127.61430358886741,34.9148597717288],[127.61541748046875,34.913471221924055],[127.61875152587936,34.915695190429744],[127.61902618408203,34.913192749023494],[127.6206970214846,34.910415649414176],[127.62236022949219,34.910415649414176],[127.62291717529297,34.907360076904524],[127.62236022949219,34.90513992309599],[127.62541961669967,34.90513992309599],[127.62763977050815,34.90625000000017],[127.6312484741211,34.90513992309599],[127.63402557373058,34.90763854980469],[127.6429138183596,34.90763854980469],[127.6429138183596,34.906528472900334],[127.63708496093761,34.90513992309599],[127.62403106689476,34.9029159545899],[127.62403106689476,34.901527404785156],[127.63597106933639,34.889862060546875],[127.63291931152389,34.89430618286144],[127.62625122070347,34.901527404785156],[127.62791442871105,34.90347290039068],[127.6334686279298,34.90347290039068],[127.63652801513695,34.904026031494254],[127.63903045654331,34.90263748168951],[127.64819335937534,34.892639160156534],[127.65069580078125,34.892639160156534],[127.66097259521518,34.898750305176065],[127.66152954101608,34.90013885498041],[127.65985870361328,34.90319442749029],[127.66208648681663,34.904582977295036],[127.6656951904298,34.904582977295036],[127.6673583984375,34.90597152709978],[127.67097473144531,34.907081604004134],[127.67124938964889,34.90513992309599],[127.67346954345703,34.904861450195426],[127.68041992187534,34.90902709960943],[127.68208312988293,34.90902709960943],[127.68958282470737,34.91402816772461],[127.69264221191406,34.91458511352539],[127.69347381591797,34.9168052673341],[127.68846893310547,34.92597198486334],[127.69041442871116,34.92680740356445],[127.69041442871116,34.92930603027355],[127.69374847412132,34.92902755737299],[127.69680786132858,34.92986297607433],[127.6995849609375,34.92958450317394],[127.6995849609375,34.93208312988287],[127.70207977294922,34.934028625488565],[127.70263671875,34.93569564819347],[127.70513916015625,34.93763732910162],[127.70764160156261,34.93736267089844],[127.70930480957031,34.93569564819347],[127.71180725097656,34.935974121093864],[127.71236419677734,34.939025878906364],[127.71458435058594,34.94069290161133],[127.71402740478516,34.94374847412115],[127.71819305419956,34.94625091552746],[127.71958160400425,34.948192596435604],[127.72264099121116,34.948192596435604],[127.72541809082077,34.94930648803711],[127.72624969482456,34.95152664184582],[127.73069763183594,34.954303741455135],[127.73124694824219,34.95597076416044],[127.73041534423828,34.960414886474666],[127.72846984863327,34.96486282348644],[127.72736358642578,34.965415954589844],[127.72597503662121,34.974861145019645],[127.72708129882858,34.980415344238395],[127.72264099121116,34.98541641235357],[127.72208404541016,34.9879150390625],[127.72291564941418,34.991527557373104],[127.72597503662121,34.9873619079591],[127.72958374023449,34.98402786254883],[127.73236083984409,34.983470916748274],[127.73374938964844,34.97986221313482],[127.73208618164085,34.97735977172874],[127.73208618164085,34.9734725952149],[127.73319244384811,34.96708297729498],[127.7318038940432,34.9620819091798],[127.73347473144531,34.960414886474666],[127.73430633544922,34.956527709960994],[127.73764038085972,34.95597076416044],[127.7401351928711,34.956806182861385],[127.74402618408203,34.9595832824707],[127.74930572509766,34.96125030517601],[127.75291442871094,34.96125030517601],[127.75541687011719,34.962917327880916],[127.75736236572288,34.96736145019537],[127.76013946533249,34.97097396850597],[127.76569366455078,34.97097396850597],[127.7662506103519,34.968750000000284],[127.76902770996094,34.96791839599632],[127.77134704589855,34.965415954589844],[127.77542114257812,34.97482299804693],[127.77911376953125,34.981140136719034],[127.78710937500023,34.98272705078119],[127.79229736328125,34.986602783203125],[127.7908935546875,34.99359130859369],[127.78704071044956,35.00136947631836],[127.78350830078125,35.007507324218864],[127.78112792968784,35.0126953125],[127.777587890625,35.01859664916998],[127.77410888671875,35.02587890625],[127.76840209960972,35.03359985351591],[127.7633056640625,35.03692626953125],[127.75320434570312,35.039916992187614],[127.73989868164074,35.048004150390625],[127.73339843750011,35.054016113281364],[127.71795654296886,35.074127197265625],[127.71548461914074,35.08618164062523],[127.70892333984375,35.09631347656256],[127.69952392578125,35.11328125000006],[127.69039916992222,35.11978149414068],[127.67572021484398,35.12188720703131],[127.67047119140636,35.12890625000023],[127.66149902343761,35.13690185546875],[127.65780639648438,35.143493652343864],[127.6534423828125,35.15370559692394],[127.65188598632812,35.16799926757818],[127.64920043945312,35.175903320312614],[127.64147949218761,35.181884765625],[127.64353942871116,35.1955184936524],[127.64028930664062,35.20520019531273],[127.64019775390625,35.21578979492199],[127.63592529296886,35.225097656250114],[127.63427734375,35.23089599609375],[127.63092041015625,35.238525390625],[127.62969970703125,35.24468994140631],[127.62481689453125,35.25268554687506],[127.6173095703125,35.254882812500114],[127.61033630371094,35.25994873046881],[127.61711883544922,35.26969146728521],[127.6301879882817,35.2825927734375],[127.63769531250011,35.28649902343756],[127.64129638671886,35.29107666015631],[127.64288330078125,35.30151367187523],[127.64450073242233,35.3079833984375],[127.6488037109375,35.316284179687614],[127.64131164550793,35.33680725097662],[127.64129638671886,35.345092773437614],[127.64520263671875,35.35171508789068],[127.651123046875,35.353881835937614],[127.66726684570324,35.356307983398494],[127.6759033203125,35.357116699218864],[127.68109130859375,35.35980224609369],[127.68649291992199,35.364013671875],[127.69030761718761,35.3720703125],[127.69479370117188,35.37960815429699],[127.69479370117188,35.38739013671881],[127.69110107421886,35.39569091796875],[127.6884765625,35.40249633789074],[127.6785888671875,35.42092895507818],[127.67330932617199,35.433074951171875],[127.66528320312523,35.44772338867199],[127.65979003906261,35.46002197265631],[127.65267944335938,35.4727783203125],[127.64971923828136,35.479919433593864],[127.6465072631836,35.4901962280274],[127.63662719726562,35.51000976562506],[127.62930297851574,35.52789306640625],[127.62908935546886,35.53509521484369],[127.63519287109386,35.54269409179699],[127.64089965820324,35.54901123046869],[127.64410400390625,35.5565185546875],[127.66339111328136,35.57861328125],[127.67031860351574,35.58709716796881],[127.67599487304699,35.595977783203125],[127.6768798828125,35.603515625000114],[127.67584228515636,35.61001586914074],[127.67221069335949,35.61929321289068],[127.6697998046875,35.63229370117193],[127.66619873046875,35.64239501953131],[127.66888427734375,35.650085449218864],[127.67510223388672,35.65879440307617],[127.68231201171886,35.66528320312506],[127.69000244140625,35.66790771484375],[127.69470214843761,35.67230224609381],[127.69760131835938,35.69149780273432],[127.69512939453125,35.70068359375],[127.6925048828125,35.71710205078125],[127.69949340820324,35.72579956054699],[127.70318603515625,35.737091064453125],[127.70867919921875,35.74267578125],[127.71649169921875,35.751708984375114],[127.7225036621096,35.75360107421881],[127.73052978515636,35.75451660156256],[127.73687744140636,35.75732421875],[127.74432373046886,35.762390136718864],[127.75390625,35.76690673828131],[127.76148986816418,35.7742919921875],[127.76348876953125,35.78372192382818],[127.76470947265636,35.79931640625],[127.771484375,35.809326171875114],[127.77635192871105,35.81466674804699],[127.78741455078136,35.812194824218864],[127.79809570312511,35.80868530273443],[127.80615234375,35.809814453125],[127.81759643554688,35.81698608398449],[127.82452392578125,35.81951904296875],[127.8328857421875,35.82470703125006],[127.83850097656261,35.82260131835943],[127.85131835937511,35.82128906250006],[127.85848999023438,35.82339477539068],[127.8651123046875,35.8267555236817],[127.8748779296875,35.839111328125114],[127.88232421875,35.84588623046881],[127.88787841796898,35.85272216796875],[127.89608764648449,35.856903076171875],[127.90480041503906,35.86059570312506],[127.91131591796875,35.86529541015625],[127.91529083251953,35.871986389160156],[127.91342163085938,35.88272094726568],[127.9114990234375,35.89752197265625],[127.91250610351574,35.903198242187614],[127.914306640625,35.909912109375],[127.91879272460949,35.934906005859375],[127.91851806640625,35.94110107421881],[127.913330078125,35.947509765625],[127.90599060058616,35.959762573242244],[127.89801025390636,35.96951293945318],[127.89251708984386,35.978515625000114],[127.88348388671898,35.9957275390625],[127.87928771972679,36.002128601074276],[127.86657714843761,35.999755859375],[127.85809326171875,35.99652099609375],[127.84988403320312,35.99609374999994],[127.84191894531261,35.99810791015631],[127.83468627929699,36.004821777343864],[127.826416015625,36.00650024414068],[127.81561279296886,36.00228881835943],[127.80389404296875,35.997009277343864],[127.79449462890625,35.99310302734375],[127.7880859375,35.99212646484375],[127.75714874267578,35.991699218750114],[127.75100708007812,35.9967041015625],[127.73480224609375,36.004272460937614],[127.72369384765636,36.005004882812614],[127.68707275390636,36.004089355468864],[127.67410278320324,36.004821777343864],[127.66259765625,36.02007293701183],[127.65394592285156,36.02401733398443],[127.64891815185558,36.01969146728527],[127.648681640625,36.01312255859375],[127.64758300781261,35.998901367187614],[127.64346313476562,35.9888916015625],[127.63571166992188,35.9827880859375],[127.62408447265648,35.97827148437506],[127.61487579345703,35.973602294921875],[127.58428955078136,35.97308349609375],[127.56250000000011,35.97308349609375],[127.55029296875011,35.97569274902338],[127.54547119140625,35.98510742187506],[127.53738403320312,36.001586914062614],[127.53009033203136,36.00198364257824],[127.5164794921875,35.9967041015625],[127.50830078125,35.994323730468864],[127.4998779296875,35.9923095703125],[127.47229003906261,35.98907470703125],[127.46359252929688,35.989288330078125],[127.45590209960949,35.99142456054693],[127.44873046875,35.996276855468864],[127.44193267822288,36.00134277343756],[127.4329605102539,36.00449752807623],[127.41838836669922,36.00890731811529],[127.40789794921875,36.01287841796869],[127.38980102539097,36.02084350585966],[127.37231445312545,36.05987548828148],[127.36749267578148,36.06707763671875],[127.35528564453148,36.081115722656534],[127.34832763671886,36.08831787109381],[127.34167480468784,36.09613037109381],[127.334716796875,36.10369873046875],[127.326904296875,36.11291503906256],[127.31561279296875,36.12368774414074],[127.30648803710938,36.12807464599621],[127.29634094238281,36.1265106201173],[127.2860107421875,36.12197875976557],[127.27691650390625,36.11712646484381],[127.26879882812545,36.11471557617199],[127.26391601562534,36.11169433593767],[127.256103515625,36.11007690429693],[127.24050903320312,36.1044921875],[127.22698974609386,36.089202880859375],[127.22131347656295,36.08850097656256],[127.21520996093795,36.089599609375],[127.2080078125,36.095703125],[127.20010375976574,36.09729003906256],[127.19348144531284,36.09649658203148],[127.18600463867199,36.092071533203125],[127.17810058593773,36.08831787109381],[127.16333770751987,36.08690261840826],[127.15509033203136,36.0801544189456],[127.14538574218773,36.07748413085966],[127.132080078125,36.08020401000982],[127.1292724609375,36.07208251953131],[127.12618255615234,36.06727600097656],[127.11767578125,36.06787109375],[127.0950927734375,36.06811523437506],[127.08758544921886,36.06842041015625],[127.0770263671875,36.07189941406256],[127.06372833251964,36.073493957519645],[127.05072021484375,36.07891845703125],[127.04830932617199,36.09140014648443],[127.04248046875,36.10711669921875],[127.03848266601562,36.11590576171875],[127.03138732910156,36.129970550537166],[127.02569580078125,36.13388061523443],[127.01892089843761,36.13507080078131],[127.00610351562523,36.134796142578125],[126.99548339843761,36.139099121093864],[126.98716735839844,36.146007537841854],[126.97268676757812,36.14828491210949],[126.965087890625,36.14990234375006],[126.94909667968761,36.15841674804682],[126.94128417968761,36.15969848632824],[126.93231201171886,36.15600585937506],[126.92318725585949,36.1492919921875],[126.91012573242188,36.14401245117193],[126.89431762695312,36.14480590820318],[126.88694763183605,36.14118194580084],[126.88189697265625,36.135314941406364],[126.87588500976574,36.12655639648432],[126.8726806640625,36.11730957031256],[126.8651809692384,36.08754730224615],[126.87347412109375,36.085876464843864],[126.8634033203125,36.06838989257807],[126.85739135742233,36.0625],[126.84490966796875,36.056518554687614],[126.8380737304692,36.05511474609398],[126.82339477539074,36.04904174804693],[126.814208984375,36.03710937499994],[126.80749511718773,36.03570556640631],[126.78228759765625,36.036682128906364],[126.77001953125023,36.02929687500017],[126.75240325927734,36.02577972412115],[126.741249084473,36.01807022094755]]]},"properties":{"REGION":"호남"}}
]}